time,x1,y1,x2,y2,theta1,theta2,L1,L2,normalized_overlap,energy,total_angular_momentum
0.0,-3.0,-0.45,3.0,0.45,0.25,-0.3,0.0,0.0,1.4875354435009646e-05,1.4402324902779926,1.08
0.008,-2.9904000264822144,-0.4500000102569049,2.9904000264822144,0.4500000102569049,0.24999998110810326,-0.30000008595513766,-1.911812624631048e-06,-7.599557603186941e-06,1.5902875587212697e-05,1.4402324902779926,1.0799999999999998
0.016,-2.980800108232425,-0.45000004196793886,2.980800108232425,0.45000004196793886,0.24999992259162765,-0.3000003511023914,-3.96402503323123e-06,-1.568400914980227e-05,1.6997706042517708e-05,1.4402324902779928,1.0799999999999998
0.024,-2.971200248865368,-0.45000009661275114,2.971200248865368,0.45000009661275114,0.24999982154654626,-0.3000008068531467,-6.166341644508533e-06,-2.428232270620188e-05,1.816398999263282e-05,1.440232490277993,1.0800000000000005
0.032,-2.9616004522180113,-0.45000017576776036,2.9616004522180113,0.45000017576776036,0.24999967486854643,-0.30000146529902,-8.529092659340107e-06,-3.342506339042626e-05,1.9406108330974508e-05,1.440232490277993,1.0800000000000003
0.04,-2.9520007223622384,-0.45000028111210294,2.9520007223622384,0.45000028111210294,0.2499994792401456,-0.30000233924926395,-1.1063271213637407e-05,-4.31444727484246e-05,2.0728690931865895e-05,1.440232490277993,1.0800000000000003
0.048,-2.9424010636181874,-0.45000041443392064,2.9424010636181874,0.45000041443392064,0.24999923111704467,-0.30000344227002507,-1.3780572519528083e-05,-5.3474551534249745e-05,2.2136629485622173e-05,1.4402324902779928,1.08
0.056,-2.932801480568277,-0.45000057763700513,2.932801480568277,0.45000057763700513,0.24999892671367782,-0.3000047887255336,-1.6693435087183882e-05,-6.445114600731622e-05,2.3635090909410055e-05,1.4402324902779928,1.0800000000000003
0.064,-2.923201978071958,-0.45000077274781747,2.923201978071958,0.45000077274781747,0.2499985619879163,-0.30000639382130734,-1.981508412303784e-05,-7.611203786154407e-05,2.5229531354119333e-05,1.4402324902779933,1.08
0.07200000000000001,-2.9136025612812055,-0.4500010019229027,2.9136025612812055,0.4500010019229027,0.24999813262488152,-0.3000082736494535,-2.3159577203633258e-05,-8.84970379028175e-05,2.6925710827812512e-05,1.440232490277993,1.0800000000000003
0.08,-2.904003235656811,-0.4500012674567183,2.904003235656811,0.4500012674567183,0.24999763401982134,-0.30001044523615544,-2.6741852327902077e-05,-0.0001016480835926712,2.872970845661486e-05,1.440232490277993,1.0800000000000003
0.088,-2.8944040069854786,-0.45000157178989864,2.8944040069854786,0.45000157178989864,0.24999706126000035,-0.300012926591435,-3.05777784543122e-05,-0.00011560934057743129,3.0647938404181983e-05,1.4402324902779926,1.08
0.096,-2.88480488139779,-0.45000191751797636,2.88480488139779,0.45000191751797636,0.24999640910555385,-0.30001573676128146,-3.46842086330247e-05,-0.00013042730832321845,3.26871664711089e-05,1.4402324902779933,1.0800000000000003
0.10400000000000001,-2.87520586538705,-0.4500023074005846,2.87520586538705,0.4500023074005846,0.24999567196925218,-0.3000188958822434,-3.907903584696847e-05,-0.00014615092997819284,3.4854527395850904e-05,1.4402324902779933,1.08
0.112,-2.8656069658290746,-0.4500027443711627,2.8656069658290746,0.4500027443711627,0.24999484389512028,-0.3000224252385814,-4.378125167957852e-05,-0.0001628317065842307,3.715754287886718e-05,1.4402324902779926,1.0799999999999998
0.12,-2.856008190002938,-0.450003231547191,2.856008190002938,0.450003231547191,0.24999391853585434,-0.3000263473220816,-4.8811007930829995e-05,-0.00018052381576076805,3.96041403518168e-05,1.440232490277993,1.0799999999999998
0.128,-2.846409545612737,-0.4500037722409803,2.846409545612737,0.4500037722409803,0.24999288912897608,-0.300030685894635,-5.4189681307155914e-05,-0.00019928423498392092,4.220267251367534e-05,1.4402324902779928,1.08
0.136,-2.8368110408104075,-0.4500043699710433,2.8368110408104075,0.4500043699710433,0.2499917484716609,-0.3000354660536875,-5.9939941314834724e-05,-0.00021917286958406226,4.496193765564526e-05,1.440232490277993,1.08
0.14400000000000002,-2.8272126842196332,-0.4500050284740752,2.8272126842196332,0.4500050284740752,0.24999048889417533,-0.30004071430067164,-6.608582149048321e-05,-0.00024025268558484735,4.789120079665237e-05,1.4402324902779933,1.0800000000000003
0.152,-2.817614484960901,-0.45000575171757395,2.817614484960901,0.45000575171757395,0.24998910223185536,-0.30004645861253,-7.265279410639747e-05,-0.0002625898475062203,5.100021565108673e-05,1.440232490277993,1.08
0.16,-2.808016452677738,-0.4500065439131294,2.808016452677738,0.4500065439131294,0.24998757979555453,-0.3000527285164474,-7.966784849259314e-05,-0.0002862538612530807,5.429924745022057e-05,1.4402324902779935,1.08
0.168,-2.798418597564185,-0.4500074095304136,2.798418597564185,0.4500074095304136,0.2499859123404884,-0.30005955516790767,-8.715957312159761e-05,-0.00031131772221020427,5.779909663843503e-05,1.4402324902779933,1.08
0.176,-2.788820930393554,-0.4500083533119049,2.788820930393554,0.4500083533119049,0.24998409003339836,-0.30006697143219635,-9.515824160621228e-05,-0.0003378580686624308,6.151112346498897e-05,1.4402324902779933,1.0800000000000003
0.184,-2.7792234625485137,-0.45000938028838,2.7792234625485137,0.45000938028838,0.249982102417955,-0.3000750119694721,-0.00010369590276470262,-0.0003659553406572576,6.544727349156654e-05,1.4402324902779935,1.0800000000000003
0.192,-2.769626206052563,-0.4500104957952093,2.769626206052563,0.4500104957952093,0.24997993837831842,-0.3000837133235325,-0.00011280647491208453,-0.00039569394442458045,6.962010403523357e-05,1.4402324902779937,1.0800000000000003
0.2,-2.7600291736029416,-0.4500117054894927,2.7600291736029416,0.4500117054894927,0.24997758610076884,-0.3000931140144025,-0.0001225258445404467,-0.00042716242246558685,7.404281156570472e-05,1.4402324902779935,1.08
0.20800000000000002,-2.750432378605026,-0.45001301536807375,2.750432378605026,0.45001301536807375,0.24997503303331842,-0.30010325463487675,-0.0001328919695554596,-0.0004604536294194501,7.872926007497913e-05,1.4402324902779937,1.0800000000000005
0.216,-2.7408358352082773,-0.45001443178647127,2.7408358352082773,0.45001443178647127,0.24997226584321142,-0.3001141779511486,-0.0001439449872404688,-0.0004956649138126849,8.369401043639483e-05,1.4402324902779935,1.0800000000000003
0.224,-2.731239558343787,-0.450015961478771,2.731239558343787,0.450015961478771,0.24996927037221625,-0.3001259290076613,-0.00015572732712378748,-0.0005328983057916679,8.895235076902815e-05,1.4402324902779942,1.0800000000000005
0.232,-2.7216435637634855,-0.4500176115785175,2.7216435637634855,0.4500176115785175,0.2499660315896098,-0.30013855523632005,-0.0001682838289290004,-0.0005722607109338411,9.452032782205276e-05,1.4402324902779937,1.0800000000000005
0.24,-2.7120478680810662,-0.45001938964065297,2.7120478680810662,0.45001938964065297,0.24996253354275014,-0.30015210657020397,-0.00018166186579222194,-0.0006138641102275502,0.00010041477939219346,1.4402324902779937,1.0800000000000003
0.248,-2.7024524888146937,-0.450021303664546,2.7024524888146937,0.450021303664546,0.24995875930513087,-0.30016663556192036,-0.00019591147293440637,-0.0006578257663042025,0.00010665336778575982,1.4402324902779937,1.0800000000000003
0.256,-2.692857444431548,-0.4500233621181594,2.692857444431548,0.4500233621181594,0.24995469092180583,-0.3001821975067452,-0.00021108548198081422,-0.0007042684359994642,0.00011325461433487547,1.4402324902779935,1.08
0.264,-2.683262754394275,-0.4500255739634043,2.683262754394275,0.4500255739634043,0.24995030935206922,-0.3001988505706951,-0.00022723966112376436,-0.0007533205893125218,0.00012023793497544592,1.4402324902779935,1.0800000000000003
0.272,-2.6736684392094014,-0.4500279486827321,2.6736684392094014,0.4500279486827321,0.24994559440927255,-0.30021665592367786,-0.0002444328613286913,-0.000805116634823896,0.00012762367689210017,1.4402324902779937,1.0800000000000003
0.28,-2.664074520477782,-0.4500304963070153,2.664074520477782,0.4500304963070153,0.24994052469765513,-0.30023567787786937,-0.0002627271687873419,-0.0008597971516229813,0.00013543315623279917,1.4402324902779937,1.0800000000000005
0.28800000000000003,-2.654481020947144,-0.45003322744477126,2.654481020947144,0.45003322744477126,0.2499350775460614,-0.30025598403146697,-0.0002821880638256738,-0.0009175091277862619,0.00014368869689299182,1.4402324902779937,1.0800000000000003
0.296,-2.644887964566793,-0.450036153312784,2.644887964566793,0.450036153312784,0.24992922893841385,-0.3002776454179687,-0.0003028845864775818,-0.00097840620543592,0.00015241367036610337,1.4402324902779937,1.0800000000000003
0.304,-2.635295376544549,-0.4500392857681815,2.635295376544549,0.4500392857681815,0.24992295344080598,-0.3003007366611291,-0.00032488950893905943,-0.001042648932396499,0.0001616325366537737,1.4402324902779935,1.08
0.312,-2.6257032834059837,-0.45004263734202604,2.6257032834059837,0.45004263734202604,0.24991622412507544,-0.300325336135743,-0.00034827951512070255,-0.0011104050204540112,0.0001713708862255367,1.4402324902779937,1.0800000000000005
0.32,-2.6161117130560174,-0.4500462212744798,2.6161117130560174,0.4500462212744798,0.2499090124887135,-0.3003515261344074,-0.0003731353875196021,-0.0011818496102076446,0.00018165548301363492,1.4402324902779935,1.0800000000000003
0.328,-2.6065206948429576,-0.45005005155160577,2.6065206948429576,0.45005005155160577,0.24990128837096193,-0.30037939304041245,-0.00039954220163463457,-0.001257165542488757,0.00019251430842422886,1.4402324902779935,1.0800000000000003
0.336,-2.5969302596250383,-0.4500541429438694,2.5969302596250383,0.4500541429438694,0.2498930198649442,-0.30040902750691084,-0.0004275895281519266,-0.001336543636305232,0.00020397660634154119,1.4402324902779933,1.08
0.34400000000000003,-2.5873404398395317,-0.4500585110464062,2.5873404398395317,0.4500585110464062,0.24988417322567338,-0.3004405246425143,-0.0004573716431297992,-0.0014201829732513284,0.00021607292909627942,1.4402324902779933,1.08
0.352,-2.5777512695745064,-0.4500631723211214,2.5777512695745064,0.4500631723211214,0.24987471277377465,-0.3004739842034641,-0.0004889877464148069,-0.001508291188303955,0.00022883518436410822,1.440232490277993,1.0800000000000003
0.36,-2.5681627846432953,-0.45006814414069285,2.5681627846432953,0.45006814414069285,0.2498646007947547,-0.3005095107925202,-0.0005225421885225438,-0.0016010847669056297,0.00024229668295393974,1.440232490277993,1.08
0.368,-2.558575022661744,-0.4500734448345456,2.558575022661744,0.4500734448345456,0.24985379743364752,-0.3005472140647116,-0.000558144706218614,-0.0016987893482122917,0.0002564921874392709,1.440232490277993,1.08
0.376,-2.54898802312831,-0.4500790937368718,2.54898802312831,0.4500790937368718,0.2498422605848592,-0.30058720894008745,-0.0005959106670366824,-0.0018016400343605723,0.0002714579615788726,1.4402324902779933,1.08
0.384,-2.5394018275070795,-0.4500851112367698,2.5394018275070795,0.4500851112367698,0.24982994577703116,-0.30062961582360404,-0.0006359613229715979,-0.001909881705583845,0.00028723182046557584,1.440232490277993,1.08
0.392,-2.5298164793137685,-0.4500915188305773,2.5298164793137685,0.4500915188305773,0.24981680605273562,-0.3006745608322794,-0.0006784240735863991,-0.002023769340979511,0.0003038531813339377,1.4402324902779926,1.08
0.4,-2.5202320242047707,-0.45009833917647607,2.5202320242047707,0.45009833917647607,0.24980279184281318,-0.3007221760297425,-0.000723432738772388,-0.0021435683447013952,0.00032136311494887997,1.4402324902779928,1.08
0.40800000000000003,-2.5106485100693265,-0.4501055961514475,2.5106485100693265,0.4501055961514475,0.24978785083515612,-0.30077259966829745,-0.0007711278414014982,-0.0022695548773207152,0.00033980439748828266,1.4402324902779926,1.08
0.41600000000000004,-2.5010659871248615,-0.45011331491065765,2.5010659871248615,0.45011331491065765,0.24977192783773827,-0.3008259764386183,-0.000821656900109653,-0.0024020161920666294,0.00035922156282265405,1.4402324902779922,1.0799999999999998
0.424,-2.4914845080155694,-0.45012152194935434,2.4914845080155694,0.45012152194935434,0.2497549646356856,-0.3008824577271821,-0.0008751747324489843,-0.002541250975623305,0.0003796609550845611,1.4402324902779926,1.08
0.432,-2.481904127914286,-0.45013024516735856,2.481904127914286,0.45013024516735856,0.24973689984217817,-0.30094220188153986,-0.00093184376864533,-0.002687569693123948,0.00040117078140941456,1.4402324902779926,1.0799999999999998
0.44,-2.472324904627718,-0.45013951393623414,2.472324904627718,0.45013951393623414,0.2497176687429689,-0.30100537448351805,-0.000991834376195441,-0.002841294936943934,0.0004238011647173412,1.4402324902779922,1.0799999999999998
0.448,-2.4627468987050785,-0.450149359169221,2.4627468987050785,0.450149359169221,0.2496972031343003,-0.3010721486304309,-0.0010553251955358366,-0.0030027617788544497,0.00044760419639341986,1.4402324902779922,1.0799999999999998
0.456,-2.4531701735501716,-0.4501598133940174,2.4531701735501716,0.4501598133940174,0.2496754311539948,-0.3011427052243767,-0.0011225034870120895,-0.003172318125055205,0.0004726339887102687,1.4402324902779924,1.0799999999999998
0.464,-2.4435947955369857,-0.4501709108284985,2.4435947955369857,0.4501709108284985,0.24965227710549107,-0.30121723326967614,-0.0011935654893734699,-0.0033503250735595147,0.0004989467268229453,1.4402324902779926,1.0799999999999996
0.47200000000000003,-2.43402083412882,-0.4501826874594594,2.43402083412882,0.4501826874594594,0.2496276612745934,-0.301295930178502,-0.0012687167900133694,-0.003537157273357295,0.0005266007201513564,1.4402324902779922,1.0799999999999998
0.48,-2.424448362000999,-0.45019518112446916,2.424448362000999,0.45019518112446916,0.2496014997386968,-0.3013790020847313,-0.0013481727071706377,-0.003733203284731357,0.0005556564529497929,1.4402324902779922,1.0799999999999998
0.488,-2.4148774551671934,-0.45020843159692675,2.4148774551671934,0.45020843159692675,0.24957370416824687,-0.30146666416604156,-0.0014321586843008658,-0.003938865940049589,0.0005861766338467513,1.4402324902779924,1.0799999999999996
0.496,-2.4053081931093807,-0.45022248067440584,2.4053081931093807,0.45022248067440584,0.2495441816201888,-0.3015591409742512,-0.0015209106968195954,-0.004154562704300004,0.0006182262441210879,1.4402324902779922,1.0799999999999996
0.504,-2.3957406589114667,-0.4502373722703782,2.3957406589114667,0.4502373722703782,0.2495128343231562,-0.3016566667738904,-0.001614675671411616,-0.004380726034577579,0.0006518725844623487,1.4402324902779924,1.0799999999999996
0.512,-2.386174939396578,-0.45025315250940456,2.386174939396578,0.45025315250940456,0.24947955945414657,-0.30175948588896956,-0.00171371191809144,-0.004617803737670588,0.0006871853199443918,1.4402324902779922,1.0799999999999998
0.52,-2.376611125268034,-0.45026986982588063,2.376611125268034,0.45026986982588063,0.24944424890642639,-0.3018678530578896,-0.001818289575190163,-0.004866259324830269,0.0007242365229215522,1.4402324902779924,1.0799999999999996
0.528,-2.367049311254003,-0.45028757506642664,2.367049311254003,0.45028757506642664,0.24940678904840605,-0.3019820337964209,-0.0019286910674325797,-0.005126572362740683,0.0007631007135360575,1.4402324902779924,1.0799999999999996
0.536,-2.3574895962558213,-0.45030632159600636,2.3574895962558213,0.45030632159600636,0.24936706047322094,-0.3021023047686503,-0.0020452115772560584,-0.005399238819635666,0.0008038548975040874,1.4402324902779922,1.0799999999999998
0.544,-2.3479320834999693,-0.45032616540786147,2.3479320834999693,0.45032616540786147,0.24932493773875272,-0.3022289541657735,-0.0021681595295088454,-0.005684771405436705,0.0008465786008254858,1.4402324902779924,1.0799999999999998
0.552,-2.3383768806936724,-0.4503471652373453,2.3383768806936724,0.4503471652373453,0.24928028909782152,-0.30236228209258237,-0.0022978570896501705,-0.005983699904709365,0.0008913539010392611,1.4402324902779922,1.0799999999999998
0.56,-2.328824100184087,-0.45036938267973725,2.328824100184087,0.45036938267973725,0.24923297621827856,-0.3025026009614682,-0.002434640675557706,-0.006296571501156392,0.0009382654546231863,1.4402324902779926,1.0799999999999998
0.5680000000000001,-2.3192738591210214,-0.45039288231211855,2.3192738591210214,0.45039288231211855,0.24918285389272557,-0.3026502358937328,-0.002578861483029366,-0.0066239510922829845,0.0009874005201112627,1.4402324902779926,1.08
0.5760000000000001,-2.3097262796231375,-0.4504177318193854,2.3097262796231375,0.4504177318193854,0.24912976973758677,-0.3028055251279654,-0.00273088602504601,-0.00696642159278371,0.0010388489764776355,1.4402324902779926,1.08
0.584,-2.3001814889475547,-0.4504440021244741,2.3001814889475547,0.4504440021244741,0.24907356388125754,-0.3029688204352109,-0.0028910966848392948,-0.007324584225111196,0.001092703336309775,1.4402324902779924,1.0799999999999996
0.592,-2.290639619662766,-0.45047176752286855,2.290639619662766,0.45047176752286855,0.24901406864105358,-0.30314048754061773,-0.0030598922827843435,-0.0076990587955941565,0.0011490587532673052,1.4402324902779926,1.08
0.6,-2.2811008098247756,-0.45050110582145564,2.2811008098247756,0.45050110582145564,0.2489511081886838,-0.3033209065512154,-0.003237688657110018,-0.008090483954376091,0.001208013023295939,1.4402324902779926,1.0799999999999998
0.608,-2.271565203156332,-0.4505320984817921,2.271565203156332,0.4505320984817921,0.24888449820397146,-0.3035104723894312,-0.0034249192583902534,-0.008499517437346907,0.001269666579038895,1.4402324902779922,1.0799999999999998
0.616,-2.262032949229131,-0.45056483076783743,2.262032949229131,0.45056483076783743,0.24881404551654782,-0.3037095952319129,-0.0036220357577478094,-0.008926836288136711,0.0013341224768604488,1.4402324902779926,1.0799999999999998
0.624,-2.252504203648836,-0.45059939189820597,2.252504203648836,0.45059939189820597,0.2487395477352458,-0.30391870095317824,-0.003829508668666652,-0.00937313705813519,0.001401486375868683,1.4402324902779922,1.08
0.632,-2.242979128242755,-0.45063587520298165,2.242979128242755,0.45063587520298165,0.24866079286492207,-0.30413823157356507,-0.00404782798227114,-0.009839135982390777,0.0014718665082967379,1.4402324902779924,1.0799999999999998
0.64,-2.2334578912499836,-0.45067437828513385,2.2334578912499836,0.45067437828513385,0.2485775589104407,-0.30436864571090455,-0.004277503815888005,-0.010325569129130956,0.0015453736405742781,1.4402324902779924,1.0800000000000003
0.648,-2.223940667513813,-0.45071500318656493,2.223940667513813,0.45071500318656493,0.24848961346755452,-0.30461041903528846,-0.004519067074662369,-0.010833192520530244,0.001622121024393614,1.4402324902779926,1.0799999999999998
0.656,-2.214427638676184,-0.4507578565588111,2.214427638676184,0.4507578565588111,0.24839671330042581,-0.3048640447262445,-0.004773070125948695,-0.011362782222233008,0.0017022243370480522,1.4402324902779922,1.0799999999999996
0.664,-2.204918993373931,-0.4508030498384097,2.204918993373931,0.4508030498384097,0.24829860390553418,-0.30513003393157584,-0.005040087486144403,-0.01191513439901786,0.001785801610294152,1.4402324902779922,1.0799999999999996
0.672,-2.195414927436556,-0.4508506994269358,2.195414927436556,0.4508506994269358,0.24819501906172672,-0.3054089162270603,-0.005320716519574339,-0.012491065333865087,0.0018729731469641926,1.4402324902779922,1.08
0.68,-2.1859156440852443,-0.4509009268757011,2.1859156440852443,0.4509009268757011,0.24808568036617337,-0.30570124007613986,-0.005615578148971645,-0.013091411407564226,0.0019638614245314676,1.440232490277992,1.0799999999999996
0.6880000000000001,-2.1764213541327972,-0.450953859075095,2.1764213541327972,0.450953859075095,0.2479702967560014,-0.3060075732886647,-0.005925317577029795,-0.013717029035867655,0.002058590984808473,1.440232490277992,1.0799999999999998
0.6960000000000001,-2.1669322761841574,-0.45100962844853637,2.1669322761841574,0.45100962844853637,0.24784856401539276,-0.3063285034776859,-0.006250605018426367,-0.014368794561067804,0.002157288308937441,1.4402324902779924,1.0799999999999998
0.704,-2.1574486368371453,-0.45106837315099135,2.1574486368371453,0.45106837315099135,0.24772016426794197,-0.30666463851321835,-0.006592136441636631,-0.015047604094742229,0.002260081676814376,1.4402324902779924,1.0799999999999998
0.712,-2.147970670883033,-0.45113023727199586,2.147970670883033,0.45113023727199586,0.24758476545408623,-0.30701660697181865,-0.006950634319766394,-0.015754373308277964,0.0023671010100714696,1.440232490277992,1.0799999999999996
0.72,-2.1384986215065225,-0.4511953710431092,2.1384986215065225,0.4511953710431092,0.24744202079343572,-0.3073850585807454,-0.0073268483895371946,-0.016490037167652308,0.0024784776977300423,1.4402324902779922,1.0799999999999996
0.728,-2.12903274048469,-0.4512639310497048,2.12903274048469,0.4512639310497048,0.24729156823185078,-0.3077706646553846,-0.007721556417452807,-0.01725554960881338,0.002594344403626205,1.440232490277992,1.0799999999999996
0.736,-2.119573288384421,-0.45133608044698953,2.119573288384421,0.45133608044698953,0.2471330298731327,-0.3081741185285416,-0.008135564972062444,-0.018051883149869403,0.002714834854705504,1.4402324902779926,1.0799999999999996
0.744,-2.1101205347578254,-0.4514119891801215,2.1101205347578254,0.4514119891801215,0.2469660113952186,-0.30859613597010804,-0.008569710201114418,-0.018880028436162977,0.0028400836092811947,1.4402324902779917,1.0799999999999998
0.752,-2.100674758335108,-0.4514918342082773,2.100674758335108,0.4514918342082773,0.24679010145079475,-0.3090374555955261,-0.009024858612261384,-0.019740993714175738,0.0029702258043535126,1.440232490277992,1.0799999999999996
0.76,-2.091236247214322,-0.45157579973249823,2.091236247214322,0.45157579973249823,0.24660487105227327,-0.309498839261374,-0.009501907855835446,-0.020635804230079203,0.003105396881096094,1.4402324902779917,1.0799999999999996
0.768,-2.0818052990474127,-0.4516640774271199,2.0818052990474127,0.4516640774271199,0.24640987294110547,-0.30998107244630185,-0.010001787508057969,-0.02156550154862398,0.0032457322876292935,1.4402324902779917,1.0799999999999996
0.776,-2.0723822212219236,-0.451756866674569,2.0723822212219236,0.451756866674569,0.2462046409414418,-0.31048496461544756,-0.010525459852881775,-0.022531142787937036,0.003391367158221235,1.4402324902779917,1.0799999999999996
0.784,-2.062967331037713,-0.4518543748032814,2.062967331037713,0.4518543748032814,0.24598868929818504,-0.3110113495663571,-0.011073920660485738,-0.023533799765683223,0.0035424359680847365,1.440232490277992,1.0799999999999994
0.792,-2.0535609558779786,-0.45195681732847137,2.0535609558779786,0.45195681732847137,0.24576151199952478,-0.3115610857543323,-0.011648199960248854,-0.024574558051938415,0.0036990721629737654,1.4402324902779917,1.0799999999999998
0.8,-2.044163433373889,-0.452064418195451,2.044163433373889,0.452064418195451,0.24552258208408753,-0.3121350565950179,-0.012249362805824409,-0.025654515924021747,0.003861407762826664,1.4402324902779915,1.0799999999999996
0.808,-2.0347751115620465,-0.45217741002517037,2.0347751115620465,0.45217741002517037,0.2452713509328857,-0.3127341707419329,-0.012878510029713719,-0.026774783218444884,0.004029572938756113,1.4402324902779917,1.0799999999999996
0.8160000000000001,-2.0253963490340214,-0.45229603436161525,2.0253963490340214,0.45229603436161525,0.24500724754630349,-0.3133593623365384,-0.013536778984501448,-0.027936480075057855,0.004203695562748185,1.4402324902779917,1.0799999999999996
0.8240000000000001,-2.01602751507713,-0.45242054192066755,2.01602751507713,0.45242054192066755,0.2447296778064171,-0.31401159122832006,-0.014225344267661179,-0.029140735568405997,0.004383900729505502,1.4402324902779917,1.0799999999999998
0.8320000000000001,-2.006668989805618,-0.4525511928399969,2.006668989805618,0.4525511928399969,0.2444380237250109,-0.3146918431622512,-0.014945418426569063,-0.0303886862212637,0.0045703102499538234,1.4402324902779917,1.0799999999999994
0.84,-1.9973211642813797,-0.4526882569295168,1.9973211642813797,0.4526882569295168,0.24413164267772133,-0.3154011299308838,-0.015698252640074815,-0.031681474395278575,0.004763042116026332,1.4402324902779915,1.0799999999999996
0.848,-1.9879844406233163,-0.45283201392189787,1.9879844406233163,0.45283201392189787,0.2438098666248167,-0.3161404894882025,-0.016485137372673195,-0.033020246553649706,0.004962209936448696,1.4402324902779915,1.0799999999999996
0.856,-1.9786592321043976,-0.4529827537225939,1.9786592321043976,0.4529827537225939,0.2434720013192027,-0.3169109860222565,-0.017307402996992367,-0.03440615139077412,0.005167922343369147,1.4402324902779913,1.0799999999999994
0.864,-1.9693459632354917,-0.45314077665879143,1.9693459632354917,0.45314077665879143,0.24311732550233364,-0.3177137099834732,-0.018166420379971862,-0.035840337823834965,0.00538028236981241,1.4402324902779913,1.0799999999999994
0.872,-1.9600450698349796,-0.4533063937266524,1.9600450698349796,0.4533063937266524,0.24274509008880388,-0.31854977806543977,-0.019063601427737553,-0.037323952841370786,0.005599386798086598,1.4402324902779913,1.0799999999999998
0.88,-1.9507569990831648,-0.4534799268361733,1.9507569990831648,0.4534799268361733,0.24235451734049998,-0.31942033313482804,-0.02000039958379696,-0.03885813920396543,0.005825325479435876,1.4402324902779913,1.0799999999999994
0.888,-1.9414822095604678,-0.453661709052938,1.9414822095604678,0.453661709052938,0.2419448000313032,-0.32032654410702877,-0.020978310274774394,-0.04044403299233328,0.006058180625412039,1.440232490277992,1.0799999999999996
0.896,-1.9322211712683717,-0.4538520848359933,1.9322211712683717,0.4538520848359933,0.2415151006034531,-0.32126960576395475,-0.02199887129748153,-0.04208276099825091,0.006298026071633929,1.440232490277992,1.0799999999999998
0.904,-1.9229743656320852,-0.45405141027102586,1.9229743656320852,0.45405141027102586,0.24106455031681195,-0.32225073851036995,-0.023063663140675924,-0.04377543795400592,0.006544926514815183,1.4402324902779922,1.0799999999999996
0.912,-1.913742285483867,-0.4542600532979689,1.913742285483867,0.4542600532979689,0.24059224839240506,-0.3232711880650081,-0.024174309234398957,-0.045523163596302395,0.006798936724169765,1.440232490277992,1.0799999999999996
0.92,-1.9045254350259553,-0.4544783939321148,1.9045254350259553,0.4544783939321148,0.2400972611517622,-0.32433222508265214,-0.025332476119304195,-0.04732701956088587,0.007060100728549835,1.440232490277992,1.0799999999999996
0.928,-1.8953243297720468,-0.4547068244777543,1.8953243297720468,0.4547068244777543,0.23957862115373924,-0.32543514470326657,-0.026539873527892218,-0.049188066104529284,0.007328450980931457,1.4402324902779922,1.0799999999999998
0.936,-1.8861394964662606,-0.45494574973331126,1.8861394964662606,0.45494574973331126,0.23903532633066682,-0.32658126602420307,-0.02779825436905634,-0.05110733865146794,0.0076040075021428675,1.4402324902779924,1.0799999999999996
0.9440000000000001,-1.876971472978543,-0.45519558718688313,1.876971472978543,0.45519558718688313,0.2384663391258515,-0.32777193149143735,-0.02910941460681936,-0.05308584416188392,0.007886777006023207,1.4402324902779922,1.0799999999999994
0.9520000000000001,-1.8678208081754664,-0.4554567672010436,1.8678208081754664,0.4554567672010436,0.2378705856346389,-0.32900850620574845,-0.030475193023606753,-0.05512455732062558,0.008176752008509822,1.4402324902779926,1.0799999999999996
0.96,-1.8586880617654011,-0.455729733185705,1.8586880617654011,0.455729733185705,0.23724695475145188,-0.3302923771397171,-0.03189747085785824,-0.057224416545021604,0.008473909923476915,1.4402324902779924,1.0799999999999998
0.968,-1.8495738041170553,-0.4560149417577825,1.8495738041170553,0.4560149417577825,0.23659429732542148,-0.3316249522614023,-0.03337817130523256,-0.059386319811396235,0.008778212148486656,1.4402324902779922,1.0799999999999996
0.976,-1.8404786160504083,-0.4563128628863446,1.8404786160504083,0.4563128628863446,0.23591142532745138,-0.33300765956055484,-0.03491925887211078,-0.06161112030074209,0.009089603143964587,1.4402324902779928,1.0799999999999998
0.984,-1.8314030885990948,-0.4566239800218757,1.8314030885990948,0.4566239800218757,0.2351971110317885,-0.3344419459732496,-0.03652273856955911,-0.06389962186494967,0.009408009509674027,1.4402324902779922,1.0799999999999998
0.992,-1.822347822743334,-0.45694879020822504,1.822347822743334,0.45694879020822504,0.23445008621541058,-0.33592927620085994,-0.03819065493537615,-0.06625257431603618,0.009733339062735154,1.4402324902779924,1.0799999999999998
1.0,-1.8133134291125497,-0.4572878041757549,1.8133134291125497,0.4572878041757549,0.23366904137880107,-0.3374711314193676,-0.039925090871326376,-0.06867066854197636,0.010065479921813447,1.4402324902779924,1.0799999999999996
1.008,-1.804300527656877,-0.4576415464141535,1.804300527656877,0.4576415464141535,0.2328526249919376,-0.33906900787509786,-0.04172816628216194,-0.0711545314540008,0.010404299602485482,1.4402324902779926,1.0799999999999998
1.016,-1.7953097472868087,-0.45801055522332257,1.7953097472868087,0.45801055522332257,0.23199944276959722,-0.3407244153630963,-0.04360203650256177,-0.07370472077161803,0.010749644129175994,1.440232490277993,1.08
1.024,-1.7863417254803053,-0.45839538274070074,1.7863417254803053,0.45839538274070074,0.23110805698036374,-0.34243887558452457,-0.04554889049767889,-0.07632171965312469,0.011101337169443944,1.4402324902779926,1.0799999999999998
1.032,-1.777397107856769,-0.45879659494334013,1.777397107856769,0.45879659494334013,0.2301769857940083,-0.3442139203796458,-0.04757094882259772,-0.07900593118100083,0.011459179196775433,1.440232490277992,1.08
1.04,-1.7684765477173547,-0.4592147716230077,1.7684765477173547,0.4592147716230077,0.2292047026722187,-0.3460510898332092,-0.04967046132566197,-0.08175767271335425,0.01182294668841206,1.4402324902779926,1.0799999999999998
1.048,-1.7595807055511938,-0.45965050633254706,1.7595807055511938,0.45965050633254706,0.22818963580795004,-0.3479519302493157,-0.051849704580365134,-0.08457717011446358,0.012192391365101592,1.4402324902779926,1.08
1.056,-1.750710248507188,-0.4601044063017025,1.750710248507188,0.4601044063017025,0.22713016761898036,-0.34991799199317,-0.05411097903029733,-0.08746455187949485,0.012567239479998854,1.440232490277993,1.0799999999999996
1.064,-1.741865849831153,-0.46057709232057864,1.741865849831153,0.46057709232057864,0.22602463430156863,-0.35195082719749393,-0.05645660583153356,-0.0904198431706107,0.012947191164262037,1.4402324902779928,1.0799999999999998
1.072,-1.7330481882681863,-0.4610691985888893,1.7330481882681863,0.4610691985888893,0.22487132545041835,-0.3540519873317912,-0.058888923376846314,-0.0934429597839623,0.013331919837180996,1.440232490277993,1.0799999999999996
1.08,-1.7242579474302646,-0.46158137252913434,1.7242579474302646,0.46158137252913434,0.22366848375147033,-0.35622302063313255,-0.061410283486227374,-0.09653370206944537,0.013721071688929368,1.4402324902779928,1.0799999999999998
1.088,-1.715495815129199,-0.4621142745618391,1.715495815129199,0.4621142745618391,0.22241430475434848,-0.3584654693976534,-0.06402304724844783,-0.09969174882759502,0.014114265244250943,1.4402324902779926,1.0799999999999998
1.096,-1.7067624826752068,-0.46266857784099313,1.7067624826752068,0.46266857784099313,0.22110693673158782,-0.3607808671325442,-0.06672958049876518,-0.1029166512105975,0.01451109101556041,1.440232490277993,1.08
1.104,-1.6980586441415049,-0.46324496794783976,1.6980586441415049,0.46324496794783976,0.21974448063206928,-0.36317073556896423,-0.06953224891842599,-0.10620782665707666,0.014911111254058926,1.4402324902779928,1.0799999999999996
1.112,-1.6893849955954674,-0.46384414254119344,1.6893849955954674,0.46384414254119344,0.2183249901363573,-0.3656365815370107,-0.07243341274234,-0.10956455289306821,0.015313859807524366,1.4402324902779924,1.0799999999999998
1.12,-1.68074223429705,-0.4644668109624966,1.68074223429705,0.4644668109624966,0.21684647182191258,-0.36817989370466,-0.07543542106220055,-0.11298596203439966,0.015718842093431933,1.4402324902779926,1.08
1.1280000000000001,-1.672131057865333,-0.46511369379388035,1.672131057865333,0.46511369379388035,0.21530688544638357,-0.370802139183423,-0.078540605713458,-0.11647103482852024,0.016125535195982674,1.4402324902779922,1.08
1.1360000000000001,-1.6635521634142012,-0.46578552236755527,1.6635521634142012,0.46578552236755527,0.21370414435740684,-0.3735047600043643,-0.0817512747358941,-0.12001859507666,0.016533388095463914,1.4402324902779926,1.0799999999999998
1.1440000000000001,-1.65500624665834,-0.46648303822493936,1.65500624665834,0.46648303822493936,0.21203611603753506,-0.37628916946910573,-0.08506970539912913,-0.12362730427999118,0.016941822038123947,1.4402324902779922,1.0799999999999998
1.1520000000000001,-1.6464940009908948,-0.4672069925240243,1.6464940009908948,0.4672069925240243,0.21030062279306122,-0.3791567483814506,-0.08849813678625262,-0.12729565655620215,0.017350231054415435,1.4402324902779928,1.0799999999999998
1.16,-1.638016116534317,-0.46795814539359376,1.638016116534317,0.46795814539359376,0.2084954425956333,-0.3821088411663756,-0.09203876193086932,-0.13102197387551978,0.017757982633034117,1.440232490277993,1.0799999999999998
1.168,-1.629573279166075,-0.46873726523303816,1.629573279166075,0.46873726523303816,0.20661831008561268,-0.3851467518842684,-0.09569371950527411,-0.1348044016676984,0.018164418557655423,1.4402324902779928,1.08
1.176,-1.6211661695211015,-0.46954512795665854,1.6211661695211015,0.46954512795665854,0.20466691774615792,-0.38827174014950255,-0.09946508506016745,-0.13864090485378017,0.018568855912639848,1.440232490277992,1.0799999999999994
1.184,-1.612795461972998,-0.47038251618152105,1.612795461972998,0.47038251618152105,0.20263891725697314,-0.3914850169636983,-0.10335486181933537,-0.1425292643584731,0.018970588263240606,1.4402324902779924,1.0799999999999996
1.192,-1.6044618235961985,-0.47125021835811126,1.6044618235961985,0.47125021835811126,0.20053192103655804,-0.3947877404753006,-0.10736497103606826,-0.1464670741607434,0.019368887015000207,1.4402324902779924,1.0799999999999996
1.2,-1.5961659131114534,-0.4721490278432482,1.5961659131114534,0.4721490278432482,0.19834350398163092,-0.3981810116784589,-0.1114972419217335,-0.15045173894159863,0.019763002956065027,1.4402324902779928,1.0799999999999998
1.208,-1.5879083798171614,-0.47307974191494695,1.5879083798171614,0.47307974191494695,0.19607120541214032,-0.401665870065535,-0.11575340116092485,-0.1544804723890276,0.02015216798507889,1.4402324902779924,1.0799999999999996
1.216,-1.5796898625092215,-0.4740431607291707,1.5796898625092215,0.4740431607291707,0.19371253122995594,-0.4052432892489521,-0.12013506203192899,-0.1585502962205588,0.020535597026143156,1.4402324902779924,1.0799999999999998
1.224,-1.5715109883922425,-0.4750400862186858,1.5715109883922425,0.4750400862186858,0.19126495629890702,-0.40891417256948215,-0.12464371315588237,-0.16265803998386566,0.02091249013104862,1.4402324902779924,1.0799999999999998
1.232,-1.5633723719850714,-0.4760713209345277,1.5633723719850714,0.4760713209345277,0.1887259270533171,-0.41267934870943423,-0.12928070690298005,-0.1668003416952292,0.0212820347676077,1.4402324902779922,1.0799999999999998
1.24,-1.5552746140237477,-0.4771376668309001,1.5552746140237477,0.4771376668309001,0.1860928643415704,-0.41653956733057496,-0.13404724748933738,-0.17097364937436282,0.02164340829144079,1.4402324902779924,1.08
1.248,-1.5472183003651052,-0.4782399239946649,1.5472183003651052,0.4782399239946649,0.18336316651051146,-0.4204954947579128,-0.138944378803681,-0.17517422353212064,0.021995780597015104,1.440232490277992,1.0799999999999996
1.256,-1.5392040008943566,-0.4793788893209346,1.5392040008943566,0.4793788893209346,0.18053421273564324,-0.4245477097317495,-0.14397297200885853,-0.17939814066482793,0.022338316942102684,1.440232490277992,1.0799999999999998
1.264,-1.531232268440093,-0.48055535513665104,1.531232268440093,0.48055535513665104,0.17760336660112686,-0.42869669925158904,-0.14913371296918804,-0.18364129780537464,0.022670180938129288,1.4402324902779924,1.0799999999999996
1.272,-1.52330363770022,-0.4817701077744244,1.52330363770022,0.4817701077744244,0.1745679799325034,-0.4329428545365869,-0.1544270895609406,-0.18789941817677813,0.02299053769714295,1.4402324902779922,1.0799999999999998
1.28,-1.515418624182417,-0.4830239260993092,1.515418624182417,0.4830239260993092,0.17142539688385036,-0.43728646712821484,-0.15985337892960516,-0.1921680579885292,0.023298557124351825,1.440232490277992,1.08
1.288,-1.5075777231627676,-0.48431757999161235,1.5075777231627676,0.48431757999161235,0.16817295827974482,-0.4417277251616611,-0.16541263476410434,-0.19644261440979843,0.023593417343383917,1.4402324902779922,1.08
1.296,-1.499781408666248,-0.48565182878925534,1.499781408666248,0.48565182878925534,0.16480800621094016,-0.4462667098331884,-0.17110467466464307,-0.20071833474633233,0.02387430823962273,1.4402324902779917,1.0799999999999998
1.304,-1.4920301324727827,-0.4870274196936487,1.4920301324727827,0.4870274196936487,0.16132788888106103,-0.4509033920911913,-0.17692906768735692,-0.2049903268397163,0.02414043510519172,1.4402324902779915,1.08
1.312,-1.484324323152586,-0.48844508614347815,1.484324323152586,0.48844508614347815,0.15772996569989628,-0.4556376295790244,-0.18288512215534133,-0.2092535706986226,0.024391022367414424,1.4402324902779924,1.0799999999999996
1.32,-1.4766643851344967,-0.4899055461612421,1.4766643851344967,0.4899055461612421,0.15401161261701518,-0.46046916385777026,-0.18897187383179556,-0.21350293136162346,0.024625317380887846,1.4402324902779924,1.0799999999999998
1.328,-1.4690506978109859,-0.491409500677825,1.4690506978109859,0.491409500677825,0.15017022768745625,-0.46539761793699497,-0.195188074556946,-0.21773317298037528,0.02484259426169309,1.4402324902779928,1.0799999999999998
1.336,-1.461483614683471,-0.49295763184082203,1.461483614683471,0.49295763184082203,0.14620323685915204,-0.47042249414114823,-0.20153218145591162,-0.22193897410030738,0.025042157740747587,1.4402324902779915,1.0799999999999996
1.344,-1.4539634625515079,-0.4945506013127574,1.4539634625515079,0.4945506013127574,0.1421080999695561,-0.4755431723385922,-0.20800234682966282,-0.22611494410362387,0.025223347011901816,1.4402324902779924,1.0799999999999998
1.352,-1.4464905407493485,-0.4961890485657528,1.4464905407493485,0.4961890485657528,0.13788231693665137,-0.48075890855931963,-0.21459640884562672,-0.23025564076651187,0.025385539549114,1.4402324902779924,1.0799999999999994
1.36,-1.4390651204332556,-0.4978735891795884,1.4390651204332556,0.4978735891795884,0.13352343412715237,-0.48606883402612855,-0.22131188314809025,-0.23435558886896263,0.025528154865923924,1.4402324902779926,1.0799999999999998
1.368,-1.4316874439228475,-0.4996048131504761,1.4316874439228475,0.4996048131504761,0.1290290508822776,-0.4914719546224956,-0.22814595551131026,-0.23840929978190809,0.025650658189503236,1.4402324902779928,1.0799999999999994
1.3760000000000001,-1.424357724099614,-0.5013832832181995,1.424357724099614,0.5013832832181995,0.12439682617899583,-0.49696715081849063,-0.23509547565995145,-0.2424112919423632,0.025752564020809356,1.4402324902779908,1.08
1.3840000000000001,-1.4170761438655877,-0.5032095332195848,1.4170761438655877,0.5032095332195848,0.11962448540214772,-0.5025531780738611,-0.24215695238201854,-0.24635611211330885,0.025833439551824044,1.4402324902779922,1.0799999999999996
1.3920000000000001,-1.4098428556650047,-0.5050840664765402,1.4098428556650047,0.5050840664765402,0.11470982720034317,-0.508228667734943,-0.2493265500587084,-0.2502383573112884,0.025892907910533003,1.4402324902779926,1.0799999999999996
1.4000000000000001,-1.4026579810715822,-0.507007354227118,1.4026579810715822,0.507007354227118,0.10965073039607448,-0.5139921284391545,-0.25660008673339463,-0.25405269727123225,0.02593065120422157,1.4402324902779924,1.0799999999999998
1.408,-1.3955216104438644,-0.5089798341082395,1.3955216104438644,0.5089798341082395,0.10444516091806524,-0.5198419480377693,-0.26397303383818554,-0.2577938973053101,0.025946413331823646,1.4402324902779937,1.0799999999999996
1.416,-1.388433802650864,-0.5110019086988471,1.388433802650864,0.5110019086988471,0.09909117872156536,-0.5257763960442181,-0.2714405176909949,-0.26145684140060294,0.02594000253649594,1.4402324902779897,1.08
1.424,-1.3813945848700029,-0.5130739441322981,1.3813945848700029,0.5130739441322981,0.09358694466011673,-0.5317936266114764,-0.27899732286874357,-0.2650365553895242,0.025911293670302184,1.4402324902779928,1.0799999999999998
1.432,-1.3744039524591178,-0.5151962687868455,1.3744039524591178,0.5151962687868455,0.08793072727027317,-0.5378916820382564,-0.2866378975530632,-0.2685282300173718,0.025860230143887927,1.440232490277993,1.0799999999999996
1.44,-1.3674618689040383,-0.5173691720629511,1.3674618689040383,0.5173691720629511,0.08212090942897056,-0.5440684967995124,-0.2943563609336035,-0.27192724372330235,0.025786825535341635,1.4402324902779924,1.0799999999999996
1.448,-1.360568265842984,-0.5195929032560676,1.360568265842984,0.5195929032560676,0.07615599484163948,-0.550321902092587,-0.3021465127407336,-0.27522918494481885,0.025691164834045075,1.4402324902779933,1.0799999999999996
1.456,-1.3537230431687504,-0.5218676705333021,1.3537230431687504,0.5218676705333021,0.07003461431788509,-0.5566496308858876,-0.31000184496400135,-0.2784298737515343,0.02557340529726319,1.4402324902779888,1.08
1.464,-1.3469260692093594,-0.5241936400220775,1.3469260692093594,0.5241936400220775,0.0637555317906087,-0.5630493234524943,-0.31791555579525116,-0.28152538261188054,0.025433776899494054,1.440232490277992,1.0799999999999996
1.472,-1.340177180987564,-0.5265709350185553,1.340177180987564,0.5265709350185553,0.057317650033826155,-0.5695185333666863,-0.32588056581578095,-0.2845120560966974,0.0252725823571996,1.4402324902779935,1.0799999999999996
1.48,-1.3334761845592666,-0.5289996353231068,1.3334761845592666,0.5289996353231068,0.05072001603431743,-0.576054733936813,-0.333889536425514,-0.28738652932635494,0.025090196714491683,1.4402324902779922,1.0799999999999996
1.488,-1.3268228554306192,-0.5314797767096009,1.3268228554306192,0.5314797767096009,0.04396182597245379,-0.5826553250436699,-0.3419348904889844,-0.2901457449734593,0.02488706647861785,1.4402324902779937,1.0799999999999996
1.496,-1.3202169390532288,-0.5340113505346538,1.3202169390532288,0.5340113505346538,0.037042429768328514,-0.5893176403492824,-0.35000883514818304,-0.29278696864122805,0.02466370829770537,1.4402324902779888,1.0800000000000005
1.504,-1.3136581513965657,-0.5365943034922677,1.3136581513965657,0.5365943034922677,0.02996133515058904,-0.5960389548369917,-0.3581033867263138,-0.29530780244839944,0.024420707177149482,1.4402324902779928,1.0799999999999996
1.512,-1.3071461795963384,-0.5392285375185355,1.3071461795963384,0.5392285375185355,0.022718211207092616,-0.6028164926400834,-0.36621039761948393,-0.2977061966650231,0.02415871423524508,1.4402324902779937,1.0799999999999994
1.52,-1.3006806826772421,-0.5419139098501888,1.3006806826772421,0.5419139098501888,0.01531289137894188,-0.609647435112733,-0.37432158504579616,-0.2999804592595997,0.023878444003164117,1.4402324902779926,1.0799999999999996
1.528,-1.2942612923481611,-0.5446502332398739,1.2942612923481611,0.5446502332398739,0.007745375862246047,-0.6165289290941416,-0.3824285614935627,-0.30212926323665423,0.023580671279086706,1.4402324902779937,1.0799999999999992
1.536,-1.2878876138675401,-0.5474372763300241,1.2878876138675401,0.5474372763300241,1.583338544656858e-05,-0.6234580953141645,-0.39052286668293584,-0.30415165166481617,0.023266227551203923,1.4402324902779884,1.0800000000000005
1.544,-1.2815592269763016,-0.5502747641861405,1.2815592269763016,0.5502747641861405,-0.007875397665953519,-0.6304320368867082,-0.39859600082872154,-0.3060470403185311,0.02293599700933402,1.4402324902779928,1.0799999999999996
1.552,-1.2752756868953476,-0.5531623789892135,1.2752756868953476,0.5531623789892135,-0.015927808801007845,-0.6374478478357305,-0.4066394589669391,-0.30781521788140936,0.022590912169962906,1.4402324902779933,1.0799999999999996
1.56,-1.2690365253843279,-0.5560997608858391,1.2690365253843279,0.5560997608858391,-0.024140721669921514,-0.6445026215977374,-0.41464476608456247,-0.30945634368559466,0.0222319491445846,1.4402324902779924,1.0799999999999998
1.568,-1.2628412518580507,-0.559086508993455,1.2628412518580507,0.559086508993455,-0.03251328901896421,-0.6515934594444487,-0.4226035127712168,-0.31097094298892,0.021860122586135986,1.4402324902779937,1.0799999999999994
1.576,-1.2566893545565754,-0.562122182556914,1.2566893545565754,0.562122182556914,-0.04104449636116643,-0.6587174787696272,-0.43050739109412306,-0.31235989981974066,0.021476480353049634,1.440232490277988,1.0800000000000005
1.584,-1.250580301764727,-0.5652063022514333,1.250580301764727,0.5652063022514333,-0.04973316436412459,-0.6658718211850914,-0.4383482303837613,-0.31362444744756973,0.02108209793485172,1.4402324902779928,1.0799999999999996
1.592,-1.244513543076498,-0.5683383516258119,1.244513543076498,0.5683383516258119,-0.0585779519499897,-0.673053660372572,-0.4461180326079758,-0.3147661565655801,0.020678072687202412,1.4402324902779928,1.0799999999999996
1.6,-1.2384885106995143,-0.571517778678638,1.2384885106995143,0.571517778678638,-0.0675773600960535,-0.6802602096403592,-0.45380900700721477,-0.31578692129822267,0.020265517927741762,1.4402324902779928,1.0799999999999998
1.608,-1.232504620794532,-0.5747439975591537,1.232504620794532,0.5747439975591537,-0.0767297363179407,-0.6874887291365694,-0.46141360366328,-0.316688943172963,0.019845556946907573,1.4402324902779935,1.0799999999999992
1.616,-1.2265612748446997,-0.5780163903834012,1.2265612748446997,0.5780163903834012,-0.0860332798108196,-0.6947365326743113,-0.46892454567894876,-0.3174747132192016,0.01941931698999513,1.4402324902779882,1.0800000000000005
1.624,-1.220657861049148,-0.5813343091553205,1.220657861049148,0.5813343091553205,-0.09548604721767517,-0.7020009941280302,-0.4763348596560038,-0.31814699237915056,0.01898792326801249,1.4402324902779924,1.08
1.6320000000000001,-1.2147937557353403,-0.5846970777816395,1.2147937557353403,0.5846970777816395,-0.1050859589876716,-0.7092795533647206,-0.4836379041745696,-0.3187087904344461,0.01855249305529009,1.4402324902779926,1.0799999999999996
1.6400000000000001,-1.208968324784486,-0.5881039941686205,1.208968324784486,0.5881039941686205,-0.11483080628175535,-0.7165697216785902,-0.4908273959973364,-0.3191633436682558,0.01811412993130239,1.4402324902779924,1.0799999999999998
1.6480000000000001,-1.203180925064286,-0.5915543323881253,1.203180925064286,0.5915543323881253,-0.1247182583774941,-0.7238690867028902,-0.4978974337474737,-0.3195140914951221,0.01767391822269038,1.4402324902779928,1.0799999999999996
1.6560000000000001,-1.1974309058632413,-0.5950473448999555,1.1974309058632413,0.5950473448999555,-0.13474587052034095,-0.7311753167780572,-0.5048425188389762,-0.3197646522997147,0.017232917699074708,1.4402324902779886,1.0800000000000003
1.6640000000000001,-1.1917176103207892,-0.5985822648170664,1.1917176103207892,0.5985822648170664,-0.14491109216442352,-0.7384861647609153,-0.5116575734718725,-0.3199187987307479,0.016792158572919828,1.4402324902779926,1.0799999999999996
1.672,-1.1860403768476073,-0.6021583082000552,1.1860403768476073,0.6021583082000552,-0.15521127554261663,-0.7457994712652771,-0.5183379555416423,-0.3199804326975273,0.016352636849508953,1.440232490277992,1.0799999999999998
1.68,-1.180398540530536,-0.6057746763672501,1.180398540530536,0.6057746763672501,-0.16564368450297046,-0.753113167329997,-0.5248794703518757,-0.31995356031397315,0.015915310068103514,1.4402324902779928,1.0799999999999998
1.688,-1.1747914345167518,-0.6094305582068337,1.1747914345167518,0.6094305582068337,-0.1762055035468133,-0.7604252765159834,-0.5312783790602208,-0.3198422670285657,0.015481093469672257,1.4402324902779928,1.0799999999999994
1.696,-1.1692183913720213,-0.613125132477664,1.1692183913720213,0.613125132477664,-0.18689384700284123,-0.7677339164390643,-0.5375314038299448,-0.31965069316871514,0.015050856620326349,1.44023249027799,1.0799999999999996
1.704,-1.1636787444081294,-0.6168575700858514,1.1636787444081294,0.6168575700858514,-0.19770576827137906,-0.7750372997506785,-0.5436357297014347,-0.3193830101148422,0.014625420512908485,1.4402324902779922,1.0799999999999996
1.712,-1.1581718289748726,-0.620627036324667,1.1581718289748726,0.620627036324667,-0.20863826907369604,-0.7823337345830682,-0.5495890032391045,-0.31904339730328024,0.01420555516221977,1.4402324902779926,1.0799999999999992
1.72,-1.1526969837123426,-0.6244326930660176,1.1526969837123426,0.6244326930660176,-0.21968830864277905,-0.7896216244800494,-0.5553893280487825,-0.3186360202384041,0.013791977702276014,1.4402324902779928,1.0799999999999996
1.728,-1.1472535517595943,-0.6282737008924856,1.1472535517595943,0.6282737008924856,-0.2308528127942263,-0.7968994678382679,-0.5610352572973876,-0.31816500967363404,0.013385350986933265,1.4402324902779926,1.0799999999999996
1.736,-1.1418408819161936,-0.6321492211598064,1.1418408819161936,0.6321492211598064,-0.24212868281890687,-0.8041658568872827,-0.5665257834005644,-0.31763444209855596,0.012986282688359245,1.4402324902779917,1.0799999999999992
1.744,-1.1364583297535689,-0.6360584179806175,1.1364583297535689,0.6360584179806175,-0.2535128041426723,-0.8114194762396756,-0.5718603250737706,-0.3170483216459608,0.01259532488130257,1.4402324902779924,1.0799999999999996
1.752,-1.131105258673527,-0.6400004601213293,1.131105258673527,0.6400004601213293,-0.2650020547025256,-0.81865910104471,-0.57703871196783,-0.31641056350854985,0.012212974095063793,1.4402324902779922,1.0799999999999996
1.76,-1.1257810409117632,-0.6439745228050708,1.1257810409117632,0.6439745228050708,-0.2765933129933704,-0.8258835947808478,-0.5820611671309747,-0.3157249789308976,0.011839671809600539,1.440232490277993,1.0799999999999992
1.768,-1.1204850584846575,-0.6479797894147566,1.1204850584846575,0.6479797894147566,-0.2882834657443928,-0.8330919067236456,-0.5869282875552356,-0.3149952618185541,0.011475805367422352,1.4402324902779928,1.0799999999999996
1.776,-1.1152167040781205,-0.6520154530914676,1.1152167040781205,0.6520154530914676,-0.30006941518944485,-0.8402830691262594,-0.5916410230761333,-0.31422497698319296,0.011121709268897127,1.4402324902779933,1.0799999999999987
1.784,-1.1099753818777303,-0.6560807182244746,1.1099753818777303,0.6560807182244746,-0.3119480859012613,-0.8474561941499529,-0.5962006539006025,-0.3134175500210166,0.01077766681536081,1.4402324902779926,1.0799999999999992
1.792,-1.1047605083398466,-0.6601748018303334,1.1047605083398466,0.6601748018303334,-0.3239164311647919,-0.8546104705817282,-0.6006087670392622,-0.3125762588014404,0.010443912062021374,1.4402324902779928,1.0799999999999994
1.8,-1.099571512903858,-0.6642969348195901,1.099571512903858,0.6642969348195901,-0.335971438870529,-0.8617451603754299,-0.6048672319158751,-0.3117042265246843,0.010120632041060156,1.4402324902779928,1.0799999999999994
1.808,-1.094407838646132,-0.6684463631506502,1.094407838646132,0.6684463631506502,-0.3481101369140006,-0.8688595950515635,-0.6089781754192352,-0.3108044162905931,0.009807969214559684,1.4402324902779928,1.0799999999999992
1.816,-1.0892689428766575,-0.6726223488713643,1.0892689428766575,0.6726223488713643,-0.3603295980928504,-0.875953171989575,-0.6129439566514822,-0.30987962710679035,0.009506024116864333,1.4402324902779937,1.0799999999999994
1.824,-1.0841542976797538,-0.6768241710497929,1.0841542976797538,0.6768241710497929,-0.372626944497873,-0.8830253506445402,-0.6167671416122842,-0.30893249125237177,0.009214858146662168,1.4402324902779928,1.0799999999999992
1.832,-1.0790633904005726,-0.6810511265964456,1.0790633904005726,0.6810511265964456,-0.38499935139893415,-0.8900756487182195,-0.6204504780410215,-0.30796547290369514,0.00893449647039179,1.440232490277993,1.0799999999999996
1.84,-1.073995724079454,-0.6853025309810615,1.073995724079454,0.6853025309810615,-0.3974440506310456,-0.8971036383121576,-0.6239968706196489,-0.3069808679214179,0.008664931000435899,1.4402324902779928,1.0799999999999994
1.848,-1.0689508178364877,-0.689577718847651,1.0689508178364877,0.689577718847651,-0.40995833348962046,-0.9041089420881872,-0.6274093567177925,-0.3059808046927302,0.008406123413890111,1.4402324902779926,1.0799999999999994
1.856,-1.063928207208892,-0.6938760445321139,1.063928207208892,0.6938760445321139,-0.42253955314740105,-0.911091229459207,-0.6306910828394202,-0.3049672459195476,0.008158008180386636,1.4402324902779935,1.079999999999999
1.864,-1.0589274444440577,-0.6981968824872391,1.0589274444440577,0.6981968824872391,-0.43518512660850084,-0.918050212830582,-0.6338452819076472,-0.30394199124216825,0.007920495570425552,1.4402324902779926,1.0799999999999996
1.872,-1.053948098751292,-0.7025396276202872,1.053948098751292,0.7025396276202872,-0.44789253621747677,-0.9249856439100264,-0.6368752515013244,-0.30290668058835485,0.007693474618831582,1.4402324902779928,1.0799999999999994
1.8800000000000001,-1.0489897565154653,-0.7069036955486921,1.0489897565154653,0.7069036955486921,-0.4606593307434418,-0.931897310101281,-0.6397843331344603,-0.3018627981397891,0.007476816021223959,1.4402324902779926,1.0799999999999996
1.8880000000000001,-1.0440520214758948,-0.7112885227796372,1.0440520214758948,0.7112885227796372,-0.4734831260607808,-0.9387850309945147,-0.6425758926476528,-0.30081167681115023,0.007270374944692242,1.4402324902779928,1.0799999999999994
1.8960000000000001,-1.0391345148738902,-0.7156935668194336,1.0391345148738902,0.7156935668194336,-0.486361605449235,-0.9456486549640041,-0.6452533017597858,-0.2997545031414913,0.007073993737136242,1.4402324902779935,1.0799999999999996
1.9040000000000001,-1.034236875572473,-0.7201183062187104,1.034236875572473,0.7201183062187104,-0.49929251953688,-0.9524880558814096,-0.6478199208086365,-0.29869232250290234,0.006887504522899226,1.4402324902779924,1.0799999999999994
1.9120000000000001,-1.029358760151816,-0.7245622405594455,1.029358760151816,0.7245622405594455,-0.5122736859099027,-0.9593031299508917,-0.650279082690872,-0.29762604453746505,0.006710731675349007,1.4402324902779926,1.0799999999999998
1.92,-1.024499842983975,-0.7290248903898386,1.024499842983975,0.7290248903898386,-0.5253029884131378,-0.9660937926703055,-0.6526340779953379,-0.2965564487400376,0.006543494159900788,1.4402324902779926,1.0799999999999996
1.928,-1.0196598162904829,-0.7335057971129264,1.0196598162904829,0.7335057971129264,-0.5383783761650394,-0.9728599759209482,-0.6548881413087113,-0.29548419011124794,0.0063856077436007476,1.4402324902779922,1.0799999999999996
1.936,-1.0148383901863662,-0.7380045228347131,1.0148383901863662,0.7380045228347131,-0.5514978623102123,-0.97960162518666,-0.6570444386594504,-0.2944098048121136,0.006236887069774986,1.440232490277993,1.0799999999999998
1.944,-1.0100352927140925,-0.7425206501774156,1.0100352927140925,0.7425206501774156,-0.5646595225318386,-0.9863186969015957,-0.6591060560546088,-0.2933337157587488,0.006097147598384846,1.4402324902779928,1.0799999999999996
1.952,-1.0052502698709276,-0.7470537820632147,1.0052502698709276,0.7470537820632147,-0.5778614933453177,-0.9930111559246694,-0.6610759890544378,-0.2922562381025759,0.0059662074146073826,1.4402324902779926,1.0799999999999996
1.96,-1.0004830856331073,-0.751603541473675,1.0004830856331073,0.751603541473675,-0.5911019701932526,-0.9996789731374871,-0.6629571333216551,-0.2911775845482289,0.005843888909781144,1.4402324902779926,1.0799999999999998
1.968,-0.9957335219801646,-0.7561695711897465,0.9957335219801646,0.7561695711897465,-0.6043792053605965,-1.006322123161577,-0.6647522760758441,-0.2900978704677944,0.005730020340225968,1.4402324902779926,1.0799999999999998
1.976,-0.9910013789226803,-0.7607515335169966,0.9910013789226803,0.7607515335169966,-0.6176915057273206,-1.012940582189851,-0.6664640883784237,-0.28901711877617614,0.0056244372705708465,1.4402324902779933,1.0800000000000003
1.984,-0.9862864745366358,-0.765349110000446,0.9862864745366358,0.765349110000446,-0.6310372303744339,-1.0195343259264829,-0.668095118169982,-0.28793526453809193,0.005526983909119768,1.4402324902779928,1.0799999999999996
1.992,-0.9815886450074738,-0.7699620011331064,0.9815886450074738,0.7699620011331064,-0.6444147880576099,-1.0261033276287908,-0.669647783979326,-0.2868521592825027,0.005437514343463738,1.4402324902779926,1.08
2.0,-0.9769077446868782,-0.7745899260620368,0.9769077446868782,0.7745899260620368,-0.6578226345610213,-1.0326475562442008,-0.6711243692222324,-0.2857675750051305,0.005355893685027098,1.4402324902779928,1.0799999999999994
2.008,-0.9722436461652046,-0.7792326222954605,0.9722436461652046,0.7792326222954605,-0.6712592699423631,-1.0391669746349856,-0.6725270170075043,-0.2846812078440939,0.005281999131531047,1.4402324902779928,1.0799999999999996
2.016,-0.9675962403624047,-0.7838898454142117,0.9675962403624047,0.7838898454142117,-0.6847232356783882,-1.0456615378831748,-0.6738577253683876,-0.2835926814176312,0.005215720956486065,1.440232490277993,1.08
2.024,-0.9629654366402072,-0.788561368790518,0.9629654366402072,0.788561368790518,-0.6982131117186453,-1.0521311916678169,-0.6751183428385786,-0.2825015498163713,0.005156963434800989,1.4402324902779926,1.0799999999999996
2.032,-0.9583511629382346,-0.793246983316871,0.9583511629382346,0.793246983316871,-0.7117275134535298,-1.0585758707066455,-0.676310564293887,-0.2814073002456749,0.005105645713435361,1.4402324902779924,1.0799999999999994
2.04,-0.9537533659366543,-0.797946497147493,0.9537533659366543,0.797946497147493,-0.7252650886011786,-1.0649954972541213,-0.6774359269829666,-0.28030935531625933,0.005061702635736024,1.4402324902779924,1.08
2.048,-0.9491720112478862,-0.8026597354546736,0.9491720112478862,0.8026597354546736,-0.7388245140162546,-1.0713899796478148,-0.6784958066733701,-0.27920707498362224,0.005025085527698177,1.4402324902779924,1.0799999999999994
2.056,-0.9446070836398127,-0.8073865402020357,0.9446070836398127,0.8073865402020357,-0.7524044924222182,-1.077759210895128,-0.6794914138424272,-0.27809975813877813,0.004995762953885333,1.4402324902779924,1.08
2.064,-0.9400585872928551,-0.812126769936574,0.9400585872928551,0.812126769936574,-0.766003749067298,-1.084103067292429,-0.6804237898460569,-0.2769866438545265,0.004973721450136399,1.4402324902779926,1.0799999999999996
2.072,-0.935526546093208,-0.8168802996011216,0.935526546093208,0.8168802996011216,-0.779621028303096,-1.0904214070687892,-0.6812938030025857,-0.2758669122929231,0.004958966239485684,1.4402324902779924,1.0799999999999994
2.08,-0.931011003964437,-0.8216470203687094,0.931011003964437,0.8216470203687094,-0.7932550900835215,-1.0967140690466537,-0.6821021445329325,-0.27473968528089104,0.004951521936923894,1.4402324902779928,1.0799999999999998
2.088,-0.9265120252395632,-0.8264268395001113,0.9265120252395632,0.8264268395001113,-0.80690470638064,-1.1029808713119549,-0.6828493243031482,-0.27360402656199884,0.004951433247732817,1.4402324902779926,1.0799999999999996
2.096,-0.9220296950756596,-0.8312196802257075,0.9220296950756596,0.8312196802257075,-0.8205686575129857,-1.1092216098863614,-0.6835356663202979,-0.2724589417334162,0.004958765663129982,1.440232490277992,1.0799999999999998
2.104,-0.9175641199128856,-0.8360254816526349,0.9175641199128856,0.8360254816526349,-0.8342457283809523,-1.1154360573945838,-0.6841613039380661,-0.27130337787797243,0.0049736061558550496,1.4402324902779924,1.0799999999999996
2.112,-0.9131154279797657,-0.840844198698055,0.9131154279797657,0.840844198698055,-0.8479347046030785,-1.1216239617198882,-0.6847261747343272,-0.27013622290211875,0.00499606387710724,1.4402324902779926,1.08
2.12,-0.9086837698463847,-0.845675802049217,0.9086837698463847,0.845675802049217,-0.8616343685463337,-1.1277850446412234,-0.6852300150293241,-0.268956304591505,0.0050262708548938296,1.4402324902779926,1.0799999999999996
2.128,-0.9042693190270149,-0.8505202781508628,0.9042693190270149,0.8505202781508628,-0.8753434952429657,-1.1339190004456596,-0.6856723540201001,-0.2677623893968353,0.005064382692357312,1.4402324902779924,1.0799999999999998
2.136,-0.8998722726335135,-0.8553776292203822,0.8998722726335135,0.8553776292203822,-0.8890608481860546,-1.1400254945101167,-0.6860525075145787,-0.2665531809637402,0.005110579263002165,1.4402324902779924,1.0799999999999996
2.144,-0.8954928520806075,-0.8602478732909838,0.8954928520806075,0.8602478732909838,-0.9027851749956696,-1.1461041618467085,-0.6863695712572496,-0.26532731842161295,0.005165065397923292,1.4402324902779926,1.0799999999999998
2.152,-0.8911313038439408,-0.8651310442830218,0.8911313038439408,0.8651310442830218,-0.9165152029474596,-1.1521546056063736,-0.6866224138479513,-0.2640833744477683,0.005228071558132049,1.4402324902779922,1.08
2.16,-0.8867879002714638,-0.8700271921034635,0.8867879002714638,0.8700271921034635,-0.9302496343556418,-1.1581763955358595,-0.6868096692658661,-0.2628198531249195,0.00529985448286672,1.4402324902779928,1.08
2.168,-0.8824629404484008,-0.8749363827733457,0.8824629404484008,0.8749363827733457,-0.9439871418027123,-1.1641690663835624,-0.6869297290226725,-0.2615351876118887,0.005380697802346969,1.4402324902779924,1.0799999999999994
2.176,-0.8781567511156362,-0.879858698582908,0.8781567511156362,0.879858698582908,-0.9577263632088067,-1.170132116250197,-0.6869807339820337,-0.26022773764969837,0.005470912600773817,1.4402324902779924,1.0799999999999996
2.184,-0.8738696876408979,-0.884794238273924,0.8738696876408979,0.884794238273924,-0.9714658967345374,-1.1760650048808174,-0.686960565897275,-0.2588957869277817,0.005570837912479468,1.4402324902779926,1.0799999999999996
2.192,-0.8696021350415855,-0.889743117248584,0.8696021350415855,0.889743117248584,-0.9852042955123146,-1.1819671518952979,-0.6868668387354467,-0.2575375403380361,0.005680841130989111,1.440232490277992,1.0799999999999996
2.2,-0.8653545090574744,-0.8947054678040793,0.8653545090574744,0.8947054678040793,-0.9989400622027192,-1.18783793495506,-0.6866968898740078,-0.2561511211478551,0.005801318307374115,1.4402324902779926,1.0799999999999998
2.208,-0.8611272572708404,-0.8996814393918428,0.8611272572708404,0.8996814393918428,-1.012671643374402,-1.193676687864588,-0.6864477712762014,-0.2547345681271448,0.005932694310661834,1.440232490277992,1.0799999999999996
2.216,-0.85692086027075,-0.9046711989001727,0.85692086027075,0.9046711989001727,-1.0263974237083178,-1.199482698607119,-0.686116240772915,-0.25328583266868926,0.006075422819245772,1.4402324902779922,1.0799999999999998
2.224,-0.8527358328573744,-0.9096749309587231,0.8527358328573744,0.9096749309587231,-1.040115720029913,-1.205255207314856,-0.6856987536023187,-0.2518027759460784,0.006229986108246297,1.4402324902779926,1.0799999999999998
2.232,-0.8485727252811968,-0.9146928382630855,0.8485727252811968,0.9146928382630855,-1.053824775176117,-1.2109934041751103,-0.6851914543839152,-0.25028316615878543,0.006396894593658354,1.4402324902779917,1.08
2.24,-0.8444321245108563,-0.9197251419174004,0.8444321245108563,0.9197251419174004,-1.0675227517078496,-1.2166964272749978,-0.6845901697305654,-0.24872467591984193,0.006576686089964453,1.4402324902779926,1.0799999999999996
2.248,-0.8403146555221719,-0.9247720817926339,0.8403146555221719,0.9247720817926339,-1.0812077254830454,-1.2223633603886348,-0.6838904017303782,-0.24712487984792197,0.006769924733778674,1.4402324902779917,1.08
2.2560000000000002,-0.8362209825995358,-0.9298339168978275,0.8362209825995358,0.9298339168978275,-1.0948776791101684,-1.2279932307122767,-0.6830873225597831,-0.24548125243245716,0.006977199522147014,1.4402324902779928,1.0800000000000005
2.2640000000000002,-0.8321518106394146,-0.9349109257612807,0.8321518106394146,0.9349109257612807,-1.1085304953077124,-1.2335850065544993,-0.6821757705190233,-0.24379116624759517,0.007199122410508758,1.4402324902779928,1.08
2.2720000000000002,-0.8281078864441422,-0.9400034068182618,0.8281078864441422,0.9400034068182618,-1.1221639502012661,-1.2391375949903238,-0.6811502478112985,-0.24205189059834673,0.007436325912203316,1.440232490277992,1.0800000000000003
2.2800000000000002,-0.8240899999925054,-0.9451116788014469,0.8240899999925054,0.9451116788014469,-1.1357757065965175,-1.2446498394902004,-0.6800049204158677,-0.24026059068995348,0.00768946013900618,1.4402324902779928,1.08
2.2880000000000003,-0.8200989856718788,-0.9502360811298931,0.8200989856718788,0.9502360811298931,-1.1493633072737728,-1.2501205175369174,-0.6787336204328072,-0.238414327419285,0.007959189220738506,1.440232490277992,1.0800000000000003
2.2960000000000003,-0.8161357234548315,-0.9553769742919285,0.8161357234548315,0.9553769742919285,-1.1629241683574165,-1.2555483382458559,-0.6773298513016153,-0.23651005789470322,0.008246187041803887,1.4402324902779946,1.0800000000000005
2.3040000000000003,-0.8122011400012428,-0.9605347402169178,0.8122011400012428,0.9605347402169178,-1.176455572822007,-1.2609319400065342,-0.675786796316076,-0.23454463679807763,0.00855113223387232,1.4402324902779924,1.08
2.312,-0.8082962096650745,-0.9657097826304316,0.8082962096650745,0.9657097826304316,-1.1899546642052339,-1.26626988816604,-0.6740973308724636,-0.23251481870930982,0.008874702367185457,1.440232490277992,1.0800000000000003
2.32,-0.8044219553830548,-0.9709025273869188,0.8044219553830548,0.9709025273869188,-1.2034184406069093,-1.2715606727777995,-0.672254038895305,-0.23041726151936612,0.00921756728846017,1.4402324902779924,1.0800000000000003
2.328,-0.8005794494207152,-0.9761134227735542,0.8005794494207152,0.9761134227735542,-1.216843749061919,-1.2768027064420322,-0.6702492338831161,-0.22824853106222864,0.009580381561458538,1.4402324902779915,1.0800000000000005
2.336,-0.7967698139495096,-0.981342939778539,0.7967698139495096,0.981342939778539,-1.2302272803838898,-1.2819943222672745,-0.6680749850035808,-0.22600510709880808,0.009963775977326499,1.4402324902779984,1.0800000000000003
2.344,-0.7929942214272068,-0.9865915723167392,0.7929942214272068,0.9865915723167392,-1.2435655645846577,-1.287133771985407,-0.6657231486418254,-0.22368339078630758,0.01036834811607957,1.4402324902779926,1.0799999999999998
2.352,-0.789253894752451,-0.9918598374052018,0.789253894752451,0.9918598374052018,-1.2568549669822828,-1.2922192242556338,-0.6631854057649696,-0.22127971376439168,0.010794651958386452,1.4402324902779937,1.0800000000000005
2.36,-0.7855501071633961,-0.9971482752807872,0.7855501071633961,0.9971482752807872,-1.2700916851171435,-1.297248763195838,-0.6604533054089525,-0.21879034898405375,0.011243186568236571,1.4402324902779924,1.08
2.368,-0.7818841818497151,-1.0024574494519,0.7818841818497151,1.0024574494519,-1.2832717466009775,-1.3022203871824896,-0.6575183145189227,-0.2162115233961063,0.011714383892220872,1.440232490277993,1.0800000000000003
2.376,-0.778257491247152,-1.0077879466761135,0.778257491247152,1.0077879466761135,-1.2963910080275074,-1.3071320079628328,-0.6543718742804655,-0.21353943260291555,0.012208595749909892,1.4402324902780033,1.0799999999999992
2.384,-0.7746714559842125,-1.0131403768553748,0.7746714559842125,1.0131403768553748,-1.3094451550748871,-1.3119814501252443,-0.651005462965729,-0.21077025755909307,0.012726080121890375,1.4402324902779922,1.0800000000000007
2.392,-0.7711275434515963,-1.0185153728404444,0.7711275434515963,1.0185153728404444,-1.3224297039294668,-1.316766450975361,-0.6474106651859982,-0.2079001833839722,0.01326698687693351,1.4402324902779942,1.0800000000000007
2.4,-0.7676272659667757,-1.023913590136303,0.7676272659667757,1.023913590136303,-1.3353400041566168,-1.3214846608666997,-0.6435792472912384,-0.20492542032029606,0.0138313431167622,1.4402324902779915,1.0800000000000005
2.408,-0.7641721785085783,-1.0293357065004223,0.7641721785085783,1.0293357065004223,-1.3481712431376132,-1.3261336440349036,-0.6395032384902722,-0.20184222683990158,0.014419038354995988,1.4402324902779926,1.0800000000000005
2.416,-0.7607638759999835,-1.0347824214260966,0.7607638759999835,1.0347824214260966,-1.3609184521812567,-1.3307108799843328,-0.635175017084455,-0.19864693485786616,0.015029809784808326,1.4402324902780042,1.0799999999999985
2.424,-0.7574039901215376,-1.0402544555034348,0.7574039901215376,1.0402544555034348,-1.373576514404754,-1.3352137654743186,-0.6305874010182123,-0.1953359769721937,0.01566322792614197,1.440232490277992,1.0800000000000007
2.432,-0.7540941856427416,-1.0457525496511537,0.7540941856427416,1.0457525496511537,-1.386140174460795,-1.3396396171500018,-0.6257337417559536,-0.19190591559701656,0.016318682976309506,1.4402324902779924,1.0800000000000003
2.44,-0.7508361562647543,-1.0512774642129836,0.7508361562647543,1.0512774642129836,-1.398604050165628,-1.3439856748589807,-0.6206080203032901,-0.1883534738041683,0.016995372215515215,1.4402324902779926,1.0800000000000003
2.448,-0.7476316199742904,-1.0568299779132964,0.7476316199742904,1.0568299779132964,-1.4109626460578273,-1.3482491056902,-0.6152049440085321,-0.18467556763222437,0.017692288839404942,1.440232490277992,1.0800000000000005
2.456,-0.7444823139160158,-1.0624108866675004,0.7444823139160158,1.0624108866675004,-1.4232103688883129,-1.35242700876533,-0.6095200426152688,-0.18086933956466825,0.018408212602141955,1.4402324902779948,1.0799999999999974
2.464,-0.7413899887987325,-1.0680210022438223,0.7413899887987325,1.0680210022438223,-1.435341545010013,-1.356516420805361,-0.6035497618976176,-0.17693219282185504,0.01914170265391878,1.440232490277991,1.0800000000000005
2.472,-0.7383564028589255,-1.0736611507742657,0.7383564028589255,1.0736611507742657,-1.4473504396015153,-1.3605143224865004,-0.5972915531035734,-0.1728618260563893,0.019891092944730727,1.4402324902779884,1.0799999999999996
2.48,-0.7353833154140713,-1.079332171113874,0.7353833154140713,1.079332171113874,-1.459231277622196,-1.3644176455893298,-0.5907439563678114,-0.16865626799100059,0.020654490540320182,1.4402324902779922,1.0800000000000003
2.488,-0.7324724800466491,-1.0850349130488184,0.7324724800466491,1.0850349130488184,-1.470978266359917,-1.3682232809342743,-0.5839066762387168,-0.1643139114937937,0.021429777155985052,1.4402324902779913,1.0799999999999996
2.496,-0.7296256374684006,-1.09077023535536,0.7296256374684006,1.09077023535536,-1.4825856193952136,-1.3719280870843942,-0.5767806475020195,-0.15983354655043772,0.022214614159202756,1.440232490277975,1.0799999999999992
2.504,-0.7268445081224644,-1.0965390037133271,0.7268445081224644,1.0965390037133271,-1.4940475817703627,-1.3755288997838264,-0.5693680895780313,-0.1552143915686789,0.023006451223541377,1.4402324902779906,1.0800000000000005
2.512,-0.7241307845883237,-1.1023420884794026,0.7241307845883237,1.1023420884794026,-1.5053584561190203,-1.3790225420872597,-0.5616725479219368,-0.15045612243890183,0.023802538735576393,1.4402324902779862,1.0799999999999992
2.52,-0.7214861238610455,-1.1081803623272335,0.7214861238610455,1.1081803623272335,-1.5165126294822278,-1.3824058351224955,-0.5536989210675635,-0.1455588987781498,0.02459994396560379,1.440232490277992,1.0800000000000003
2.528,-0.7189121395814507,-1.1140546977630792,0.7189121395814507,1.1140546977630792,-1.5275046005124142,-1.385675609415399,-0.545453472216993,-0.14052338680352186,0.025395570914947846,1.4402324902779935,1.0799999999999996
2.536,-0.7164103942977875,-1.1199659645274567,0.7164103942977875,1.1199659645274567,-1.5383290067477915,-1.3888287166941728,-0.5369438245886594,-0.13535077831640754,0.02618618365096083,1.4402324902779564,1.0800000000000018
2.544,-0.713982391841759,-1.1259150268949183,0.713982391841759,1.1259150268949183,-1.5489806516273195,-1.3918620420785874,-0.5281789400827397,-0.13004280533058582,0.026968432839496508,1.440232490277992,1.08
2.552,-0.7116295699024183,-1.131902740885746,0.7116295699024183,1.131902740885746,-1.559454530911231,-1.394772516549909,-0.5191690811942647,-0.12460174994373313,0.027738885087847318,1.4402324902779915,1.0799999999999996
2.56,-0.7093532928802766,-1.1379299514048822,0.7093532928802766,1.1379299514048822,-1.569745858174639,-1.397557129588974,-0.5099257564903553,-0.1190304491334747,0.028494054623098796,1.4402324902779915,1.0800000000000003
2.568,-0.7071548451011457,-1.1439974893248555,0.7071548451011457,1.1439974893248555,-1.5798500890518323,-1.4002129418636284,-0.5004616503497619,-0.11333229425092803,0.029230436755466386,1.4402324902780008,1.0799999999999994
2.576,-0.7050354244646443,-1.1501061685307479,0.7050354244646443,1.1501061685307479,-1.5897629439265357,-1.4027370978426905,-0.49079053803186223,-0.10751122508675304,0.029944542516906997,1.4402324902779522,1.0800000000000045
2.584,-0.7029961365960725,-1.1562567829463384,0.7029961365960725,1.1562567829463384,-1.5994804287884186,-1.4051268382120092,-0.48092718748015867,-0.10157171849185456,0.03063293382487528,1.4402324902779924,1.08
2.592,-0.7010379895629101,-1.1624501035614947,0.7010379895629101,1.1624501035614947,-1.6089988540067668,-1.407379511968897,-0.47088724956160344,-0.09551877164385703,0.03129225850121208,1.4402324902779995,1.0799999999999998
2.6,-0.6991618892081836,-1.168686875481512,0.6991618892081836,1.168686875481512,-1.6183148508095613,-1.4094925880747529,-0.46068713868840405,-0.08935788015880239,0.031919284477909746,1.4402324902779902,1.0800000000000005
2.608,-0.6973686351434073,-1.1749678150195586,0.6973686351434073,1.1749678150195586,-1.6274253852963423,-1.411463666551215,-0.45034390595180096,-0.08309501134914637,0.032510932544285914,1.4402324902780044,1.0799999999999998
2.616,-0.695658917433282,-1.1812936068535271,0.695658917433282,1.1812936068535271,-1.6363277698574987,-1.413290488913259,-0.4398751070167897,-0.0767365730232633,0.03306430703303236,1.4402324902779604,1.0800000000000058
2.624,-0.6940333139934993,-1.1876649012684413,0.6940333139934993,1.1876649012684413,-1.6450196719183938,-1.4149709478427264,-0.4292986670773845,-0.0702893783033005,0.03357672390335961,1.4402324902779915,1.08
2.632,-0.6924922887123256,-1.1940823115052068,0.6924922887123256,1.1940823115052068,-1.6534991199720082,-1.416503096017206,-0.41863274515607585,-0.06376060700570424,0.03404573575498357,1.4402324902780026,1.0800000000000012
2.64,-0.6910361902957108,-1.2005464112357285,0.6910361902957108,1.2005464112357285,-1.6617645069097584,-1.41788515402265,-0.40789559995258434,-0.0571577641804738,0.034469153393905855,1.4402324902779902,1.0800000000000005
2.648,-0.6896652518257662,-1.2070577321835,0.6896652518257662,1.2070577321835,-1.6698145907020212,-1.419115517291764,-0.39710545931082014,-0.050488636439249654,0.03484506366541546,1.4402324902780026,1.0800000000000005
2.656,-0.6883795910128407,-1.2136167619075153,0.6883795910128407,1.2136167619075153,-1.6776484925200417,-1.4201927620250583,-0.3862803951884243,-0.04376124671940252,0.03517184336808015,1.4402324902779713,1.0800000000000036
2.664,-0.6871792111128725,-1.2202239417658431,0.6871792111128725,1.2202239417658431,-1.6852656924264244,-1.4211156500662985,-0.37543820578933856,-0.03698380813083863,0.0354481691605489,1.4402324902779917,1.0800000000000007
2.672,-0.6860640024743331,-1.2268796650735887,0.6860640024743331,1.2268796650735887,-1.6926660227916699,-1.421883132718464,-0.3645963062670079,-0.030164677516021983,0.03567302346720927,1.4402324902780004,1.080000000000001
2.68,-0.6850337446725575,-1.233584275467991,0.6850337446725575,1.233584275467991,-1.6998496596203703,-1.4224943535007981,-0.35377162913463794,-0.023312309322579952,0.03584569647635429,1.440232490277991,1.080000000000001
2.688,-0.6840881091843585,-1.240338065491477,0.6840881091843585,1.240338065491477,-1.7068171119899564,-1.422948649860379,-0.3429805352404268,-0.01643521034475743,0.03596578440257709,1.440232490277999,1.0800000000000012
2.696,-0.6832266625518609,-1.2471412754013071,0.6832266625518609,1.2471412754013071,-1.7135692098196744,-1.4232455538639737,-0.3322387358883169,-0.009541895836315175,0.03603318425221098,1.4402324902779786,1.0800000000000014
2.704,-0.6824488699818931,-1.2539940922122526,0.6824488699818931,1.2539940922122526,-1.7201070901963063,-1.4233847919067495,-0.3215612264184366,-0.0026408474363033988,0.03604808538531217,1.4402324902779915,1.0800000000000014
2.712,-0.681754099325883,-1.2608966489765527,0.681754099325883,1.2608966489765527,-1.7264321824867737,-1.4233662834835734,-0.31096223131241724,0.004259526716809495,0.03601095820945239,1.4402324902779957,1.0800000000000007
2.72,-0.6811416253847595,-1.267849024303117,0.6811416253847595,1.267849024303117,-1.732546192466993,-1.4231901390766988,-0.30045516066271694,0.011150929376475157,0.035922540369617326,1.440232490277992,1.080000000000001
2.728,-0.6806106344840709,-1.274851242115822,0.6806106344840709,1.274851242115822,-1.738451085690873,-1.4228566572195902,-0.29005257764723474,0.018025208847302392,0.035783820815134995,1.4402324902779946,1.080000000000001
2.736,-0.6801602292659584,-1.2819032716486283,0.6801602292659584,1.2819032716486283,-1.744149070314611,-1.422366320801442,-0.2797661764818066,0.024874390742356325,0.035596022129952005,1.440232490277984,1.0799999999999998
2.744,-0.6797894336468594,-1.2890050276732488,0.6797894336468594,1.2890050276732488,-1.7496425795793586,-1.421719792680069,-0.2696067701862463,0.03169070673253736,0.035360581507859264,1.4402324902779913,1.0800000000000012
2.7520000000000002,-0.6794971978926154,-1.2961563709532797,0.6794971978926154,1.2961563709532797,-1.754934254141024,-1.4209179106725176,-0.2595842873937553,0.03846662024081333,0.035079130740964554,1.440232490277992,1.0800000000000003
2.7600000000000002,-0.6792824037659317,-1.3033571089169624,0.6792824037659317,1.3033571089169624,-1.7600269244196678,-1.4199616819933114,-0.24970777735736086,0.04519484908758592,0.0347534755693799,1.440232490277992,1.080000000000001
2.7680000000000002,-0.6791438697047378,-1.3106069965392597,0.6791438697047378,1.3106069965392597,-1.7649235931235814,-1.4188522772094587,-0.2399854222595484,0.0518683851393576,0.0343855747143065,1.4402324902779922,1.0800000000000007
2.7760000000000002,-0.6790803559938107,-1.3179057374225627,0.6790803559938107,1.3179057374225627,-1.769627418084976,-1.41759102377976,-0.23042455590873676,0.05848051105250096,0.03397751888700905,1.4402324902779884,1.0799999999999996
2.7840000000000003,-0.6790905698959661,-1.325252985064184,0.6790905698959661,1.325252985064184,-1.7741416955257896,-1.4161793992434437,-0.22103168790643407,0.06502481423599968,0.03353151003397085,1.440232490277992,1.080000000000001
2.7920000000000003,-0.6791731707130393,-1.3326483442978494,0.6791731707130393,1.3326483442978494,-1.7784698438540945,-1.4146190241200434,-0.21181253238845377,0.07149519818196239,0.0330498410451185,1.4402324902779913,1.0800000000000005
2.8000000000000003,-0.6793267747507815,-1.3400913728955908,0.6793267747507815,1.3400913728955908,-1.7826153880738083,-1.412911654578789,-0.20277204047872424,0.07788589133139498,0.032534876118446014,1.4402324902779926,1.0800000000000007
2.8080000000000003,-0.6795499601655164,-1.3475815833158848,0.6795499601655164,1.3475815833158848,-1.7865819448738072,-1.4110591749318206,-0.1939144356423818,0.08419145365460724,0.031989031941625834,1.4402324902779924,1.0800000000000007
2.816,-0.6798412716739665,-1.3551184445834434,0.6798412716739665,1.3551184445834434,-1.7903732084467494,-1.4090635900013466,-0.18524325118239737,0.09040678113242714,0.03141475981993676,1.440232490277991,1.0800000000000003
2.824,-0.680199225110997,-1.3627013842858227,0.680199225110997,1.3627013842858227,-1.7939929370734238,-1.406927017406563,-0.1767613691882194,0.09652710832608186,0.030814528850642273,1.4402324902779924,1.080000000000001
2.832,-0.6806223118230789,-1.3703297906719234,0.6806223118230789,1.3703297906719234,-1.7974449404953747,-1.4046516798119237,-0.16847106031358752,0.10254800922105738,0.03019081021719984,1.4402324902779906,1.0800000000000007
2.84,-0.6811090028881011,-1.3780030148375118,0.6811090028881011,1.3780030148375118,-1.8007330680866824,-1.4022398971741166,-0.16037402383097504,0.10846539652452705,0.02954606265257698,1.4402324902779924,1.080000000000001
2.848,-0.6816577531546606,-1.385720372983063,0.6816577531546606,1.385720372983063,-1.8038611978255377,-1.3996940790211394,-0.1524714274807433,0.1142755195871926,0.028882719099645307,1.440232490277991,1.0800000000000007
2.856,-0.6822670050962097,-1.3934811487295269,0.6822670050962097,1.3934811487295269,-1.8068332260572535,-1.3970167167930645,-0.14476394670213202,0.1199749611098461,0.028203174578086337,1.4402324902779924,1.0800000000000007
2.864,-0.6829351924774032,-1.4012845954780189,0.6829351924774032,1.4012845954780189,-1.8096530580327603,-1.3942103762705385,-0.13725180289940758,0.12556063278291565,0.027509775251411867,1.440232490277992,1.080000000000001
2.872,-0.683660743831676,-1.4091299387999145,0.683660743831676,1.4091299387999145,-1.8123245992003745,-1.3912776901138522,-0.12993480045920577,0.13102976999435006,0.02680480867444767,1.440232490277991,1.0800000000000005
2.88,-0.6844420857505422,-1.4170163788443912,0.6844420857505422,1.4170163788443912,-1.8148517472234829,-1.3882213505324346,-0.12281236229319459,0.1363799257280124,0.026090495190737726,1.4402324902779922,1.0800000000000007
2.888,-0.6852776459863087,-1.4249430927510824,0.6852776459863087,1.4249430927510824,-1.8172383846928637,-1.38504410210202,-0.11588356373356773,0.1416089637615587,0.025368980440621088,1.4402324902779915,1.0800000000000007
2.896,-0.6861658563709032,-1.4329092370561722,0.6861658563709032,1.4329092370561722,-1.8194883724993705,-1.3817487347443675,-0.10914716465709727,0.14671505126004583,0.02464232893395419,1.4402324902779928,1.080000000000001
2.904,-0.6871051555543247,-1.4409139500809773,0.6871051555543247,1.4409139500809773,-1.8216055438306709,-1.378338076882362,-0.10260163975637968,0.1516966508494561,0.023912518636383273,1.4402324902779922,1.0800000000000007
2.912,-0.6880939915668619,-1.4489563542927928,0.6880939915668619,1.4489563542927928,-1.82359369875449,-1.3748149887815322,-0.09624520691475202,0.1565525122431676,0.02318143651448206,1.440232490277992,1.0800000000000007
2.92,-0.6891308242097092,-1.4570355586285393,0.6891308242097092,1.4570355586285393,-1.8254565993502763,-1.3711823560874625,-0.09007585367398907,0.1612816634842841,0.022450874982734487,1.4402324902779922,1.0800000000000007
2.928,-0.6902141272789719,-1.4651506607725155,0.6902141272789719,1.4651506607725155,-1.8271979653512673,-1.3674430835672482,-0.08409136181177443,0.1658834018577847,0.02172252919406425,1.4402324902779915,1.0800000000000005
2.936,-0.6913423906282953,-1.4733007493803312,0.6913423906282953,1.4733007493803312,-1.8288214702595211,-1.3636000890620037,-0.07828933006922272,0.17035728451866428,0.02099799511520447,1.4402324902779928,1.080000000000001
2.944,-0.6925141220755054,-1.4814849062418671,0.6925141220755054,1.4814849062418671,-1.8303307378974842,-1.3596562976564435,-0.0726671950877382,0.174703118875648,0.020278768328494075,1.440232490277992,1.0800000000000007
2.952,-0.6937278491587318,-1.489702208376862,0.6937278491587318,1.489702208376862,-1.8317293393609888,-1.3556146360707304,-0.0672222506296718,0.17892095276464373,0.019566243502542043,1.4402324902779922,1.0800000000000005
2.96,-0.6949821207474921,-1.4979517300574836,0.6949821207474921,1.4979517300574836,-1.8330207903402218,-1.3514780272790454,-0.0619516651688026,0.1830110644417462,0.01886171447548695,1.4402324902779917,1.0800000000000005
2.968,-0.6962755085141928,-1.506232544752958,0.6962755085141928,1.506232544752958,-1.834208548776979,-1.3472493853586955,-0.0568524979451302,0.18697395242231207,0.018166374896194513,1.4402324902779917,1.0800000000000005
2.976,-0.6976066082714305,-1.5145437269920512,0.6976066082714305,1.5145437269920512,-1.8352960128284845,-1.3429316105729996,-0.051921713584072784,0.19081032519021748,0.017481319370590054,1.4402324902779928,1.080000000000001
2.984,-0.6989740411803841,-1.522884354139866,0.6989740411803841,1.522884354139866,-1.8362865191101072,-1.3385275846906588,-0.04715619538332576,0.1945210907998122,0.01680754506234766,1.4402324902779922,1.0800000000000005
2.992,-0.7003764548354814,-1.5312535080860878,0.7003764548354814,1.5312535080860878,-1.8371833411913483,-1.334040166543817,-0.04255275737168271,0.19810734639219738,0.01614595369929116,1.4402324902779922,1.0800000000000005
3.0,-0.7018125242303968,-1.5396502768424303,0.7018125242303968,1.5396502768424303,-1.8379896883215994,-1.3294721878265265,-0.038108155243330236,0.20157036764709518,0.015497353939065232,1.4402324902779928,1.0800000000000005
3.008,-0.7032809526103188,-1.5480737560476312,0.7032809526103188,1.5480737560476312,-1.8387087043641828,-1.3248264491348436,-0.03381909626885347,0.2049115981917087,0.014862464049868547,1.4402324902779926,1.0800000000000007
3.016,-0.704780472215295,-1.5565230503789118,0.704780472215295,1.5565230503789118,-1.8393434669191944,-1.3201057162492953,-0.02968224828064219,0.20813263898840528,0.014241914864284987,1.440232490277993,1.0800000000000005
3.024,-0.7063098449193452,-1.5649972748693506,0.7063098449193452,1.5649972748693506,-1.8398969866175863,-1.3153127166599383,-0.02569424782586685,0.21123523772371833,0.01363625296648151,1.4402324902779922,1.0800000000000003
3.032,-0.7078678627699155,-1.5734955561311066,0.7078678627699155,1.5734955561311066,-1.8403722065707129,-1.3104501363337226,-0.021851707574891903,0.2142212782219642,0.013045944075253602,1.4402324902779924,1.0800000000000005
3.04,-0.709453348432141,-1.5820170334849086,0.709453348432141,1.5820170334849086,-1.8407720019612948,-1.305520616723316,-0.018151223067133467,0.21709276990757242,0.012471376587581868,1.4402324902779928,1.080000000000001
3.048,-0.711065155542284,-1.5905608599966397,0.711065155542284,1.5905608599966397,-1.841099179763309,-1.3005267520159978,-0.014589378870126034,0.21985183734101077,0.011912865249512322,1.4402324902779922,1.0800000000000005
3.056,-0.7127021689746262,-1.599126203422249,0.7127021689746262,1.599126203422249,-1.8413564785797738,-1.2954710866206494,-0.01116275422108429,0.22250070985383713,0.011370654923285949,1.4402324902779928,1.0800000000000003
3.064,-0.7143633050260116,-1.6077122470625864,0.7143633050260116,1.6077122470625864,-1.841546568588722,-1.2903561128902745,-0.007867928213704673,0.22504171130888295,0.010844924421718654,1.4402324902779928,1.0800000000000005
3.072,-0.7160475115221615,-1.6163181905300745,0.7160475115221615,1.6163181905300745,-1.8416720515888294,-1.2851842690768958,-0.004701484586421435,0.2274772500118504,0.010335790382871735,1.4402324902779924,1.0800000000000003
3.08,-0.7177537678498204,-1.6249432504294339,0.7177537678498204,1.6249432504294339,-1.841735461137253,-1.2799579375150596,-0.0016600161619563392,0.22980980880060548,0.009843311160053558,1.4402324902779926,1.0800000000000003
3.088,-0.7194810849187261,-1.6335866609549345,0.7194810849187261,1.6335866609549345,-1.8417392627731337,-1.2746794430295925,0.0012598710181554538,0.2320419353382061,0.009367490704155226,1.4402324902779926,1.0800000000000005
3.096,-0.7212285050573451,-1.6422476744068775,0.7212285050573451,1.6422476744068775,-1.8416858543210637,-1.2693510515626616,0.0040615538262575935,0.23417623263516354,0.00890828241724753,1.4402324902779926,1.0800000000000003
3.104,-0.722995101846257,-1.6509255616302136,0.722995101846257,1.6509255616302136,-1.841577566269501,-1.2639749690146103,0.006748388416186374,0.23621534982561762,0.008465592958248561,1.4402324902779922,1.08
3.112,-0.7247799798930225,-1.6596196123783664,0.7247799798930225,1.6596196123783664,-1.84141666221971,-1.2585533402924984,0.00932370679865675,0.23816197322102192,0.008039285983311785,1.4402324902779922,1.0800000000000003
3.12,-0.7265822745523162,-1.668329135605481,0.7265822745523162,1.668329135605481,-1.8412053394013106,-1.2530882485597443,0.011790813601980806,0.24001881766357733,0.007629185805378671,1.4402324902779926,1.0800000000000005
3.128,-0.7284011515950551,-1.6770534596904212,0.7284011515950551,1.6770534596904212,-1.8409457292509128,-1.2475817146797779,0.014152982999966202,0.24178861820007308,0.007235080959084682,1.4402324902779924,1.0800000000000005
3.136,-0.7302358068301933,-1.6857919325959343,0.7302358068301933,1.6857919325959343,-1.8406398980506433,-1.2420356968461639,0.016413455792684162,0.24347412209498986,0.006856727658899884,1.440232490277993,1.0800000000000005
3.144,-0.7320854656828,-1.6945439219664622,0.7320854656828,1.6945439219664622,-1.8402898476236225,-1.2364520903912415,0.01857543662918601,0.24507808119973806,0.006493853140019021,1.4402324902779922,1.0800000000000003
3.152,-0.7339493827319735,-1.7033088151681193,0.7339493827319735,1.7033088151681193,-1.839897516083636,-1.2308327277649704,0.020642091364216384,0.2466032446927777,0.006146158873088817,1.4402324902779922,1.0800000000000005
3.16,-0.7358268412120743,-1.7120860192743756,0.7358268412120743,1.7120860192743756,-1.8394647786363783,-1.225179378675356,0.022616544543495144,0.2480523522031099,0.005813323645366038,1.4402324902779922,1.0800000000000003
3.168,-0.7377171524806898,-1.720874961000983,0.7377171524806898,1.720874961000983,-1.8389934484297352,-1.2194937503815704,0.024501877014277376,0.24942812732731134,0.005495006502334801,1.4402324902779924,1.0800000000000005
3.176,-0.739619655456661,-1.7296750865936603,0.739619655456661,1.7296750865936603,-1.8384852774506162,-1.2137774881306842,0.026301123659645282,0.25073327154790126,0.005190849545172143,1.4402324902779924,1.080000000000001
3.184,-0.7415337160314188,-1.738485861672019,0.7415337160314188,1.738485861672019,-1.8379419574658649,-1.2080321757287642,0.028017271256370054,0.25197045855844324,0.0049004805807323195,1.4402324902779926,1.0800000000000005
3.192,-0.7434587264567859,-1.7473067710331547,0.7434587264567859,1.7473067710331547,-1.8373651210047712,-1.202259336237005,0.029653256457247333,0.2531423289984166,0.004623515621920496,1.4402324902779924,1.0800000000000007
3.2,-0.7453941047122981,-1.756137318418268,0.7453941047122981,1.756137318418268,-1.8367563423806779,-1.1964604327835138,0.03121196389956417,0.25425148559856536,0.004359561237442304,1.4402324902779926,1.0800000000000005
3.208,-0.7473392938550028,-1.764977026245591,0.7473392938550028,1.764977026245591,-1.8361171387491384,-1.190636869481379,0.03269622444184802,0.25530048873518885,0.004108216750945744,1.4402324902779917,1.0800000000000005
3.216,-0.7492937613545767,-1.773825435312815,0.7492937613545767,1.773825435312815,-1.835448971200039,-1.1847899924437162,0.03410881353130266,0.256291852389688,0.0038690762905145325,1.4402324902779924,1.080000000000001
3.224,-0.751256998416494,-1.782682104472106,0.751256998416494,1.782682104472106,-1.834753245881042,-1.178921090886489,0.03545244970437704,0.2572280405076484,0.0036417306903273644,1.4402324902779922,1.0800000000000007
3.232,-0.753228519295857,-1.791546610280692,0.753228519295857,1.791546610280692,-1.834031315149669,-1.1730313983100529,0.03672979322278697,0.2581114637498532,0.003425769247065817,1.4402324902779924,1.0800000000000007
3.24,-0.755207860604379,-1.8004185466298879,0.755207860604379,1.8004185466298879,-1.8332844787512905,-1.167122093750571,0.037943444847024464,0.25894447662586934,0.0032207813343354957,1.4402324902779922,1.0800000000000007
3.248,-0.75719458061288,-1.8092975243553029,0.75719458061288,1.8092975243553029,-1.832513985020258,-1.1611943030926812,0.03909594474899345,0.259729374999274,0.003026357878963298,1.4402324902779926,1.0800000000000005
3.2560000000000002,-0.7591882585515334,-1.8181831708308516,0.7591882585515334,1.8181831708308516,-1.8317210321013804,-1.15524910043505,0.040189771564912276,0.26046839395217236,0.002842092703549282,1.4402324902779926,1.0800000000000005
3.2640000000000002,-0.7611884939099647,-1.8270751295490577,0.7611884939099647,1.8270751295490577,-1.8309067691889347,-1.1492875095007653,0.04122734158905693,0.261163705995417,0.00266758374008918,1.440232490277992,1.0800000000000003
3.2720000000000002,-0.7631949057391773,-1.8359730596900101,0.7631949057391773,1.8359730596900101,-1.8300722977803952,-1.1433105050848227,0.042211008108304936,0.2618174196098771,0.0025024341198450076,1.4402324902779922,1.0800000000000005
3.2800000000000002,-0.7652071319571432,-1.8448766356811988,0.7652071319571432,1.8448766356811988,-1.8292186729420663,-1.137319014531319,0.04314306087678993,0.2624315781032105,0.0023462531449316673,1.4402324902779922,1.0800000000000003
3.2880000000000003,-0.7672248286597693,-1.853785546750322,0.7672248286597693,1.853785546750322,-1.8283469045838332,-1.131313919233326,0.04402572572932194,0.2630081587658761,0.002198657147310361,1.440232490277992,1.0800000000000003
3.2960000000000003,-0.7692476694388151,-1.8626994964730277,0.7692476694388151,1.8626994964730277,-1.827457958740273,-1.1252960561487937,0.044861164331571585,0.2635490723095662,0.0020592702410400067,1.4402324902779924,1.0800000000000003
3.3040000000000003,-0.7712753447082107,-1.8716182023174153,0.7712753447082107,1.8716182023174153,-1.8265527588554147,-1.1192662193262273,0.045651474064376,0.2640561625708454,0.0019277249737399695,1.4402324902779922,1.0800000000000003
3.3120000000000003,-0.7733075610400961,-1.8805413951869994,0.7733075610400961,1.8805413951869994,-1.8256321870684993,-1.1132251614342712,0.04639868803891452,0.2645312064625391,0.001803662883266688,1.440232490277992,1.0800000000000003
3.3200000000000003,-0.7753440405117773,-1.8894688189637037,0.7753440405117773,1.8894688189637037,-1.8246970854981601,-1.1071735952897421,0.047104775238922966,0.2649759141553083,0.0016867349656076633,1.440232490277992,1.0800000000000005
3.3280000000000003,-0.7773845200646735,-1.8984002300523373,0.7773845200646735,1.8984002300523373,-1.823748257522522,-1.1011121953790461,0.04777164078558681,0.26539192947188117,0.001576602059953551,1.4402324902779924,1.0800000000000005
3.336,-0.7794287508762145,-1.9073353969278732,0.7794287508762145,1.9073353969278732,-1.8227864690528173,-1.0950415993683222,0.048401126320268384,0.2657808304765555,0.0014729351568283852,1.4402324902779922,1.0800000000000003
3.344,-0.7814764977455297,-1.9162740996867456,0.7814764977455297,1.9162740996867456,-1.8218124497982133,-1.0889624095980412,0.04899501049979511,0.2661441302428469,0.0013754156350427379,1.4402324902779924,1.0800000000000007
3.352,-0.783527538493662,-1.9252161296032497,0.783527538493662,1.9252161296032497,-1.8208268945196542,-1.0828751945581847,0.04955500959866187,0.2664832777825113,0.0012837354330905609,1.440232490277992,1.0800000000000003
3.36,-0.7855816633789394,-1.9341612886920472,0.7855816633789394,1.9341612886920472,-1.8198304642706378,-1.076780490340499,0.050082778212186874,0.26679965911961157,0.0011975971604410928,1.4402324902779922,1.0800000000000005
3.368,-0.7876386745280307,-1.943109389277645,0.7876386745280307,1.943109389277645,-1.8188237876229743,-1.0706788020646936,0.05057991005440058,0.26709459849381323,0.001116714153987245,1.4402324902779926,1.0800000000000007
3.376,-0.7896983853831213,-1.952060253571643,0.7896983853831213,1.952060253571643,-1.8178074618756916,-1.064570605275804,0.051047938844248804,0.26736935967767445,0.001040810484704604,1.4402324902779922,1.0800000000000007
3.384,-0.7917606201655557,-1.9610137132584315,0.7917606201655557,1.9610137132584315,-1.8167820542453874,-1.0584563473102828,0.051488339273545895,0.2676251473933255,0.0009696209193547296,1.4402324902779924,1.0800000000000005
3.392,-0.7938252133562069,-1.969969609089945,0.7938252133562069,1.969969609089945,-1.815748103036462,-1.0523364486287057,0.05190252805002322,0.267863108814609,0.0009028908418356401,1.4402324902779924,1.0800000000000007
3.4,-0.7958920091927567,-1.9789277904899842,0.7958920091927567,1.9789277904899842,-1.8147061187897924,-1.046211304113294,0.05229186500877891,0.2680843351414604,0.00084037613854462,1.4402324902779926,1.080000000000001
3.408,-0.797960861183995,-1.9878881151685457,0.797960861183995,1.9878881151685457,-1.813656585408552,-1.0400812843287446,0.052657654285442446,0.26828986323403714,0.0007818430518763179,1.4402324902779924,1.0800000000000007
3.416,-0.8000316316411819,-1.9968504487465206,0.8000316316411819,1.9968504487465206,-1.812599961260004,-1.0339467367451378,0.05300114554442101,0.2684806772948587,0.0007270680057350195,1.440232490277992,1.0800000000000007
3.424,-0.8021041912264476,-2.005814664391054,0.8021041912264476,2.005814664391054,-1.8115366802522312,-1.027807986921954,0.05332353525568729,0.2686577105879693,0.000675837406696186,1.4402324902779922,1.0800000000000005
3.432,-0.8041784185181555,-2.0147806424617993,0.8041784185181555,2.0147806424617993,-1.8104671528849037,-1.02166533965247,0.05362596801369908,0.26882184718490026,0.0006279474242107992,1.4402324902779922,1.0800000000000005
3.44,-0.8062541995930923,-2.023748270168226,0.8062541995930923,2.023748270168226,-1.8093917672732935,-1.0155190800680307,0.053909537892204436,0.26897392372795703,0.0005832037530082778,1.4402324902779926,1.0800000000000007
3.448,-0.8083314276253092,-2.03271744123811,0.8083314276253092,2.03271744123811,-1.8083108901448879,-1.0093694747019053,0.05417528982887793,0.2691147312021034,0.0005414213606213098,1.4402324902779924,1.080000000000001
3.456,-0.8104100025013905,-2.0416880555972536,0.8104100025013905,2.0416880555972536,-1.8072248678080596,-1.0032167725126195,0.05442422103395185,0.26924501670744394,0.0005024242227300239,1.4402324902779922,1.0800000000000005
3.464,-0.8124898304518882,-2.0506600190604636,0.8124898304518882,2.0506600190604636,-1.8061340270923725,-0.9970612058668396,0.0546572824172444,0.26936548522501547,0.000466045048804426,1.4402324902779926,1.0800000000000005
3.472,-0.8145708236986291,-2.059633243033756,0.8145708236986291,2.059633243033756,-1.8050386762602046,-0.990902991482033,0.05487538002824413,0.26947680136928776,0.0004321250003138238,1.4402324902779926,1.0800000000000005
3.48,-0.816652900117568,-2.0686076442277272,0.816652900117568,2.0686076442277272,-1.8039391058894851,-0.9847423313292828,0.055079376504180835,0.2695795911214367,0.00040051340357075995,1.4402324902779928,1.080000000000001
3.488,-0.8187359829168368,-2.077583144381989,0.8187359829168368,2.077583144381989,-1.802835589727427,-0.9785794134967543,0.05527009252129455,0.2696744435380901,0.0003710674590849816,1.4402324902779924,1.0800000000000005
3.496,-0.8208200003296166,-2.0865596700005433,0.8208200003296166,2.0865596700005433,-1.8017283855152428,-0.9724144130144298,0.055448308244805254,0.269761912430851,0.00034365194912083444,1.4402324902779928,1.080000000000001
3.504,-0.8229048853214389,-2.095537152097933,0.8229048853214389,2.095537152097933,-1.8006177357839057,-0.9662474926408294,0.05561476477337973,0.2698425180124828,0.00031813894497911463,1.4402324902779926,1.0800000000000007
3.512,-0.8249905753115112,-2.104515525955997,0.8249905753115112,2.104515525955997,-1.7995038686211133,-0.960078803612519,0.05577016557419041,0.2699167485061816,0.00029440751536212174,1.440232490277992,1.0800000000000007
3.52,-0.8270770119076432,-2.1134947308910172,0.8270770119076432,2.1134947308910172,-1.7983869984096714,-0.9539084863572864,0.05591517790495805,0.2699850617148767,0.0002723434370282529,1.4402324902779926,1.080000000000001
3.528,-0.8291641406543464,-2.122474710031041,0.8291641406543464,2.122474710031041,-1.7972673265375965,-0.9477366711719307,0.056050434219665754,0.2700478865479785,0.0002518389088000225,1.440232490277992,1.0800000000000005
3.536,-0.8312519107936694,-2.1314554101031424,0.8312519107936694,2.1314554101031424,-1.7961450420802922,-0.9415634788656604,0.056176533554923185,0.27010562450344133,0.00023279226985660853,1.4402324902779922,1.0800000000000005
3.544,-0.833340275038327,-2.1404367812303717,0.833340275038327,2.1404367812303717,-1.7950203224552148,-0.9353890213701435,0.05629404289424562,0.270158651103424,0.00021510772311869494,1.440232490277992,1.0800000000000007
3.552,-0.8354291893566782,-2.1494187767381283,0.8354291893566782,2.1494187767381283,-1.793893334049495,-0.9292134023172862,0.0564034985077911,0.27020731728221625,0.00019869506441933833,1.440232490277992,1.0800000000000005
3.56,-0.837518612769112,-2.158401352969689,0.837518612769112,2.158401352969689,-1.7927642328210291,-0.9230367175858426,0.05650540726536887,0.270251950725451,0.00018346941804932285,1.4402324902779922,1.0800000000000005
3.568,-0.8396085071553937,-2.167384469110615,0.8396085071553937,2.167384469110615,-1.7916331648735928,-0.9168590558179766,0.05660024792079303,0.27029285715994716,0.00016935097916883566,1.440232490277992,1.08
3.576,-0.8416988370725353,-2.1763680870217503,0.8416988370725353,2.1763680870217503,-1.7905002670065693,-0.9106804989069107,0.05668847236590539,0.2703303215938218,0.00015626476348877674,1.4402324902779922,1.0800000000000003
3.584,-0.8437895695827528,-2.185352171080532,0.8437895695827528,2.185352171080532,-1.789365667239912,-0.9045011224567976,0.05677050685283054,0.27036460950677677,0.0001441403645442948,1.4402324902779922,1.08
3.592,-0.8458806740910806,-2.1943366880303112,0.8458806740910806,2.1943366880303112,-1.7882294853149905,-0.8983209962159545,0.05684675318325345,0.2703959679907074,0.0001329117188098146,1.4402324902779922,1.08
3.6,-0.847972122192224,-2.203321606837412,0.847972122192224,2.203321606837412,-1.7870918331719883,-0.8921401844845903,0.05691758986372508,0.27042462684099305,0.0001225168788384251,1.4402324902779922,1.08
3.608,-0.85006388752623,-2.212306898555624,0.85006388752623,2.212306898555624,-1.7859528154045425,-0.8859587464981475,0.056983373226204274,0.27045079959902263,0.00011289779454873455,1.440232490277992,1.08
3.616,-0.852155945642576,-2.2212925361978466,0.852155945642576,2.2212925361978466,-1.784812529692324,-0.8797767367873662,0.057044438513234534,0.270474684546677,0.00010400010272863133,1.4402324902779926,1.08
3.624,-0.8542482738722778,-2.2302784946146046,0.8542482738722778,2.2302784946146046,-1.7836710672122722,-0.8735942055161573,0.05710110092733183,0.2704964656536354,9.577292477754154e-05,1.4402324902779926,1.0800000000000003
3.632,-0.8563408512076319,-2.239264750379145,0.8563408512076319,2.239264750379145,-1.7825285130292015,-0.8674111987983526,0.057153656644324806,0.27051631347850313,8.816867266627157e-05,1.4402324902779924,1.08
3.64,-0.8584336581892196,-2.2482512816788427,0.8584336581892196,2.2482512816788427,-1.7813849464665035,-0.8612277589943762,0.05720238379054146,0.27053438602486607,8.114286305602792e-05,1.4402324902779926,1.0800000000000003
3.648,-0.860526676799806,-2.2572380682126423,0.860526676799806,2.2572380682126423,-1.7802404414576658,-0.8550439249888513,0.05724754338387684,0.2705508295534681,7.465393948533946e-05,1.4402324902779926,1.0800000000000005
3.656,-0.8626198903647865,-2.266225091094267,0.8626198903647865,2.266225091094267,-1.7790950668793306,-0.8488597324501335,0.05728938023890506,0.27056577935178566,6.866310250501757e-05,1.4402324902779928,1.0800000000000005
3.664,-0.8647132834588371,-2.275212332760934,0.8647132834588371,2.275212332760934,-1.777948886866606,-0.8426752140727267,0.05732812383631589,0.27057936046233416,6.313414761663218e-05,1.4402324902779926,1.0800000000000007
3.672,-0.8668068418184434,-2.284199776887324,0.8668068418184434,2.284199776887324,-1.7768019611113455,-0.8364903998035128,0.05736398915706206,0.27059168837108855,5.803331084894546e-05,1.4402324902779928,1.0800000000000007
3.68,-0.8689005522599916,-2.2931874083045525,0.8689005522599916,2.2931874083045525,-1.7756543451440907,-0.8303053170526854,0.05739717748169871,0.27060286965743696,5.332912178901057e-05,1.4402324902779928,1.080000000000001
3.688,-0.8709944026031187,-2.302175212923907,0.8709944026031187,2.302175212923907,-1.7745060906003722,-0.8241199908902556,0.05742787715548081,0.27061300260711085,4.899226386993745e-05,1.4402324902779924,1.0800000000000005
3.696,-0.8730883815990288,-2.3111631776651125,0.8730883815990288,2.3111631776651125,-1.773357245472045,-0.8179344442289566,0.057456264319859826,0.27062217778954933,4.499544170534274e-05,1.4402324902779928,1.0800000000000005
3.704,-0.875182478863499,-2.3201512903889006,0.875182478863499,2.3201512903889006,-1.7722078543443243,-0.8117486979943437,0.057482503611086075,0.27063047860116135,4.131325525102946e-05,1.4402324902779928,1.0800000000000007
3.712,-0.8772766848143043,-2.329139539833665,0.8772766848143043,2.329139539833665,-1.7710579586191724,-0.8055627712828527,0.05750674882668024,0.27063798177594744,3.792208056718861e-05,1.4402324902779924,1.0800000000000007
3.72,-0.8793709906128093,-2.338127915555991,0.8793709906128093,2.338127915555991,-1.7699075967256694,-0.7993766815085465,0.05752914356058586,0.27064475786493203,3.479995694919297e-05,1.4402324902779924,1.0800000000000007
3.728,-0.8814653881094792,-2.347116407874857,0.8814653881094792,2.347116407874857,-1.7687568043179887,-0.7931904445392453,0.05754982180785517,0.27065087168584245,3.192648019163197e-05,1.4402324902779928,1.0800000000000005
3.736,-0.8835598697930799,-2.3561050078193095,0.8835598697930799,2.3561050078193095,-1.7676056144615744,-0.787004074822706,0.057568908539754216,0.2706563827444491,2.928270174842243e-05,1.4402324902779926,1.0800000000000005
3.744,-0.8856544287433448,-2.365093707079429,0.8856544287433448,2.365093707079429,-1.766454057808107,-0.7808175855034806,0.05758652025019926,0.27066134562895394,2.685103355144545e-05,1.4402324902779926,1.0800000000000007
3.7520000000000002,-0.8877490585868963,-2.374082497960405,0.8877490585868963,2.374082497960405,-1.7653021627598158,-0.7746309885310556,0.05760276547445736,0.270665810378787,2.461515825103456e-05,1.4402324902779926,1.0800000000000005
3.7600000000000002,-0.8898437534562245,-2.383071373339544,0.8898437534562245,2.383071373339544,-1.7641499556236913,-0.7684442947598419,0.05761774528105774,0.27066982282913216,2.2559944643617654e-05,1.4402324902779928,1.080000000000001
3.7680000000000002,-0.8919385079515283,-2.392060326626049,0.8919385079515283,2.392060326626049,-1.762997460756115,-0.7622575140415536,0.05763155373787018,0.27067342493247204,2.0671368054748594e-05,1.4402324902779926,1.080000000000001
3.7760000000000002,-0.8940333171052444,-2.4010493517234153,0.8940333171052444,2.4010493517234153,-1.7618447006984213,-0.7560706553104897,0.057644278353310735,0.2706766550583983,1.8936435449537786e-05,1.4402324902779926,1.0800000000000007
3.7840000000000003,-0.8961281763490884,-2.410038442994283,0.8961281763490884,2.410038442994283,-1.7606916963038732,-0.7498837266621986,0.057656000493634764,0.2706795482728954,1.7343115046961937e-05,1.4402324902779926,1.0800000000000005
3.7920000000000003,-0.8982230814834488,-2.419027595227614,0.8982230814834488,2.419027595227614,-1.7595384668565264,-0.7436967354259825,0.05766679577727323,0.2706821365982622,1.58802702196125e-05,1.4402324902779926,1.0800000000000005
3.8000000000000003,-0.9003180286489818,-2.428016803608049,0.9003180286489818,2.428016803608049,-1.7583850301824249,-0.7375096882316722,0.05767673444716032,0.27068444925479246,1.453759746601811e-05,1.4402324902779926,1.0800000000000012
3.8080000000000003,-0.9024130143002602,-2.4370060636873134,0.9024130143002602,2.4370060636873134,-1.7572314027535647,-0.7313225910710748,0.05768588172198948,0.2706865128852918,1.3305568248663797e-05,1.4402324902779924,1.080000000000001
3.8160000000000003,-0.9045080351813435,-2.445995371357558,0.9045080351813435,2.445995371357558,-1.7560775997850355,-0.7251354493544768,0.05769429812732112,0.2706883517634631,1.2175374497144846e-05,1.4402324902779926,1.0800000000000005
3.8240000000000003,-0.9066030883031378,-2.4549847228265036,0.9066030883031378,2.4549847228265036,-1.754923635325732,-0.7189482679625583,0.05770203980744872,0.27068998798714883,1.1138877582463255e-05,1.4402324902779926,1.0800000000000005
3.8320000000000003,-0.9086981709224278,-2.4639741145942904,0.9086981709224278,2.4639741145942904,-1.7537695223430154,-0.7127610512940545,0.05770915881891193,0.27069144165737297,1.0188560575235231e-05,1.4402324902779928,1.080000000000001
3.84,-0.9107932805224641,-2.4729635434319186,0.9107932805224641,2.4729635434319186,-1.752615272801679,-0.7065738033094797,0.057715703406524196,0.2706927310440829,9.317483607465957e-06,1.4402324902779928,1.080000000000001
3.848,-0.9128884147950029,-2.481953006361184,0.9128884147950029,2.481953006361184,-1.7514608977375623,-0.700386527571203,0.05772171826276126,0.2706938727394467,8.519242164516017e-06,1.4402324902779928,1.0800000000000005
3.856,-0.9149835716236939,-2.4909425006360095,0.9149835716236939,2.4909425006360095,-1.7503064073261356,-0.69419922728016,0.05772724477133279,0.27069488179951906,7.787928140880345e-06,1.4402324902779933,1.080000000000001
3.864,-0.917078749068724,-2.499932023725093,0.917078749068724,2.499932023725093,-1.7491518109463668,-0.6880119053094479,0.05773232123573549,0.2706957718750481,7.118093500388501e-06,1.440232490277993,1.080000000000001
3.872,-0.9191739453526298,-2.5089215732957717,0.9191739453526298,2.5089215732957717,-1.7479971172401583,-0.6818245642350481,0.05773698309356054,0.2706965553321532,6.504716388375974e-06,1.440232490277993,1.080000000000001
3.88,-0.921269158847194,-2.5179111471990434,0.921269158847194,2.5179111471990434,-1.746842334167635,-0.675637206363902,0.05774126311730249,0.27069724336356493,5.943169550240361e-06,1.440232490277993,1.080000000000001
3.888,-0.9233643880613491,-2.5269007434556463,0.9233643880613491,2.5269007434556463,-1.745687469058546,-0.6694498337595433,0.05774519160238998,0.270697846091081,5.42919091755632e-06,1.440232490277993,1.080000000000001
3.896,-0.9254596316300172,-2.535890360243147,0.9254596316300172,2.535890360243147,-1.744532528660027,-0.6632624482654839,0.05774879654313247,0.27069837265985247,4.95885622955364e-06,1.4402324902779928,1.080000000000001
3.904,-0.927554888303815,-2.5448799958839587,0.927554888303815,2.5448799958839587,-1.743377519180958,-0.6570750515265332,0.05775210379724992,0.2706988313250813,4.528553564249762e-06,1.440232490277993,1.080000000000001
3.912,-0.9296501569395654,-2.5538696488342305,0.9296501569395654,2.5538696488342305,-1.7422224463331402,-0.650887645008216,0.05775513723962582,0.270699229531674,4.134959659848231e-06,1.440232490277993,1.0800000000000012
3.92,-0.9317454364915516,-2.5628593176735466,0.9317454364915516,2.5628593176735466,-1.7410673153695015,-0.644700230014446,0.05775791890589713,0.270699573987364,3.7750179131605195e-06,1.440232490277993,1.0800000000000007
3.928,-0.9338407260034628,-2.571849001095385,0.9338407260034628,2.571849001095385,-1.7399121311195247,-0.6385128077035975,0.0577604691264684,0.2706998707297837,3.445917947765005e-06,1.440232490277993,1.080000000000001
3.936,-0.935936024600978,-2.580838697898277,0.935936024600978,2.580838697898277,-1.738756898022088,-0.6323253791031102,0.05776280665151096,0.27070012518793685,3.1450766503797104e-06,1.4402324902779928,1.0800000000000007
3.944,-0.9380313314849398,-2.5898284069776247,0.9380313314849398,2.5898284069776247,-1.7376016201558904,-0.6261379451227465,0.057764948767482775,0.27070034223849254,2.8701205794835707e-06,1.440232490277993,1.0800000000000007
3.952,-0.9401266459250757,-2.598818127318128,0.9401266459250757,2.598818127318128,-1.7364463012676286,-0.6199505065666202,0.057766911405678946,0.2707005262572955,2.6188696555744024e-06,1.4402324902779933,1.0800000000000016
3.96,-0.9422219672542227,-2.6078078579867796,0.9422219672542227,2.6078078579867796,-1.7352909447980762,-0.6137630641440965,0.057768709243298584,0.27070068116646095,2.3893220475953517e-06,1.440232490277993,1.0800000000000014
3.968,-0.9443172948630196,-2.6167975981263836,0.9443172948630196,2.6167975981263836,-1.7341355539062147,-0.6075756184796647,0.057770355797489466,0.2707008104773973,2.1796401749947014e-06,1.4402324902779933,1.0800000000000016
3.976,-0.946412628195029,-2.625787346949569,0.946412628195029,2.625787346949569,-1.732980131491549,-0.6013881701218694,0.05777186351280879,0.27070091733007684,1.9881377496068022e-06,1.440232490277993,1.0800000000000014
3.984,-0.9485079667422562,-2.6347771037332546,0.9485079667422562,2.6347771037332546,-1.7318246802147363,-0.5952007195513854,0.057773243842515455,0.2707010045288526,1.813267786056106e-06,1.4402324902779935,1.080000000000002
3.992,-0.9506033100410357,-2.643766867813538,0.9506033100410357,2.643766867813538,-1.7306692025166481,-0.5890132671883099,0.05777450732408762,0.2707010745750978,1.6536115136933755e-06,1.4402324902779935,1.0800000000000018
4.0,-0.9526986576682545,-2.652756638580975,0.9526986576682545,2.652756638580975,-1.729513700635975,-0.5828258133987427,0.0577756636493378,0.2707011296969261,1.5078681271770533e-06,1.4402324902779933,1.080000000000002
4.008,-0.9547940092378868,-2.66174641547622,0.9547940092378868,2.66174641547622,-1.728358176625482,-0.5766383585007183,0.05777672172947771,0.27070117187623044,1.3748453167165602e-06,1.4402324902779935,1.0800000000000018
4.016,-0.9568893643978168,-2.6707361979860096,0.9568893643978168,2.6707361979860096,-1.7272026323670095,-0.5704509027695485,0.057777689755465156,0.2707012028732627,1.2534505227034355e-06,1.4402324902779933,1.0800000000000018
4.024,-0.9589847228269234,-2.679725985639451,0.9589847228269234,2.679725985639451,-1.726047069585311,-0.5642634464426292,0.05777857525394643,0.27070122424895837,1.1426828629746825e-06,1.4402324902779933,1.0800000000000014
4.032,-0.9610800842324098,-2.688715778004601,0.9610800842324098,2.688715778004601,-1.7248914898608152,-0.5580759897237607,0.05777938513908989,0.2707012373851968,1.0416256842866454e-06,1.4402324902779933,1.0800000000000018
4.04,-0.9631754483473555,-2.6977055746853176,0.9631754483473555,2.6977055746853176,-1.7237358946413894,-0.5518885327870274,0.05778012576058859,0.2707012435031712,9.494396927326972e-07,1.4402324902779933,1.0800000000000018
4.048,-0.9652708149284746,-2.706695375318349,0.9652708149284746,2.706695375318349,-1.7225802852531786,-0.5457010757802772,0.05778080294809391,0.2707012436800314,8.653566208199801e-07,1.4402324902779926,1.0800000000000018
4.056,-0.9673661837540626,-2.715685179570663,0.9673661837540626,2.715685179570663,-1.7214246629105896,-0.5395136188282382,0.05778142205232576,0.2707012388639475,7.886733917355182e-07,1.4402324902779933,1.080000000000002
4.064,-0.9694615546221171,-2.724674987136975,0.9694615546221171,2.724674987136975,-1.7202690287254851,-0.5333261620353096,0.05778198798309045,0.2707012298877334,7.187467439871572e-07,1.440232490277993,1.0800000000000018
4.072,-0.9715569273486178,-2.7336647977374855,0.9715569273486178,2.7336647977374855,-1.719113383715646,-0.5271387054880546,0.05778250524442254,0.27070121748115544,6.549882821053681e-07,1.440232490277993,1.0800000000000016
4.08,-0.9736523017659527,-2.742654611115785,0.9736523017659527,2.742654611115785,-1.717957728812557,-0.5209512492574268,0.057782977967053936,0.27070120228204425,5.968599214456023e-07,1.4402324902779933,1.0800000000000018
4.088,-0.9757476777214797,-2.751644427036935,0.9757476777214797,2.751644427036935,-1.7168020648685691,-0.514763793400755,0.057783409938400074,0.2707011848463156,5.438696973432095e-07,1.4402324902779928,1.0800000000000018
4.096,-0.97784305507621,-2.760634245285699,0.97784305507621,2.760634245285699,-1.7156463926634864,-0.5085763379635109,0.057783804630241284,0.2707011656569998,4.955679109506931e-07,1.440232490277993,1.0800000000000014
4.104,-0.9799384337036057,-2.7696240656649165,0.9799384337036057,2.7696240656649165,-1.714490712910619,-0.5023888829808799,0.057784165224265584,0.27070114513236904,4.515435860367201e-07,1.4402324902779933,1.0800000000000018
4.112,-0.9820338134884802,-2.778613887994006,0.9820338134884802,2.778613887994006,-1.713335026262346,-0.4962014284791572,0.05778449463562838,0.27070112363324605,4.114212128536457e-07,1.440232490277993,1.080000000000002
4.12,-0.9841291943259944,-2.787603712107593,0.9841291943259944,2.787603712107593,-1.7121793333152262,-0.4900139744769834,0.05778479553467424,0.27070110146957016,3.7485775689194176e-07,1.440232490277993,1.0800000000000016
4.128,-0.9862245761207397,-2.7965935378542457,0.9862245761207397,2.7965935378542457,-1.7110236346146916,-0.48382652098643997,0.05778507036695604,0.27070107890628864,3.41539911941521e-07,1.440232490277993,1.0800000000000016
4.136,-0.9883199587858996,-2.8055833650953135,0.9883199587858996,2.8055833650953135,-1.7098679306593565,-0.4776390680140156,0.05778532137167788,0.2707010561686389,3.111815783771735e-07,1.440232490277993,1.080000000000002
4.144,-0.9904153422424864,-2.814573193703864,0.9904153422424864,2.814573193703864,-1.7087122219049709,-0.47145161556145904,0.05778555059867924,0.27070103344687774,2.835215489843588e-07,1.4402324902779933,1.0800000000000016
4.152,-0.9925107264186424,-2.8235630235637013,0.9925107264186424,2.8235630235637013,-1.7075565087680513,-0.46526416362652945,0.057785759924070056,0.2707010109005116,2.583213859471195e-07,1.4402324902779933,1.0800000000000018
4.16,-0.9946061112490036,-2.8325528545684704,0.9946061112490036,2.8325528545684704,-1.7064007916292079,-0.459076712203655,0.057785951064618424,0.2707009886620752,2.353634738377814e-07,1.440232490277993,1.0800000000000018
4.168,-0.9967014966741192,-2.841542686620831,0.9967014966741192,2.841542686620831,-1.7052450708361981,-0.45288926128451035,0.05778612559098587,0.2707009668405038,2.1444923458308622e-07,1.4402324902779933,1.0800000000000018
4.176,-0.9987968826399216,-2.850532519631699,0.9987968826399216,2.850532519631699,-1.7040893467067244,-0.446701810858521,0.057786284939898146,0.2707009455241373,1.9539749143838812e-07,1.4402324902779933,1.0800000000000018
4.184,-1.0008922690972433,-2.859522353519556,1.0008922690972433,2.859522353519556,-1.7029336195310003,-0.440514360913303,0.057786430425333275,0.2707009247833944,1.7804296998520567e-07,1.4402324902779926,1.0800000000000018
4.192,-1.0029876560013768,-2.86851218820981,1.0029876560013768,2.86851218820981,-1.7017778895741011,-0.43432691143504437,0.05778656324880291,0.27070090467314833,1.6223492508222158e-07,1.4402324902779926,1.080000000000001
4.2,-1.0050830433116735,-2.8775020236342104,1.0050830433116735,2.8775020236342104,-1.700622157078117,-0.4281394624088366,0.057786684508797176,0.27070088523483565,1.4783588354989535e-07,1.440232490277993,1.0800000000000014
4.208,-1.0071784309911773,-2.8864918597303153,1.0071784309911773,2.8864918597303153,-1.6994664222641256,-0.42195201381895947,0.0577867952094585,0.270700866498324,1.347204931583524e-07,1.440232490277993,1.0800000000000016
4.216,-1.0092738190062918,-2.8954816964409984,1.0092738190062918,2.8954816964409984,-1.6983106853339982,-0.4157645656491263,0.05778689626854469,0.2707008484835644,1.227744692209434e-07,1.440232490277993,1.0800000000000012
4.224,-1.011369207326477,-2.9044715337139984,1.011369207326477,2.9044715337139984,-1.6971549464720537,-0.40957711788269374,0.0577869885247374,0.2707008312020503,1.1189363077541432e-07,1.4402324902779928,1.0800000000000016
4.232,-1.013464595923973,-2.91346137150151,1.013464595923973,2.91346137150151,-1.6959992058465714,-0.40338967050284,0.05778707274434773,0.2707008146581032,1.0198301896454141e-07,1.4402324902779928,1.0800000000000012
4.24,-1.015559984773547,-2.922451209759801,1.015559984773547,2.922451209759801,-1.6948434636111762,-0.39720222349271556,0.05778714962746697,0.27070079885000364,9.295609081160415e-08,1.4402324902779928,1.080000000000001
4.248,-1.0176553738522662,-2.9314410484488715,1.0176553738522662,2.9314410484488715,-1.693687719906107,-0.3910147768355696,0.057787219813606704,0.27070078377098383,8.47339821262249e-08,1.4402324902779924,1.0800000000000014
4.256,-1.0197507631392873,-2.9404308875321328,1.0197507631392873,2.9404308875321328,-1.6925319748593732,-0.38482733051485535,0.05778728388686935,0.27070076941009685,7.724483377596219e-08,1.440232490277993,1.0800000000000012
4.264,-1.021846152615668,-2.9494207269761183,1.021846152615668,2.9494207269761183,-1.691376228587818,-0.37863988451431674,0.05778734238068689,0.27070075575297614,7.042317602119214e-08,1.4402324902779928,1.0800000000000012
4.272,-1.0239415422641933,-2.9584105667502185,1.0239415422641933,2.9584105667502185,-1.6902204811980852,-0.3724524388180586,0.05778739578216274,0.2707007427824965,6.420936603797591e-08,1.440232490277993,1.0800000000000018
4.28,-1.0260369320692189,-2.967400406826436,1.0260369320692189,2.967400406826436,-1.6890647327875068,-0.3662649934106034,0.05778744453604898,0.27070073047934906,5.8549074148172943e-08,1.440232490277993,1.0800000000000014
4.288,-1.0281323220165282,-2.976390247179164,1.0281323220165282,2.976390247179164,-1.6879089834449124,-0.36007754827693494,0.05778748904838868,0.2707007188225381,5.3392814640304115e-08,1.4402324902779926,1.0800000000000016
4.296,-1.0302277120932013,-2.9853800877849817,1.0302277120932013,2.9853800877849817,-1.68675323325137,-0.35389010340253224,0.057787529689850695,0.2707007077898103,4.8695517400788194e-08,1.4402324902779928,1.0800000000000014
4.304,-1.0323231022874984,-2.9943699286224663,1.0323231022874984,2.9943699286224663,-1.685597482280862,-0.34770265877339346,0.05778756679878225,0.27070069735802305,4.441613688514472e-08,1.440232490277993,1.0800000000000018
4.312,-1.0344184925887505,-3.0033597696720253,1.0344184925887505,3.0033597696720253,-1.684441730600904,-0.3415152143760532,0.057787600684002426,0.2707006875034594,4.051729524450327e-08,1.4402324902779933,1.0800000000000023
4.32,-1.0365138829872624,-3.012349610915737,1.0365138829872624,3.012349610915737,-1.6832859782731089,-0.33532777019759186,0.05778763162735823,0.27070067820209587,3.69649566860226e-08,1.4402324902779928,1.0800000000000014
4.328,-1.0386092734742243,-3.0213394523372097,1.0386092734742243,3.0213394523372097,-1.6821302253537025,-0.3291403262256405,0.05778765988606258,0.2707006694298293,3.372813038826304e-08,1.4402324902779928,1.0800000000000014
4.336,-1.0407046640416295,-3.0303292939214486,1.0407046640416295,3.0303292939214486,-1.6809744718939947,-0.3229528824483799,0.057787685694832745,0.27070066116266644,3.077859951574219e-08,1.4402324902779928,1.0800000000000014
4.344,-1.0428000546822023,-3.039319135654739,1.0428000546822023,3.039319135654739,-1.6798187179408102,-0.31676543885453673,0.0577877092678456,0.2707006533768825,2.809067408221611e-08,1.440232490277993,1.0800000000000016
4.352,-1.04489544538933,-3.0483089775245342,1.04489544538933,3.0483089775245342,-1.6786629635368795,-0.3105779954333755,0.0577877308005252,0.2707006460491511,2.5640965601089903e-08,1.4402324902779926,1.080000000000001
4.36,-1.0469908361570035,-3.0572988195193567,1.0469908361570035,3.0572988195193567,-1.6775072087211993,-0.3043905521746882,0.05778775047117666,0.27070063915665094,2.3408181634943985e-08,1.440232490277993,1.0800000000000014
4.368,-1.0490862269797614,-3.066288661628707,1.0490862269797614,3.066288661628707,-1.6763514535293582,-0.29820310906878206,0.05778776844247941,0.2707006326771499,2.13729385156802e-08,1.4402324902779928,1.080000000000001
4.376,-1.0511816178526396,-3.0752785038429784,1.0511816178526396,3.0752785038429784,-1.6751956979938367,-0.29201566610646496,0.05778778486285156,0.2707006265890722,1.951759065331882e-08,1.4402324902779926,1.0800000000000012
4.384,-1.053277008771126,-3.0842683461533817,1.053277008771126,3.0842683461533817,-1.6740399421442784,-0.2858282232790299,0.05778779986769635,0.27070062087154906,1.7826074985989464e-08,1.4402324902779924,1.080000000000001
4.392,-1.05537239973112,-3.0932581885518746,1.05537239973112,3.0932581885518746,-1.6728841860077397,-0.2796407805782386,0.05778781358054075,0.27070061550445584,1.6283769247136237e-08,1.4402324902779928,1.0800000000000012
4.4,-1.057467790728893,-3.1022480310310985,1.057467790728893,3.1022480310310985,-1.6717284296089165,-0.2734533379963039,0.05778782611407528,0.2707006104684377,1.4877362839222395e-08,1.440232490277993,1.080000000000001
4.408,-1.0595631817610562,-3.1112378735843187,1.0595631817610562,3.1112378735843187,-1.6705726729703514,-0.2672658955258721,0.05778783757110358,0.2707006057449251,1.3594739207106802e-08,1.4402324902779928,1.0800000000000014
4.416,-1.0616585728245285,-3.1202277162053718,1.0616585728245285,3.1202277162053718,-1.669416916112622,-0.2610784531600049,0.057787848045409394,0.2707006013161412,1.2424868699496986e-08,1.4402324902779926,1.0800000000000007
4.424,-1.0637539639165083,-3.129217558888617,1.0637539639165083,3.129217558888617,-1.6682611590545144,-0.25489101089216115,0.057787857622547976,0.2707005971651018,1.1357710994166193e-08,1.4402324902779928,1.0800000000000014
4.432,-1.0658493550344488,-3.138207401628891,1.0658493550344488,3.138207401628891,-1.6671054018131795,-0.2487035687161791,0.05778786638056863,0.2707005932756095,1.0384126242577075e-08,1.4402324902779926,1.0800000000000012
4.44,-1.0679447461760332,-3.1471972444214664,1.0679447461760332,3.1471972444214664,-1.6659496444042763,-0.2425161266262582,0.05778787439067406,0.2707005896322433,9.495794162787133e-09,1.4402324902779928,1.080000000000001
4.448,-1.0700401373391555,-3.1561870872620164,1.0700401373391555,3.1561870872620164,-1.6647938868421042,-0.23632868461694173,0.05778788171782208,0.2707005862203436,8.685140376547987e-09,1.4402324902779926,1.080000000000001
4.456,-1.0721355285218996,-3.1651769301465777,1.0721355285218996,3.1651769301465777,-1.6636381291397202,-0.23014124268309946,0.05778788842127473,0.27070058302599437,7.945269347877888e-09,1.4402324902779926,1.0800000000000012
4.464,-1.0742309197225228,-3.1741667730715233,1.0742309197225228,3.1741667730715233,-1.6624823713090497,-0.22395380081991087,0.057787894555099285,0.27070058003600256,7.2699033365213936e-09,1.4402324902779928,1.080000000000001
4.472,-1.07632631093944,-3.183156616033529,1.07632631093944,3.183156616033529,-1.661326613360984,-0.2177663590228491,0.057787900168625256,0.2707005772378756,6.6533268310673305e-09,1.4402324902779928,1.0800000000000012
4.48,-1.078421702171209,-3.1921464590295523,1.078421702171209,3.1921464590295523,-1.6601708553054724,-0.2115789172876649,0.057787905306861356,0.27070057461979746,6.090335973449359e-09,1.4402324902779928,1.080000000000001
4.488,-1.0805170934165176,-3.201136302056805,1.0805170934165176,3.201136302056805,-1.6590150971516036,-0.20539147561037177,0.05778791001087583,0.27070057217060345,5.576192529481143e-09,1.440232490277993,1.0800000000000016
4.496,-1.0826124846741714,-3.2101261451127328,1.0826124846741714,3.2101261451127328,-1.6578593389076817,-0.19920403398723105,0.05778791431814331,0.27070056987975455,5.106581999308107e-09,1.4402324902779928,1.0800000000000014
4.5040000000000004,-1.0847078759430835,-3.2191159881949956,1.0847078759430835,3.2191159881949956,-1.6567035805812942,-0.19301659241473812,0.05778791826286122,0.2707005677373111,4.677575497499747e-09,1.4402324902779933,1.0800000000000014
4.5120000000000005,-1.0868032672222647,-3.2281058313014483,1.0868032672222647,3.2281058313014483,-1.6555478221793754,-0.186829150889609,0.057787921876238234,0.27070056573390666,4.285595065247538e-09,1.4402324902779926,1.0800000000000014
4.5200000000000005,-1.0888986585108147,-3.2370956744301265,1.0888986585108147,3.2370956744301265,-1.654392063708263,-0.18064170940876748,0.057787925186757426,0.27070056386072167,3.927382107030755e-09,1.4402324902779926,1.080000000000001
4.5280000000000005,-1.0909940498079138,-3.2460855175792283,1.0909940498079138,3.2460855175792283,-1.6532363051737502,-0.17445426796933292,0.05778792822041616,0.27070056210945753,3.5999686714087643e-09,1.4402324902779928,1.0800000000000016
4.5360000000000005,-1.093089441112815,-3.255075360747101,1.093089441112815,3.255075360747101,-1.6520805465811335,-0.1682668265686086,0.05778793100094484,0.2707005604723113,3.300651320512387e-09,1.440232490277993,1.0800000000000018
4.5440000000000005,-1.0951848324248383,-3.264065203932231,1.0951848324248383,3.264065203932231,-1.650924787935255,-0.16207938520407086,0.05778793355000642,0.2707005589419503,3.026967355543191e-09,1.4402324902779926,1.0800000000000016
4.5520000000000005,-1.0972802237433648,-3.2730550471332296,1.0972802237433648,3.2730550471332296,-1.649769029240544,-0.15589194387335842,0.05778793588737819,0.2707005575114883,2.7766731863327084e-09,1.440232490277993,1.0800000000000016
4.5600000000000005,-1.0993756150678302,-3.282044890348822,1.0993756150678302,3.282044890348822,-1.6486132705010506,-0.14970450257426246,0.05778793803111764,0.2707005561744616,2.5477246519334265e-09,1.440232490277993,1.0800000000000023
4.5680000000000005,-1.10147100639772,-3.2910347335778405,1.10147100639772,3.2910347335778405,-1.64745751172048,-0.14351706130471742,0.05778793999771361,0.2707005549248062,2.338259116469198e-09,1.440232490277993,1.080000000000002
4.5760000000000005,-1.1035663977325663,-3.3000245768192125,1.1035663977325663,3.3000245768192125,-1.6463017529022224,-0.13732962006279187,0.05778794180222411,0.27070055375683594,2.14657918020525e-09,1.440232490277993,1.080000000000002
4.5840000000000005,-1.1056617890719418,-3.3090144200719536,1.1056617890719418,3.3090144200719536,-1.6451459940493796,-0.13114217884668034,0.05778794345840195,0.2707005526652213,1.971137860140235e-09,1.4402324902779933,1.0800000000000018
4.5920000000000005,-1.1077571804154573,-3.3180042633351614,1.1077571804154573,3.3180042633351614,-1.643990235164791,-0.12495473765469522,0.05778794497880932,0.27070055164496915,1.8105251074948354e-09,1.4402324902779933,1.0800000000000018
4.6000000000000005,-1.1098525717627583,-3.3269941066080064,1.1098525717627583,3.3269941066080064,-1.6428344762510556,-0.11876729648525942,0.05778794637492221,0.27070055069140314,1.6634555413835751e-09,1.4402324902779933,1.080000000000002
4.6080000000000005,-1.1119479631135205,-3.3359839498897275,1.1119479631135205,3.3359839498897275,-1.6416787173105527,-0.11257985533689929,0.057787947657225607,0.2707005498001455,1.5287572888104786e-09,1.4402324902779933,1.0800000000000018
4.616,-1.114043354467449,-3.3449737931796246,1.114043354467449,3.3449737931796246,-1.6405229583454615,-0.10639241420823858,0.05778794883530031,0.27070054896709916,1.4053618310159574e-09,1.4402324902779935,1.0800000000000018
4.624,-1.116138745824275,-3.353963636477057,1.116138745824275,3.353963636477057,-1.6393671993577772,-0.10020497309798973,0.05778794991790205,0.2707005481884309,1.2922947652084761e-09,1.4402324902779928,1.0800000000000018
4.632,-1.1182341371837523,-3.362953479781435,1.1182341371837523,3.362953479781435,-1.6382114403493284,-0.09401753200495193,0.057787950913033674,0.2707005474605557,1.1886673989157625e-09,1.440232490277993,1.0800000000000018
4.64,-1.1203295285456567,-3.3719433230922156,1.1203295285456567,3.3719433230922156,-1.63705568132179,-0.08783009092800291,0.05778795182801089,0.2707005467801212,1.0936691016581114e-09,1.440232490277993,1.080000000000002
4.648,-1.1224249199097833,-3.3809331664089006,1.1224249199097833,3.3809331664089006,-1.6358999222766974,-0.08164264986609457,0.057787952669522274,0.2707005461439936,1.0065603454455665e-09,1.4402324902779928,1.0800000000000016
4.656,-1.1245203112759456,-3.389923009731032,1.1245203112759456,3.389923009731032,-1.634744163215458,-0.07545520881824797,0.05778795344368393,0.27070054554924405,9.266663717900199e-10,1.4402324902779926,1.0800000000000016
4.664,-1.126615702643973,-3.398912853058189,1.126615702643973,3.398912853058189,-1.6335884041393616,-0.06926776778354901,0.057787954156089415,0.27070054499313595,8.533714285567481e-10,1.440232490277993,1.080000000000002
4.672,-1.128711094013709,-3.4079026963899843,1.128711094013709,3.4079026963899843,-1.6324326450495918,-0.06308032676114399,0.057787954811855134,0.2707005444731124,7.861135251071365e-10,1.4402324902779926,1.0800000000000018
4.68,-1.130806485385012,-3.4168925397260614,1.130806485385012,3.4168925397260614,-1.6312768859472337,-0.056892885750235746,0.05778795541566189,0.2707005439867855,7.243796588495884e-10,1.4402324902779926,1.0800000000000018
4.688,-1.132901876757751,-3.4258823830660927,1.132901876757751,3.4258823830660927,-1.6301211268332831,-0.05070544475007983,0.05778795597179264,0.27070054353192485,6.677014705614236e-10,1.4402324902779928,1.0800000000000014
4.696,-1.1349972681318077,-3.4348722264097757,1.1349972681318077,3.4348722264097757,-1.6289653677086537,-0.04451800375998104,0.057787956484167055,0.270700543106448,6.156512897063642e-10,1.4402324902779926,1.0800000000000016
4.704,-1.1370926595070732,-3.4438620697568334,1.1370926595070732,3.4438620697568334,-1.6278096085741842,-0.0383305627792903,0.0577879569563729,0.27070054270841043,5.67838534486232e-10,1.4402324902779928,1.0800000000000016
4.712,-1.1391880508834478,-3.45285191310701,1.1391880508834478,3.45285191310701,-1.6266538494306446,-0.03214312180740142,0.05778795739169482,0.27070054233599716,5.239064345616223e-10,1.4402324902779928,1.0800000000000018
4.72,-1.1412834422608409,-3.46184175646007,1.1412834422608409,3.46184175646007,-1.6254980902787421,-0.025955680843748136,0.057787957793140464,0.27070054198751387,4.835290472833403e-10,1.4402324902779928,1.080000000000002
4.728,-1.1433788336391688,-3.470831599815796,1.1433788336391688,3.470831599815796,-1.6243423311191263,-0.019768239887801898,0.05778795816346439,0.2707005416613791,4.464085409206758e-10,1.4402324902779928,1.0800000000000016
4.736,-1.1454742250183558,-3.4798214431739893,1.1454742250183558,3.4798214431739893,-1.6231865719523941,-0.013580798939068913,0.05778795850518984,0.270700541356117,4.1227272077701276e-10,1.440232490277993,1.0800000000000023
4.744,-1.147569616398332,-3.4888112865344643,1.147569616398332,3.4888112865344643,-1.622030812779094,-0.007393357997088038,0.057787958820628677,0.27070054107035024,3.8087277627014126e-10,1.440232490277993,1.0800000000000023
4.752,-1.1496650077790336,-3.497801129897052,1.1496650077790336,3.497801129897052,-1.62087505359973,-0.0012059170614285106,0.057787959111899455,0.27070054080279365,3.5198122904294175e-10,1.440232490277993,1.0800000000000018
4.76,-1.1517603991604022,-3.506790973261596,1.1517603991604022,3.506790973261596,-1.619719294414766,0.004981523868312137,0.05778795938094405,0.27070054055224785,3.253900639782451e-10,1.440232490277993,1.0800000000000018
4.768,-1.153855790542384,-3.515780816627951,1.153855790542384,3.515780816627951,-1.6185635352246286,0.011168964792509627,0.05778795962954274,0.2707005403175938,3.0090902663555165e-10,1.440232490277993,1.0800000000000023
4.776,-1.1559511819249304,-3.5247706599959843,1.1559511819249304,3.5247706599959843,-1.6174077760297099,0.017356405711515262,0.05778795985932802,0.2707005400977873,2.7836407212195504e-10,1.4402324902779928,1.080000000000002
4.784,-1.158046573307996,-3.533760503365573,1.158046573307996,3.533760503365573,-1.616252016830371,0.02354384662565706,0.05778796007179719,0.2707005398918542,2.575959517685134e-10,1.440232490277993,1.0800000000000023
4.792,-1.1601419646915399,-3.542750346736603,1.1601419646915399,3.542750346736603,-1.615096257626944,0.029731287535241645,0.057787960268323876,0.27070053969888547,2.3845892521872676e-10,1.440232490277993,1.0800000000000016
4.8,-1.162237356075524,-3.55174019010897,1.162237356075524,3.55174019010897,-1.6139404984197359,0.035918728440555575,0.057787960450168506,0.2707005395180328,2.2081958665886063e-10,1.4402324902779928,1.0800000000000018
4.808,-1.1643327474599137,-3.560730033482577,1.1643327474599137,3.560730033482577,-1.6127847392090275,0.04210616934186659,0.05778796061848794,0.27070053934850485,2.0455579494096122e-10,1.440232490277993,1.0800000000000018
4.816,-1.1664281388446773,-3.5697198768573353,1.1664281388446773,3.5697198768573353,-1.6116289799950794,0.04829361023942504,0.0577879607743442,0.2707005391895632,1.8955569827750276e-10,1.4402324902779926,1.0800000000000016
4.824,-1.1685235302297856,-3.5787097202331615,1.1685235302297856,3.5787097202331615,-1.6104732207781305,0.05448105113346488,0.05778796091871251,0.2707005390405187,1.7571684503048134e-10,1.4402324902779928,1.0800000000000014
4.832,-1.1706189216152116,-3.587699563609979,1.1706189216152116,3.587699563609979,-1.6093174615584014,0.06066849202420495,0.057787961052488575,0.2707005389007284,1.6294537288479266e-10,1.4402324902779926,1.0800000000000014
4.84,-1.172714313000931,-3.5966894069877178,1.172714313000931,3.5966894069877178,-1.608161702336096,0.06685593291184984,0.05778796117649529,0.27070053876959227,1.5115526939300057e-10,1.4402324902779926,1.0800000000000014
4.848,-1.1748097043869208,-3.6056792503663124,1.1748097043869208,3.6056792503663124,-1.6070059431114017,0.07304337379659083,0.057787961291488846,0.2707005386465502,1.4026769751260334e-10,1.4402324902779926,1.0800000000000018
4.856,-1.1769050957731604,-3.6146690937457024,1.1769050957731604,3.6146690937457024,-1.6058501838844919,0.07923081467860695,0.0577879613981643,0.2707005385310796,1.302103803330429e-10,1.4402324902779926,1.0800000000000016
4.864,-1.1790004871596307,-3.6236589371258314,1.1790004871596307,3.6236589371258314,-1.6046944246555264,0.0854182555580656,0.05778796149716071,0.27070053842269265,1.2091703971367663e-10,1.440232490277993,1.080000000000002
4.872,-1.181095878546314,-3.6326487805066483,1.181095878546314,3.6326487805066483,-1.6035386654246526,0.09160569643512341,0.05778796158906575,0.27070053832093394,1.123268840301304e-10,1.4402324902779926,1.0800000000000014
4.88,-1.1831912699331943,-3.6416386238881047,1.1831912699331943,3.6416386238881047,-1.6023829061920074,0.097793137309927,0.05778796167442005,0.27070053822537843,1.0438414065945464e-10,1.4402324902779926,1.0800000000000018
4.888,-1.1852866613202566,-3.650628467270157,1.1852866613202566,3.650628467270157,-1.6012271469577162,0.10398057818261351,0.05778796175372104,0.2707005381356292,9.703762922814448e-11,1.4402324902779926,1.0800000000000014
4.896,-1.1873820527074874,-3.659618310652763,1.1873820527074874,3.659618310652763,-1.600071387721896,0.11016801905331147,0.05778796182742656,0.2707005380513157,9.024037200497805e-11,1.4402324902779926,1.0800000000000018
4.904,-1.1894774440948739,-3.6686081540358852,1.1894774440948739,3.6686081540358852,-1.5989156284846537,0.11635545992214107,0.057787961895958084,0.270700537972092,8.394923814603643e-11,1.440232490277993,1.0800000000000016
4.912,-1.1915728354824047,-3.677597997419488,1.1915728354824047,3.677597997419488,-1.5977598692460895,0.1225429007892149,0.057787961959703774,0.2707005378976348,7.812461879514405e-11,1.4402324902779926,1.0800000000000018
4.92,-1.193668226870069,-3.686587840803539,1.193668226870069,3.686587840803539,-1.596604110006295,0.1287303416546384,0.05778796201902118,0.2707005378276425,7.273013031200426e-11,1.4402324902779926,1.0800000000000014
4.928,-1.1957636182578568,-3.6955776841880073,1.1957636182578568,3.6955776841880073,-1.5954483507653558,0.13491778251851042,0.05778796207423973,0.27070053776183295,6.773234314496788e-11,1.4402324902779926,1.0800000000000018
4.936,-1.1978590096457593,-3.7045675275728653,1.1978590096457593,3.7045675275728653,-1.5942925915233508,0.1411052233809235,0.057787962125663075,0.27070053769994296,6.310053408783406e-11,1.4402324902779926,1.080000000000001
4.944,-1.1999544010337682,-3.713557370958086,1.1999544010337682,3.713557370958086,-1.593136832280353,0.14729266424196438,0.05778796217357114,0.27070053764172636,5.880645986244998e-11,1.4402324902779928,1.0800000000000016
4.952,-1.2020497924218754,-3.7225472143436455,1.2020497924218754,3.7225472143436455,-1.5919810730364297,0.15348010510171436,0.0577879622182221,0.27070053758695317,5.482415015286898e-11,1.4402324902779926,1.080000000000002
4.96,-1.2041451838100738,-3.7315370577295215,1.2041451838100738,3.7315370577295215,-1.590825313791644,0.1596675459602497,0.057787962259854074,0.27070053753540857,5.1129718384249817e-11,1.4402324902779926,1.0800000000000014
4.968,-1.2062405751983571,-3.7405269011156927,1.2062405751983571,3.7405269011156927,-1.5896695545460542,0.16585498681764183,0.057787962298686824,0.27070053748689166,4.770118869189823e-11,1.4402324902779926,1.0800000000000016
4.976,-1.208335966586719,-3.74951674450214,1.208335966586719,3.74951674450214,-1.5885137952997137,0.17204242767395783,0.05778796233492317,0.2707005374412146,4.451833766440424e-11,1.4402324902779926,1.0800000000000018
4.984,-1.2104313579751542,-3.7585065878888444,1.2104313579751542,3.7585065878888444,-1.5873580360526731,0.17822986852926054,0.057787962368750403,0.27070053739820177,4.1562549570803175e-11,1.4402324902779926,1.0800000000000016
4.992,-1.2125267493636573,-3.76749643127579,1.2125267493636573,3.76749643127579,-1.5862022768049788,0.18441730938360892,0.05778796240034149,0.27070053735768906,3.881668389637244e-11,1.4402324902779928,1.0800000000000023
5.0,-1.2146221407522235,-3.7764862746629606,1.2146221407522235,3.7764862746629606,-1.5850465175566735,0.1906047502370585,0.057787962429856204,0.2707005373195228,3.626495411598371e-11,1.4402324902779928,1.0800000000000023
5.008,-1.2167175321408483,-3.785476118050342,1.2167175321408483,3.785476118050342,-1.5838907583077975,0.19679219108966112,0.05778796245744224,0.2707005372835594,3.389281672887559e-11,1.4402324902779933,1.0800000000000023
5.016,-1.218812923529528,-3.79446596143792,1.218812923529528,3.79446596143792,-1.5827349990583877,0.20297963194146557,0.057787962483236116,0.27070053724966436,3.1686869665115256e-11,1.4402324902779928,1.0800000000000027
5.024,-1.2209083149182582,-3.8034558048256826,1.2209083149182582,3.8034558048256826,-1.5815792398084791,0.2091670727925177,0.05778796250736408,0.270700537217712,2.963475925266144e-11,1.4402324902779933,1.0800000000000027
5.032,-1.2230037063070358,-3.8124456482136178,1.2230037063070358,3.8124456482136178,-1.5804234805581034,0.21535451364286057,0.05778796252994289,0.27070053718758447,2.7725095005523802e-11,1.440232490277993,1.0800000000000027
5.04,-1.2250990976958576,-3.821435491601714,1.2250990976958576,3.821435491601714,-1.5792677213072908,0.22154195449253464,0.057787962551080624,0.2707005371591717,2.5947371558695356e-11,1.440232490277993,1.0800000000000027
5.048,-1.2271944890847204,-3.8304253349899624,1.2271944890847204,3.8304253349899624,-1.578111962056069,0.22772939534157788,0.05778796257087729,0.2707005371323704,2.429189713486087e-11,1.4402324902779933,1.0800000000000032
5.056,-1.2292898804736214,-3.839415178378352,1.2292898804736214,3.839415178378352,-1.576956202804464,0.233916836190026,0.05778796258942549,0.270700537107084,2.2749727981928592e-11,1.4402324902779928,1.0800000000000032
5.064,-1.231385271862558,-3.8484050217668746,1.231385271862558,3.8484050217668746,-1.5758004435524997,0.2401042770379126,0.05778796260681101,0.27070053708322206,2.1312608269623406e-11,1.4402324902779933,1.0800000000000036
5.072,-1.233480663251528,-3.857394865155522,1.233480663251528,3.857394865155522,-1.5746446843001989,0.24629171788526924,0.05778796262311331,0.2707005370606997,1.9972914978215474e-11,1.4402324902779928,1.0800000000000034
5.08,-1.235576054640529,-3.8663847085442864,1.235576054640529,3.8663847085442864,-1.573488925047582,0.2524791587321257,0.057787962638406055,0.2707005370394375,1.872360735326224e-11,1.4402324902779928,1.0800000000000032
5.088,-1.237671446029559,-3.87537455193316,1.237671446029559,3.87537455193316,-1.5723331657946689,0.25866659957850974,0.05778796265275753,0.27070053701936103,1.7558180537450303e-11,1.4402324902779928,1.0800000000000036
5.096,-1.2397668374186162,-3.884364395322137,1.2397668374186162,3.884364395322137,-1.5711774065414774,0.2648540404244478,0.05778796266623106,0.27070053700040053,1.6470623024498095e-11,1.4402324902779928,1.0800000000000036
5.104,-1.2418622288076986,-3.8933542387112103,1.2418622288076986,3.8933542387112103,-1.570021647288025,0.27104148126996463,0.05778796267888541,0.2707005369824905,1.545537761096955e-11,1.440232490277993,1.0800000000000036
5.112,-1.2439576201968046,-3.9023440821003743,1.2439576201968046,3.9023440821003743,-1.5688658880343271,0.2772289221150835,0.0577879626907751,0.2707005369655696,1.4507305549984271e-11,1.4402324902779926,1.080000000000004
5.12,-1.2460530115859325,-3.9113339254896236,1.2460530115859325,3.9113339254896236,-1.5677101287803987,0.28341636295982636,0.05778796270195075,0.27070053694958035,1.362165363646953e-11,1.4402324902779928,1.0800000000000034
5.128,-1.2481484029750813,-3.9203237688789527,1.2481484029750813,3.9203237688789527,-1.5665543695262536,0.28960380380421386,0.05778796271245938,0.2707005369344687,1.2794023976981008e-11,1.440232490277993,1.0800000000000036
5.136,-1.2502437943642495,-3.9293136122683574,1.2502437943642495,3.9293136122683574,-1.5653986102719044,0.2957912446482655,0.05778796272234465,0.27070053692018403,1.2020346218447128e-11,1.4402324902779928,1.080000000000004
5.144,-1.2523391857534358,-3.9383034556578327,1.2523391857534358,3.9383034556578327,-1.5642428510173636,0.30197868549199963,0.057787962731647144,0.2707005369066787,1.1296852029630128e-11,1.4402324902779926,1.0800000000000036
5.152,-1.254434577142639,-3.9472932990473746,1.254434577142639,3.9472932990473746,-1.5630870917626423,0.30816612633543355,0.057787962740404604,0.27070053689390816,1.0620051646838994e-11,1.4402324902779933,1.0800000000000036
5.16,-1.2565299685318583,-3.9562831424369787,1.2565299685318583,3.9562831424369787,-1.5619313325077508,0.3143535671785836,0.0577879627486521,0.2707005368818305,9.98671231160086e-12,1.4402324902779928,1.0800000000000036
5.168,-1.2586253599210924,-3.965272985826642,1.2586253599210924,3.965272985826642,-1.5607755732526991,0.32054100802146507,0.05778796275642227,0.2707005368704063,9.393838442759688e-12,1.440232490277993,1.080000000000004
5.176,-1.2607207513103404,-3.9742628292163604,1.2607207513103404,3.9742628292163604,-1.5596198139974968,0.3267284488640926,0.05778796276374549,0.2707005368595986,8.838653398937462e-12,1.4402324902779933,1.080000000000004
5.184,-1.2628161426996016,-3.983252672606131,1.2628161426996016,3.983252672606131,-1.558464054742152,0.3329158897064798,0.05778796277065003,0.2707005368493726,8.318582699582044e-12,1.440232490277993,1.0800000000000043
5.192,-1.264911534088875,-3.992242515995951,1.264911534088875,3.992242515995951,-1.5573082954866733,0.33910333054863956,0.05778796277716222,0.27070053683969575,7.831238584046474e-12,1.4402324902779933,1.0800000000000034
5.2,-1.26700692547816,-4.001232359385817,1.26700692547816,4.001232359385817,-1.556152536231068,0.3452907713905841,0.05778796278330659,0.2707005368305373,7.37440579838562e-12,1.4402324902779933,1.0800000000000032
5.208,-1.2691023168674558,-4.010222202775727,1.2691023168674558,4.010222202775727,-1.5549967769753432,0.35147821223232495,0.057787962789105994,0.27070053682186834,6.946028508905599e-12,1.440232490277993,1.0800000000000032
5.216,-1.2711977082567618,-4.019212046165678,1.2711977082567618,4.019212046165678,-1.553841017719506,0.35766565307387305,0.05778796279458173,0.2707005368136618,6.544198250043277e-12,1.4402324902779937,1.0800000000000034
5.224,-1.2732930996460776,-4.028201889555667,1.2732930996460776,4.028201889555667,-1.552685258463562,0.3638530939152386,0.05778796279975368,0.2707005368058921,6.167142821952992e-12,1.4402324902779933,1.0800000000000036
5.232,-1.275388491035402,-4.037191732945693,1.275388491035402,4.037191732945693,-1.5515294992075177,0.3700405347564313,0.05778796280464036,0.2707005367985352,5.81321606030294e-12,1.4402324902779933,1.0800000000000025
5.24,-1.2774838824247352,-4.046181576335752,1.2774838824247352,4.046181576335752,-1.5503737399513782,0.37622797559746035,0.05778796280925908,0.27070053679156847,5.480888407296437e-12,1.4402324902779933,1.0800000000000027
5.248,-1.2795792738140763,-4.055171419725845,1.2795792738140763,4.055171419725845,-1.549217980695149,0.3824154164383344,0.057787962813625984,0.27070053678497064,5.168738218881724e-12,1.4402324902779933,1.080000000000003
5.256,-1.281674665203425,-4.0641612631159685,1.281674665203425,4.0641612631159685,-1.5480622214388347,0.38860285727906163,0.057787962817756146,0.27070053677872163,4.875443748555194e-12,1.4402324902779937,1.0800000000000027
5.264,-1.2837700565927805,-4.0731511065061206,1.2837700565927805,4.0731511065061206,-1.5469064621824402,0.3947902981196499,0.05778796282166365,0.2707005367728026,4.599775753133815e-12,1.4402324902779935,1.0800000000000027
5.272,-1.285865447982143,-4.082140949896299,1.285865447982143,4.082140949896299,-1.5457507029259696,0.4009777389601064,0.057787962825361666,0.27070053676719574,4.3405906704202335e-12,1.4402324902779937,1.0800000000000034
5.28,-1.2879608393715114,-4.091130793286504,1.2879608393715114,4.091130793286504,-1.544594943669427,0.4071651798004382,0.0577879628288625,0.2707005367618842,4.0968243228420154e-12,1.4402324902779933,1.0800000000000032
5.288,-1.290056230760886,-4.100120636676733,1.290056230760886,4.100120636676733,-1.5434391844128164,0.41335262064065187,0.05778796283217765,0.27070053675685224,3.8674861049514166e-12,1.4402324902779935,1.0800000000000032
5.296,-1.292151622150266,-4.1091104800669855,1.292151622150266,4.1091104800669855,-1.542283425156141,0.4195400614807535,0.057787962835317896,0.270700536752085,3.651653616150477e-12,1.4402324902779937,1.080000000000003
5.304,-1.2942470135396513,-4.118100323457258,1.2942470135396513,4.118100323457258,-1.5411276658994046,0.4257275023207491,0.0577879628382933,0.2707005367475683,3.4484677031930157e-12,1.4402324902779935,1.0800000000000036
5.312,-1.2963424049290417,-4.127090166847553,1.2963424049290417,4.127090166847553,-1.5399719066426103,0.43191494316064416,0.05778796284111331,0.270700536743289,3.2571278799283973e-12,1.4402324902779933,1.0800000000000032
5.32,-1.2984377963184366,-4.136080010237866,1.2984377963184366,4.136080010237866,-1.5388161473857611,0.43810238400044405,0.05778796284378675,0.27070053673923444,3.0768880944225242e-12,1.4402324902779933,1.0800000000000027
5.328,-1.300533187707836,-4.145069853628198,1.300533187707836,4.145069853628198,-1.53766038812886,0.4442898248401536,0.0577879628463219,0.27070053673539296,2.9070528160326984e-12,1.4402324902779937,1.0800000000000036
5.336,-1.3026285790972396,-4.154059697018546,1.3026285790972396,4.154059697018546,-1.536504628871909,0.4504772656797778,0.05778796284872652,0.2707005367317533,2.746973417252961e-12,1.4402324902779933,1.0800000000000032
5.344,-1.3047239704866473,-4.163049540408911,1.3047239704866473,4.163049540408911,-1.5353488696149116,0.456664706519321,0.05778796285100788,0.270700536728305,2.5960448271951854e-12,1.4402324902779937,1.0800000000000043
5.352,-1.3068193618760586,-4.172039383799292,1.3068193618760586,4.172039383799292,-1.5341931103578696,0.46285214735878744,0.0577879628531728,0.2707005367250381,2.4537024354502102e-12,1.440232490277994,1.0800000000000045
5.36,-1.3089147532654732,-4.181029227189687,1.3089147532654732,4.181029227189687,-1.5330373511007855,0.4690395881981812,0.05778796285522769,0.2707005367219431,2.3194192267938258e-12,1.440232490277994,1.0800000000000036
5.368,-1.3110101446548914,-4.190019070580096,1.3110101446548914,4.190019070580096,-1.5318815918436612,0.4752270290375061,0.057787962857178556,0.27070053671901123,2.1927031287810898e-12,1.4402324902779935,1.0800000000000036
5.376,-1.3131055360443127,-4.199008913970517,1.3131055360443127,4.199008913970517,-1.530725832586499,0.4814144698767658,0.05778796285903104,0.270700536716234,2.073094555717957e-12,1.440232490277994,1.0800000000000034
5.384,-1.315200927433737,-4.207998757360952,1.315200927433737,4.207998757360952,-1.5295700733293005,0.48760191071596365,0.05778796286079044,0.2707005367136035,1.960164133826476e-12,1.4402324902779942,1.080000000000004
5.392,-1.3172963188231641,-4.216988600751397,1.3172963188231641,4.216988600751397,-1.5284143140720678,0.493789351555103,0.05778796286246173,0.2707005367111122,1.8535105936359456e-12,1.4402324902779935,1.0800000000000038
5.4,-1.3193917102125938,-4.2259784441418535,1.3193917102125938,4.2259784441418535,-1.5272585548148025,0.49997679239418696,0.05778796286404961,0.27070053670875305,1.7527588167485517e-12,1.4402324902779942,1.080000000000004
5.408,-1.3214871016020262,-4.234968287532321,1.3214871016020262,4.234968287532321,-1.5261027955575064,0.5061642332332184,0.05778796286555846,0.2707005367065192,1.6575580251528417e-12,1.440232490277994,1.0800000000000036
5.416,-1.3235824929914608,-4.243958130922798,1.3235824929914608,4.243958130922798,-1.5249470363001807,0.5123516740722002,0.05778796286699245,0.27070053670440436,1.5675801021976266e-12,1.4402324902779942,1.0800000000000036
5.424,-1.3256778843808978,-4.252947974313284,1.3256778843808978,4.252947974313284,-1.5237912770428272,0.5185391149111349,0.057787962868355455,0.27070053670240246,1.482518035202333e-12,1.4402324902779937,1.0800000000000032
5.432,-1.327773275770337,-4.261937817703779,1.327773275770337,4.261937817703779,-1.5226355177854471,0.524726555750025,0.05778796286965116,0.27070053670050775,1.4020844704725602e-12,1.4402324902779937,1.0800000000000034
5.44,-1.3298686671597784,-4.270927661094282,1.3298686671597784,4.270927661094282,-1.5214797585280417,0.5309139965888732,0.05778796287088302,0.27070053669871486,1.3260103722167831e-12,1.440232490277994,1.0800000000000036
5.448,-1.3319640585492214,-4.279917504484793,1.3319640585492214,4.279917504484793,-1.5203239992706121,0.5371014374276813,0.05778796287205429,0.2707005366970186,1.2540437775294865e-12,1.4402324902779935,1.0800000000000032
5.456,-1.3340594499386662,-4.288907347875312,1.3340594499386662,4.288907347875312,-1.5191682400131599,0.5432888782664519,0.05778796287316805,0.27070053669541416,1.185948640219871e-12,1.440232490277994,1.0800000000000036
5.464,-1.336154841328113,-4.297897191265838,1.336154841328113,4.297897191265838,-1.5180124807556858,0.5494763191051867,0.05778796287422719,0.2707005366938968,1.121503756830681e-12,1.440232490277994,1.0800000000000032
5.472,-1.3382502327175614,-4.30688703465637,1.3382502327175614,4.30688703465637,-1.5168567214981912,0.5556637599438878,0.05778796287523445,0.2707005366924623,1.0605017687100495e-12,1.4402324902779937,1.0800000000000032
5.48,-1.3403456241070113,-4.315876878046908,1.3403456241070113,4.315876878046908,-1.515700962240677,0.561851200782557,0.05778796287619241,0.27070053669110633,1.0027482344775086e-12,1.440232490277994,1.0800000000000036
5.488,-1.3424410154964626,-4.324866721437453,1.3424410154964626,4.324866721437453,-1.5145452029831439,0.5680386416211961,0.057787962877103506,0.270700536689825,9.480607676640948e-13,1.4402324902779937,1.080000000000003
5.496,-1.3445364068859154,-4.333856564828002,1.3445364068859154,4.333856564828002,-1.513389443725593,0.5742260824598067,0.057787962877970035,0.2707005366886146,8.962682347102705e-13,1.4402324902779937,1.0800000000000032
5.5040000000000004,-1.3466317982753695,-4.342846408218557,1.3466317982753695,4.342846408218557,-1.5122336844680253,0.5804135232983904,0.05778796287879418,0.2707005366874715,8.472100088776077e-13,1.4402324902779942,1.0800000000000036
5.5120000000000005,-1.348727189664825,-4.351836251609118,1.348727189664825,4.351836251609118,-1.5110779252104416,0.5866009641369487,0.057787962879578006,0.2707005366863923,8.00735275972337e-13,1.4402324902779937,1.080000000000003
5.5200000000000005,-1.3508225810542818,-4.360826094999683,1.3508225810542818,4.360826094999683,-1.5099221659528423,0.592788404975483,0.057787962880323444,0.27070053668537386,7.567023880933908e-13,1.4402324902779937,1.0800000000000032
5.5280000000000005,-1.3529179724437395,-4.369815938390253,1.3529179724437395,4.369815938390253,-1.5087664066952289,0.5989758458139948,0.05778796288103235,0.2707005366844131,7.14978261908665e-13,1.4402324902779935,1.0800000000000027
5.5360000000000005,-1.3550133638331983,-4.378805781780827,1.3550133638331983,4.378805781780827,-1.5076106474376014,0.6051632866524853,0.05778796288170646,0.27070053668350696,6.754378182297057e-13,1.4402324902779937,1.080000000000003
5.5440000000000005,-1.3571087552226582,-4.387795625171404,1.3571087552226582,4.387795625171404,-1.5064548881799609,0.6113507274909555,0.05778796288234743,0.27070053668265287,6.37963459901734e-13,1.4402324902779935,1.0800000000000025
5.5520000000000005,-1.359204146612119,-4.396785468561985,1.359204146612119,4.396785468561985,-1.5052991289223077,0.6175381683294069,0.05778796288295683,0.27070053668184807,6.024445852526552e-13,1.4402324902779937,1.080000000000003
5.5600000000000005,-1.3612995380015809,-4.40577531195257,1.3612995380015809,4.40577531195257,-1.5041433696646427,0.6237256091678405,0.05778796288353614,0.2707005366810901,5.687771345541522e-13,1.4402324902779937,1.0800000000000036
5.5680000000000005,-1.3633949293910435,-4.414765155343158,1.3633949293910435,4.414765155343158,-1.5029876104069664,0.6299130500062571,0.057787962884086774,0.2707005366803766,5.368631671404636e-13,1.4402324902779935,1.0800000000000027
5.5760000000000005,-1.365490320780507,-4.42375499873375,1.365490320780507,4.42375499873375,-1.5018318511492792,0.6361004908446579,0.057787962884610064,0.2707005366797053,5.066104670087421e-13,1.4402324902779935,1.0800000000000027
5.5840000000000005,-1.3675857121699713,-4.432744842124344,1.3675857121699713,4.432744842124344,-1.500676091891582,0.642287931683044,0.0577879628851073,0.2707005366790739,4.779321748886255e-13,1.4402324902779942,1.0800000000000032
5.5920000000000005,-1.3696811035594363,-4.441734685514941,1.3696811035594363,4.441734685514941,-1.4995203326338753,0.648475372521416,0.05778796288557966,0.27070053667848043,4.507464449201516e-13,1.440232490277994,1.0800000000000036
5.6000000000000005,-1.3717764949489022,-4.450724528905541,1.3717764949489022,4.450724528905541,-1.498364573376159,0.6546628133597748,0.05778796288602832,0.270700536677923,4.2497612421883854e-13,1.440232490277994,1.080000000000004
5.6080000000000005,-1.3738718863383685,-4.459714372296143,1.3738718863383685,4.459714372296143,-1.4972088141184343,0.6608502541981213,0.05778796288645435,0.27070053667739963,4.0054845373545723e-13,1.440232490277994,1.080000000000004
5.6160000000000005,-1.3759672777278358,-4.468704215686748,1.3759672777278358,4.468704215686748,-1.4960530548607012,0.6670376950364562,0.05778796288685881,0.2707005366769086,3.773947889371339e-13,1.440232490277994,1.080000000000004
5.6240000000000006,-1.3780626691173035,-4.477694059077355,1.3780626691173035,4.477694059077355,-1.49489729560296,0.6732251358747802,0.057787962887242666,0.2707005366764481,3.554503389461558e-13,1.440232490277994,1.0800000000000043
5.632,-1.3801580605067714,-4.486683902467964,1.3801580605067714,4.486683902467964,-1.4937415363452116,0.6794125767130933,0.057787962887606875,0.2707005366760166,3.3465392287405877e-13,1.4402324902779944,1.0800000000000036
5.64,-1.3822534518962404,-4.495673745858574,1.3822534518962404,4.495673745858574,-1.492585777087456,0.6856000175513977,0.05778796288795233,0.27070053667561256,3.149477421823686e-13,1.440232490277994,1.080000000000004
5.648,-1.3843488432857096,-4.504663589249187,1.3843488432857096,4.504663589249187,-1.4914300178296938,0.6917874583896929,0.05778796288827989,0.27070053667523447,2.962771679874873e-13,1.4402324902779937,1.0800000000000034
5.656,-1.3864442346751795,-4.513653432639802,1.3864442346751795,4.513653432639802,-1.490274258571925,0.69797489922798,0.05778796288859037,0.270700536674881,2.7859054230702476e-13,1.4402324902779937,1.0800000000000038
5.664,-1.3885396260646496,-4.5226432760304185,1.3885396260646496,4.5226432760304185,-1.4891184993141502,0.7041623400662591,0.057787962888884555,0.2707005366745507,2.618389923184639e-13,1.440232490277994,1.0800000000000032
5.672,-1.3906350174541204,-4.531633119421036,1.3906350174541204,4.531633119421036,-1.4879627400563697,0.710349780904531,0.057787962889163186,0.2707005366742423,2.4597625676883933e-13,1.4402324902779942,1.0800000000000036
5.68,-1.3927304088435917,-4.540622962811655,1.3927304088435917,4.540622962811655,-1.486806980798584,0.7165372217427961,0.057787962889426975,0.2707005366739547,2.309585237368146e-13,1.4402324902779942,1.0800000000000038
5.688,-1.3948258002330631,-4.549612806202275,1.3948258002330631,4.549612806202275,-1.4856512215407929,0.7227246625810548,0.0577879628896766,0.27070053667368665,2.16744279006275e-13,1.4402324902779942,1.080000000000004
5.696,-1.396921191622535,-4.558602649592897,1.396921191622535,4.558602649592897,-1.484495462282997,0.7289121034193076,0.05778796288991272,0.270700536673437,2.032941643638379e-13,1.440232490277994,1.0800000000000038
5.704,-1.3990165830120074,-4.56759249298352,1.3990165830120074,4.56759249298352,-1.4833397030251965,0.735099544257555,0.05778796289013594,0.2707005366732049,1.905708451817426e-13,1.4402324902779942,1.0800000000000038
5.712,-1.40111197440148,-4.576582336374145,1.40111197440148,4.576582336374145,-1.4821839437673916,0.7412869850957972,0.05778796289034688,0.27070053667298904,1.785388866928192e-13,1.4402324902779937,1.0800000000000034
5.72,-1.403207365790953,-4.58557217976477,1.403207365790953,4.58557217976477,-1.4810281845095825,0.7474744259340346,0.057787962890546093,0.2707005366727887,1.6716463840590198e-13,1.4402324902779937,1.0800000000000032
5.728,-1.4053027571804262,-4.5945620231553965,1.4053027571804262,4.5945620231553965,-1.4798724252517697,0.7536618667722677,0.05778796289073413,0.2707005366726029,1.5641612614837727e-13,1.4402324902779942,1.0800000000000036
5.736,-1.4073981485698999,-4.603551866546023,1.4073981485698999,4.603551866546023,-1.4787166659939532,0.7598493076104965,0.057787962890911516,0.2707005366724307,1.4626295125772467e-13,1.4402324902779942,1.0800000000000043
5.744,-1.4094935399593735,-4.612541709936651,1.4094935399593735,4.612541709936651,-1.4775609067361333,0.7660367484487217,0.05778796289107875,0.2707005366722714,1.3667619647641257e-13,1.4402324902779937,1.0800000000000034
5.752,-1.4115889313488477,-4.62153155332728,1.4115889313488477,4.62153155332728,-1.4764051474783102,0.7722241892869433,0.05778796289123631,0.27070053667212407,1.2762833813419828e-13,1.440232490277994,1.0800000000000038
5.76,-1.413684322738322,-4.63052139671791,1.413684322738322,4.63052139671791,-1.4752493882204838,0.7784116301251617,0.05778796289138467,0.27070053667198807,1.190931642291567e-13,1.440232490277994,1.0800000000000038
5.768,-1.4157797141277966,-4.63951124010854,1.4157797141277966,4.63951124010854,-1.4740936289626547,0.7845990709633771,0.05778796289152427,0.2707005366718626,1.1104569804384606e-13,1.440232490277994,1.0800000000000038
5.776,-1.4178751055172711,-4.648501083499172,1.4178751055172711,4.648501083499172,-1.472937869704823,0.7907865118015898,0.05778796289165552,0.2707005366717471,1.034621269559299e-13,1.4402324902779935,1.0800000000000032
5.784,-1.4199704969067461,-4.657490926889802,1.4199704969067461,4.657490926889802,-1.4717821104469886,0.7969739526398,0.057787962891778843,0.27070053667164085,9.631973612361879e-14,1.440232490277994,1.0800000000000032
5.792,-1.4220658882962212,-4.666480770280435,1.4220658882962212,4.666480770280435,-1.470626351189152,0.8031613934780077,0.057787962891894626,0.27070053667154326,8.959684674544111e-14,1.4402324902779944,1.0800000000000036
5.8,-1.4241612796856966,-4.6754706136710675,1.4241612796856966,4.6754706136710675,-1.469470591931313,0.8093488343162134,0.05778796289200325,0.2707005366714537,8.32727586115667e-14,1.440232490277994,1.0800000000000036
5.808,-1.426256671075172,-4.6844604570617,1.426256671075172,4.6844604570617,-1.4683148326734718,0.8155362751544172,0.05778796289210506,0.2707005366713717,7.732769667988293e-14,1.4402324902779944,1.0800000000000036
5.816,-1.4283520624646475,-4.693450300452334,1.4283520624646475,4.693450300452334,-1.4671590734156288,0.8217237159926191,0.05778796289220042,0.27070053667129673,7.174276142483999e-14,1.4402324902779942,1.0800000000000038
5.824,-1.4304474538541234,-4.702440143842968,1.4304474538541234,4.702440143842968,-1.4660033141577837,0.8279111568308194,0.05778796289228966,0.27070053667122823,6.649988272051975e-14,1.4402324902779944,1.0800000000000038
5.832,-1.432542845243599,-4.711429987233602,1.432542845243599,4.711429987233602,-1.4648475548999373,0.8340985976690182,0.05778796289237308,0.27070053667116584,6.158177703173258e-14,1.440232490277994,1.080000000000003
5.84,-1.4346382366330752,-4.720419830624237,1.4346382366330752,4.720419830624237,-1.463691795642089,0.8402860385072156,0.05778796289245101,0.27070053667110905,5.697190769832812e-14,1.4402324902779942,1.0800000000000032
5.848,-1.4367336280225513,-4.729409674014872,1.4367336280225513,4.729409674014872,-1.4625360363842392,0.8464734793454117,0.05778796289252373,0.2707005366710574,5.265444810828382e-14,1.440232490277994,1.0800000000000032
5.856,-1.4388290194120275,-4.738399517405506,1.4388290194120275,4.738399517405506,-1.4613802771263882,0.8526609201836068,0.05778796289259153,0.2707005366710106,4.8614247564834694e-14,1.440232490277994,1.0800000000000032
5.864,-1.4409244108015038,-4.747389360796142,1.4409244108015038,4.747389360796142,-1.4602245178685356,0.8588483610218008,0.05778796289265467,0.2707005366709683,4.483679966174836e-14,1.440232490277994,1.0800000000000036
5.872,-1.4430198021909801,-4.756379204186778,1.4430198021909801,4.756379204186778,-1.459068758610682,0.865035801859994,0.057787962892713415,0.27070053667093,4.130821298923901e-14,1.440232490277994,1.0800000000000032
5.88,-1.4451151935804567,-4.765369047577414,1.4451151935804567,4.765369047577414,-1.4579129993528273,0.8712232426981863,0.05778796289276802,0.2707005366708955,3.801518400073182e-14,1.4402324902779942,1.0800000000000032
5.888,-1.4472105849699333,-4.77435889096805,1.4472105849699333,4.77435889096805,-1.4567572400949713,0.8774106835363779,0.057787962892818706,0.27070053667086447,3.494497187808514e-14,1.4402324902779942,1.080000000000003
5.896,-1.44930597635941,-4.783348734358687,1.44930597635941,4.783348734358687,-1.4556014808371145,0.8835981243745687,0.05778796289286572,0.2707005366708366,3.2085375239786974e-14,1.4402324902779944,1.0800000000000038
5.904,-1.4514013677488868,-4.792338577749324,1.4514013677488868,4.792338577749324,-1.4544457215792568,0.889785565212759,0.05778796289290926,0.2707005366708116,2.9424710543390893e-14,1.4402324902779942,1.0800000000000032
5.912,-1.4534967591383636,-4.80132842113996,1.4534967591383636,4.80132842113996,-1.4532899623213982,0.8959730060509488,0.057787962892949546,0.27070053667078936,2.6951792039840572e-14,1.4402324902779942,1.0800000000000036
5.92,-1.4555921505278406,-4.810318264530597,1.4555921505278406,4.810318264530597,-1.4521342030635387,0.902160446889138,0.05778796289298677,0.2707005366707695,2.465591314366216e-14,1.440232490277994,1.0800000000000045
5.928,-1.4576875419173176,-4.819308107921234,1.4576875419173176,4.819308107921234,-1.4509784438056785,0.9083478877273268,0.057787962893021134,0.27070053667075183,2.2526829089152553e-14,1.4402324902779944,1.0800000000000047
5.936,-1.4597829333067947,-4.828297951311872,1.4597829333067947,4.828297951311872,-1.449822684547818,0.9145353285655152,0.057787962893052804,0.2707005366707362,2.0554740748784357e-14,1.4402324902779942,1.0800000000000038
5.944,-1.4618783246962717,-4.837287794702509,1.4618783246962717,4.837287794702509,-1.4486669252899564,0.9207227694037033,0.05778796289308196,0.2707005366707223,1.8730279496153416e-14,1.440232490277994,1.080000000000004
5.952,-1.4639737160857487,-4.846277638093147,1.4639737160857487,4.846277638093147,-1.4475111660320947,0.926910210241891,0.057787962893108766,0.27070053667071015,1.704449300184816e-14,1.4402324902779942,1.0800000000000036
5.96,-1.466069107475226,-4.855267481483784,1.466069107475226,4.855267481483784,-1.4463554067742324,0.9330976510800786,0.05778796289313338,0.27070053667069943,1.5488831856767915e-14,1.4402324902779942,1.0800000000000047
5.968,-1.4681644988647031,-4.864257324874422,1.4681644988647031,4.864257324874422,-1.4451996475163693,0.9392850919182659,0.05778796289315594,0.27070053667069005,1.4055136923574438e-14,1.440232490277994,1.080000000000004
5.976,-1.4702598902541804,-4.87324716826506,1.4702598902541804,4.87324716826506,-1.444043888258506,0.945472532756453,0.05778796289317659,0.2707005366706819,1.2735627323221364e-14,1.4402324902779942,1.0800000000000045
5.984,-1.4723552816436576,-4.882237011655698,1.4723552816436576,4.882237011655698,-1.4428881290006423,0.95165997359464,0.05778796289319548,0.2707005366706748,1.1522888969807898e-14,1.440232490277994,1.0800000000000038
5.992,-1.474450673033135,-4.891226855046336,1.474450673033135,4.891226855046336,-1.4417323697427782,0.9578474144328267,0.05778796289321272,0.2707005366706686,1.0409863573407651e-14,1.440232490277994,1.080000000000005
6.0,-1.4765460644226123,-4.900216698436974,1.4765460644226123,4.900216698436974,-1.4405766104849138,0.9640348552710134,0.057787962893228434,0.27070053667066335,9.38983803696722e-15,1.4402324902779942,1.0800000000000045
6.008,-1.4786414558120895,-4.909206541827612,1.4786414558120895,4.909206541827612,-1.439420851227049,0.9702222961092,0.057787962893242735,0.2707005366706588,8.456434179874741e-15,1.440232490277994,1.080000000000004
6.016,-1.480736847201567,-4.91819638521825,1.480736847201567,4.91819638521825,-1.4382650919691842,0.9764097369473864,0.05778796289325573,0.27070053667065497,7.60359872732779e-15,1.440232490277994,1.080000000000004
6.024,-1.4828322385910444,-4.927186228608888,1.4828322385910444,4.927186228608888,-1.437109332711319,0.9825971777855729,0.05778796289326752,0.2707005366706517,6.825593511165172e-15,1.4402324902779937,1.0800000000000045
6.032,-1.4849276299805216,-4.936176071999526,1.4849276299805216,4.936176071999526,-1.4359535734534534,0.9887846186237591,0.05778796289327819,0.2707005366706489,6.116985834329013e-15,1.440232490277994,1.0800000000000038
6.04,-1.487023021369999,-4.945165915390165,1.487023021369999,4.945165915390165,-1.4347978141955877,0.9949720594619454,0.057787962893287845,0.2707005366706466,5.472638957566395e-15,1.4402324902779937,1.080000000000004
6.048,-1.4891184127594765,-4.954155758780803,1.4891184127594765,4.954155758780803,-1.433642054937722,1.0011595003001317,0.05778796289329656,0.27070053667064464,4.887702673316679e-15,1.4402324902779937,1.0800000000000043
6.056,-1.491213804148954,-4.9631456021714415,1.491213804148954,4.9631456021714415,-1.4324862956798559,1.0073469411383178,0.05778796289330441,0.2707005366706431,4.357603937932236e-15,1.440232490277994,1.0800000000000045
6.064,-1.4933091955384314,-4.972135445562079,1.4933091955384314,4.972135445562079,-1.4313305364219897,1.013534381976504,0.05778796289331147,0.2707005366706418,3.8780375393889135e-15,1.4402324902779942,1.0800000000000043
6.072,-1.495404586927909,-4.981125288952717,1.495404586927909,4.981125288952717,-1.4301747771641233,1.01972182281469,0.057787962893317814,0.2707005366706408,3.4449567834311257e-15,1.4402324902779937,1.0800000000000038
6.08,-1.4974999783173863,-4.990115132343356,1.4974999783173863,4.990115132343356,-1.429019017906257,1.025909263652876,0.0577879628933235,0.27070053667064,3.054564186614381e-15,1.440232490277994,1.0800000000000045
6.088,-1.4995953697068638,-4.999104975733994,1.4995953697068638,4.999104975733994,-1.4278632586483904,1.032096704491062,0.05778796289332858,0.27070053667063937,2.7033021699115852e-15,1.4402324902779937,1.0800000000000047
6.096,-1.5016907610963415,-5.008094819124633,1.5016907610963415,5.008094819124633,-1.4267074993905238,1.0382841453292482,0.05778796289333312,0.27070053667063887,2.38784375141105e-15,1.4402324902779935,1.0800000000000045
6.104,-1.503786152485819,-5.017084662515271,1.503786152485819,5.017084662515271,-1.425551740132657,1.0444715861674343,0.057787962893337166,0.27070053667063854,2.105083241106333e-15,1.4402324902779937,1.0800000000000054
6.112,-1.5058815438752964,-5.026074505905909,1.5058815438752964,5.026074505905909,-1.4243959808747901,1.0506590270056202,0.05778796289334077,0.2707005366706383,1.8521269448357865e-15,1.4402324902779935,1.0800000000000054
6.12,-1.5079769352647738,-5.0350643492965474,1.5079769352647738,5.0350643492965474,-1.4232402216169233,1.056846467843806,0.05778796289334396,0.27070053667063815,1.6262838880469218e-15,1.4402324902779937,1.0800000000000052
6.128,-1.5100723266542513,-5.044054192687185,1.5100723266542513,5.044054192687185,-1.4220844623590565,1.0630339086819922,0.05778796289334679,0.27070053667063804,1.4250565732114306e-15,1.4402324902779937,1.0800000000000052
6.136,-1.512167718043729,-5.053044036077824,1.512167718043729,5.053044036077824,-1.4209287031011895,1.069221349520178,0.05778796289334929,0.27070053667063804,1.2461317873894724e-15,1.4402324902779937,1.0800000000000052
6.144,-1.5142631094332064,-5.062033879468462,1.5142631094332064,5.062033879468462,-1.4197729438433224,1.0754087903583642,0.057787962893351495,0.27070053667063804,1.087371478626865e-15,1.440232490277994,1.0800000000000056
6.152,-1.5163585008226839,-5.071023722859101,1.5163585008226839,5.071023722859101,-1.4186171845854554,1.0815962311965501,0.05778796289335344,0.2707005366706381,9.468037215604472e-16,1.4402324902779935,1.0800000000000058
6.16,-1.5184538922121613,-5.080013566249739,1.5184538922121613,5.080013566249739,-1.4174614253275883,1.0877836720347362,0.057787962893355145,0.27070053667063815,8.226137938149144e-16,1.4402324902779935,1.0800000000000058
6.168,-1.520549283601639,-5.089003409640378,1.520549283601639,5.089003409640378,-1.416305666069721,1.0939711128729221,0.05778796289335664,0.27070053667063826,7.131353855018185e-16,1.4402324902779937,1.080000000000006
6.176,-1.5226446749911164,-5.097993253031016,1.5226446749911164,5.097993253031016,-1.415149906811854,1.100158553711108,0.05778796289335795,0.27070053667063837,6.168419644032834e-16,1.4402324902779937,1.0800000000000052
6.184,-1.524740066380594,-5.106983096421654,1.524740066380594,5.106983096421654,-1.4139941475539868,1.1063459945492942,0.057787962893359086,0.2707005366706385,5.323383192553574e-16,1.4402324902779937,1.080000000000006
6.192,-1.5268354577700713,-5.115972939812293,1.5268354577700713,5.115972939812293,-1.4128383882961197,1.11253343538748,0.057787962893360086,0.2707005366706386,4.583523029726509e-16,1.440232490277994,1.0800000000000058
6.2,-1.5289308491595488,-5.124962783202932,1.5289308491595488,5.124962783202932,-1.4116826290382525,1.1187208762256662,0.057787962893360946,0.2707005366706387,3.9372679670711874e-16,1.4402324902779937,1.0800000000000054
6.208,-1.5310262405490265,-5.133952626593571,1.5310262405490265,5.133952626593571,-1.4105268697803852,1.124908317063852,0.057787962893361695,0.2707005366706388,3.374119143496453e-16,1.4402324902779937,1.0800000000000054
6.216,-1.533121631938504,-5.1429424699842095,1.533121631938504,5.1429424699842095,-1.409371110522518,1.1310957579020382,0.057787962893362334,0.2707005366706389,2.8845746550419273e-16,1.4402324902779942,1.0800000000000052
6.224,-1.5352170233279814,-5.151932313374848,1.5352170233279814,5.151932313374848,-1.4082153512646507,1.1372831987402243,0.057787962893362896,0.27070053667063904,2.4600569313466415e-16,1.4402324902779935,1.0800000000000045
6.232,-1.5373124147174588,-5.160922156765486,1.5373124147174588,5.160922156765486,-1.4070595920067834,1.1434706395784104,0.057787962893363375,0.2707005366706391,2.0928430005066487e-16,1.440232490277994,1.0800000000000047
6.24,-1.5394078061069363,-5.169912000156125,1.5394078061069363,5.169912000156125,-1.4059038327489164,1.1496580804165966,0.057787962893363784,0.2707005366706392,1.7759977620692966e-16,1.4402324902779942,1.0800000000000047
6.248,-1.541503197496414,-5.178901843546764,1.541503197496414,5.178901843546764,-1.4047480734910491,1.1558455212547827,0.05778796289336414,0.27070053667063926,1.5033103648868116e-16,1.4402324902779937,1.0800000000000047
6.256,-1.5435985888858914,-5.1878916869374025,1.5435985888858914,5.1878916869374025,-1.4035923142331819,1.1620329620929686,0.057787962893364436,0.2707005366706393,1.269233762879779e-16,1.440232490277994,1.0800000000000045
6.264,-1.5456939802753689,-5.196881530328041,1.5456939802753689,5.196881530328041,-1.4024365549753146,1.1682204029311547,0.05778796289336469,0.2707005366706394,1.0688274978833129e-16,1.440232490277994,1.080000000000004
6.272,-1.5477893716648463,-5.20587137371868,1.5477893716648463,5.20587137371868,-1.4012807957174471,1.1744078437693408,0.05778796289336491,0.2707005366706395,8.977037350810349e-17,1.440232490277994,1.0800000000000043
6.28,-1.5498847630543238,-5.214861217109318,1.5498847630543238,5.214861217109318,-1.4001250364595799,1.180595284607527,0.05778796289336509,0.27070053667063954,7.519765534612922e-17,1.440232490277994,1.0800000000000036
6.288,-1.5519801544438014,-5.223851060499957,1.5519801544438014,5.223851060499957,-1.3989692772017126,1.186782725445713,0.05778796289336525,0.2707005366706396,6.282144716053791e-17,1.4402324902779937,1.080000000000004
6.296,-1.554075545833279,-5.232840903890596,1.554075545833279,5.232840903890596,-1.3978135179438451,1.1929701662838992,0.05778796289336538,0.27070053667063965,5.233961682449396e-17,1.4402324902779946,1.080000000000004
6.304,-1.5561709372227563,-5.241830747281234,1.5561709372227563,5.241830747281234,-1.3966577586859779,1.199157607122085,0.05778796289336549,0.27070053667063965,4.348693376665441e-17,1.4402324902779944,1.0800000000000043
6.312,-1.5582663286122338,-5.250820590671873,1.5582663286122338,5.250820590671873,-1.3955019994281106,1.2053450479602712,0.05778796289336558,0.2707005366706397,3.6031260241030624e-17,1.4402324902779944,1.0800000000000036
6.32,-1.5603617200017115,-5.259810434062512,1.5603617200017115,5.259810434062512,-1.3943462401702431,1.2115324887984573,0.05778796289336566,0.2707005366706397,2.9770038997108053e-17,1.4402324902779942,1.0800000000000036
6.328,-1.562457111391189,-5.26880027745315,1.562457111391189,5.26880027745315,-1.3931904809123759,1.2177199296366434,0.05778796289336572,0.2707005366706397,2.452706664827469e-17,1.4402324902779942,1.0800000000000036
6.336,-1.5645525027806664,-5.277790120843789,1.5645525027806664,5.277790120843789,-1.3920347216545086,1.2239073704748296,0.057787962893365775,0.27070053667063976,2.0149540871771106e-17,1.440232490277994,1.0800000000000023
6.344,-1.5666478941701438,-5.2867799642344275,1.5666478941701438,5.2867799642344275,-1.390878962396641,1.2300948113130155,0.05778796289336582,0.27070053667063976,1.6505368619125404e-17,1.440232490277994,1.0800000000000025
6.352,-1.5687432855596213,-5.295769807625066,1.5687432855596213,5.295769807625066,-1.3897232031387738,1.2362822521512016,0.05778796289336586,0.2707005366706398,1.3480721770563845e-17,1.440232490277994,1.080000000000002
6.36,-1.570838676949099,-5.304759651015705,1.570838676949099,5.304759651015705,-1.3885674438809066,1.2424696929893877,0.057787962893365886,0.2707005366706398,1.0977826124919421e-17,1.440232490277994,1.080000000000002
6.368,-1.5729340683385764,-5.313749494406343,1.5729340683385764,5.313749494406343,-1.387411684623039,1.2486571338275738,0.057787962893365914,0.2707005366706398,8.912969269187899e-18,1.440232490277994,1.0800000000000027
6.376,-1.5750294597280539,-5.322739337796982,1.5750294597280539,5.322739337796982,-1.3862559253651718,1.25484457466576,0.057787962893365935,0.2707005366706398,7.214712707584855e-18,1.440232490277994,1.0800000000000023
6.384,-1.5771248511175313,-5.331729181187621,1.5771248511175313,5.331729181187621,-1.3851001661073046,1.2610320155039458,0.05778796289336595,0.2707005366706398,5.822293634722928e-18,1.4402324902779937,1.0800000000000018
6.392,-1.5792202425070088,-5.340719024578259,1.5792202425070088,5.340719024578259,-1.3839444068494373,1.267219456342132,0.05778796289336596,0.2707005366706398,4.6842018956315366e-18,1.4402324902779937,1.0800000000000018
6.4,-1.5813156338964864,-5.349708867968898,1.5813156338964864,5.349708867968898,-1.3827886475915698,1.273406897180318,0.05778796289336598,0.2707005366706398,3.756917969709526e-18,1.4402324902779937,1.0800000000000018
6.408,-1.583411025285964,-5.358698711359537,1.583411025285964,5.358698711359537,-1.3816328883337026,1.2795943380185042,0.057787962893365984,0.2707005366706398,3.0037982284982916e-18,1.4402324902779937,1.0800000000000014
6.416,-1.5855064166754413,-5.367688554750175,1.5855064166754413,5.367688554750175,-1.3804771290758353,1.2857817788566903,0.057787962893366,0.2707005366706398,2.3940942302109465e-18,1.4402324902779937,1.0800000000000018
6.424,-1.5876018080649188,-5.376678398140814,1.5876018080649188,5.376678398140814,-1.3793213698179678,1.2919692196948764,0.057787962893366,0.2707005366706398,1.9020934091886886e-18,1.4402324902779937,1.080000000000001
6.432,-1.5896971994543962,-5.3856682415314525,1.5896971994543962,5.3856682415314525,-1.3781656105601006,1.2981566605330623,0.057787962893366004,0.2707005366706398,1.5063691783014362e-18,1.4402324902779937,1.0800000000000005
6.44,-1.591792590843874,-5.394658084922091,1.591792590843874,5.394658084922091,-1.3770098513022333,1.3043441013712485,0.05778796289336601,0.2707005366706398,1.1891291699827215e-18,1.4402324902779937,1.0800000000000005
6.448,-1.5938879822333514,-5.40364792831273,1.5938879822333514,5.40364792831273,-1.3758540920443658,1.3105315422094346,0.05778796289336601,0.2707005366706398,9.356510814146366e-19,1.4402324902779937,1.0800000000000005
6.456,-1.5959833736228288,-5.412637771703369,1.5959833736228288,5.412637771703369,-1.3746983327864986,1.3167189830476207,0.05778796289336602,0.2707005366706398,7.337963469471677e-19,1.4402324902779937,1.08
6.464,-1.5980787650123063,-5.421627615094007,1.5980787650123063,5.421627615094007,-1.3735425735286313,1.3229064238858068,0.05778796289336602,0.2707005366706398,5.735926232077319e-19,1.4402324902779937,1.08
6.472,-1.6001741564017837,-5.430617458484646,1.6001741564017837,5.430617458484646,-1.3723868142707638,1.3290938647239927,0.05778796289336602,0.2707005366706398,4.46876828123105e-19,1.4402324902779937,1.08
6.48,-1.6022695477912614,-5.439607301875284,1.6022695477912614,5.439607301875284,-1.3712310550128965,1.3352813055621788,0.05778796289336602,0.2707005366706398,3.4699121443596123e-19,1.4402324902779937,1.08
6.488,-1.6043649391807389,-5.448597145265923,1.6043649391807389,5.448597145265923,-1.3700752957550293,1.341468746400365,0.05778796289336602,0.2707005366706398,2.6852567304019216e-19,1.4402324902779937,1.0799999999999996
6.496,-1.6064603305702163,-5.457586988656562,1.6064603305702163,5.457586988656562,-1.3689195364971618,1.347656187238551,0.05778796289336602,0.2707005366706398,2.0710014493787763e-19,1.4402324902779937,1.0799999999999996
6.5040000000000004,-1.6085557219596938,-5.4665768320472,1.6085557219596938,5.4665768320472,-1.3677637772392945,1.3538436280767372,0.05778796289336602,0.2707005366706398,1.5918166767713248e-19,1.4402324902779937,1.0799999999999996
6.5120000000000005,-1.6106511133491712,-5.475566675437839,1.6106511133491712,5.475566675437839,-1.3666080179814273,1.360031068914923,0.05778796289336602,0.2707005366706398,1.2193118899469405e-19,1.4402324902779937,1.0799999999999987
6.5200000000000005,-1.612746504738649,-5.4845565188284775,1.612746504738649,5.4845565188284775,-1.3654522587235598,1.3662185097531092,0.05778796289336602,0.2707005366706398,9.307584456117218e-20,1.4402324902779937,1.0799999999999992
6.5280000000000005,-1.6148418961281263,-5.493546362219116,1.6148418961281263,5.493546362219116,-1.3642964994656925,1.3724059505912953,0.05778796289336602,0.2707005366706398,7.080291684711221e-20,1.4402324902779937,1.0799999999999987
6.5360000000000005,-1.6169372875176038,-5.502536205609755,1.6169372875176038,5.502536205609755,-1.3631407402078253,1.3785933914294815,0.05778796289336602,0.2707005366706398,5.367216782345301e-20,1.4402324902779937,1.0799999999999983
6.5440000000000005,-1.6190326789070812,-5.511526049000394,1.6190326789070812,5.511526049000394,-1.361984980949958,1.3847808322676676,0.05778796289336602,0.2707005366706398,4.0543669957493495e-20,1.4402324902779937,1.0799999999999983
6.5520000000000005,-1.621128070296559,-5.520515892391032,1.621128070296559,5.520515892391032,-1.3608292216920905,1.3909682731058537,0.05778796289336602,0.2707005366706398,3.051864894376604e-20,1.4402324902779937,1.0799999999999987
6.5600000000000005,-1.6232234616860364,-5.529505735781671,1.6232234616860364,5.529505735781671,-1.3596734624342233,1.3971557139440398,0.05778796289336602,0.2707005366706398,2.2891199561129477e-20,1.4402324902779937,1.0799999999999983
6.5680000000000005,-1.6253188530755138,-5.538495579172309,1.6253188530755138,5.538495579172309,-1.358517703176356,1.4033431547822257,0.05778796289336602,0.2707005366706398,1.7109045148017238e-20,1.4402324902779937,1.0799999999999983
6.5760000000000005,-1.6274142444649913,-5.547485422562948,1.6274142444649913,5.547485422562948,-1.3573619439184885,1.4095305956204118,0.05778796289336602,0.2707005366706398,1.2741783925792667e-20,1.4402324902779937,1.0799999999999979
6.5840000000000005,-1.6295096358544687,-5.556475265953587,1.6295096358544687,5.556475265953587,-1.3562061846606213,1.415718036458598,0.05778796289336602,0.2707005366706398,9.45530446980139e-21,1.4402324902779937,1.0799999999999974
6.5920000000000005,-1.6316050272439464,-5.565465109344226,1.6316050272439464,5.565465109344226,-1.355050425402754,1.421905477296784,0.05778796289336602,0.2707005366706398,6.991260835064012e-21,1.4402324902779937,1.0799999999999979
6.6000000000000005,-1.6337004186334239,-5.574454952734864,1.6337004186334239,5.574454952734864,-1.3538946661448865,1.4280929181349702,0.05778796289336602,0.2707005366706398,5.150678026765934e-21,1.4402324902779937,1.0799999999999979
6.6080000000000005,-1.6357958100229013,-5.5834447961255025,1.6357958100229013,5.5834447961255025,-1.3527389068870193,1.434280358973156,0.05778796289336602,0.2707005366706398,3.780913467908202e-21,1.4402324902779937,1.079999999999997
6.6160000000000005,-1.6378912014123788,-5.592434639516141,1.6378912014123788,5.592434639516141,-1.351583147629152,1.4404677998113422,0.05778796289336602,0.2707005366706398,2.7653325730845626e-21,1.4402324902779937,1.079999999999997
6.6240000000000006,-1.6399865928018564,-5.60142448290678,1.6399865928018564,5.60142448290678,-1.3504273883712845,1.4466552406495283,0.05778796289336602,0.2707005366706398,2.0151690743059804e-21,1.4402324902779937,1.079999999999997
6.632000000000001,-1.6420819841913339,-5.610414326297419,1.6420819841913339,5.610414326297419,-1.3492716291134172,1.4528426814877144,0.05778796289336602,0.2707005366706398,1.4631357889123374e-21,1.4402324902779937,1.0799999999999965
6.640000000000001,-1.6441773755808113,-5.619404169688058,1.6441773755808113,5.619404169688058,-1.34811586985555,1.4590301223259006,0.05778796289336602,0.2707005366706398,1.058431318099423e-21,1.4402324902779937,1.0799999999999965
6.648000000000001,-1.6462727669702888,-5.628394013078696,1.6462727669702888,5.628394013078696,-1.3469601105976825,1.4652175631640865,0.05778796289336602,0.2707005366706398,7.628547734237784e-22,1.4402324902779937,1.0799999999999965
6.656000000000001,-1.6483681583597662,-5.637383856469334,1.6483681583597662,5.637383856469334,-1.3458043513398152,1.4714050040022726,0.05778796289336602,0.2707005366706398,5.477959079638173e-22,1.4402324902779937,1.079999999999996
6.664,-1.6504635497492437,-5.646373699859972,1.6504635497492437,5.646373699859972,-1.344648592081948,1.477592444840458,0.05778796289336602,0.2707005366706398,3.919136441334927e-22,1.4402324902779937,1.0799999999999965
6.672,-1.6525589411387211,-5.655363543250611,1.6525589411387211,5.655363543250611,-1.3434928328240807,1.4837798856786442,0.05778796289336602,0.2707005366706398,2.7935341826623915e-22,1.4402324902779937,1.079999999999996
6.68,-1.6546543325281986,-5.66435338664125,1.6546543325281986,5.66435338664125,-1.3423370735662135,1.4899673265168303,0.05778796289336602,0.2707005366706398,1.983843003790998e-22,1.4402324902779937,1.0799999999999956
6.688,-1.656749723917676,-5.673343230031888,1.656749723917676,5.673343230031888,-1.341181314308346,1.4961547673550162,0.05778796289336602,0.2707005366706398,1.403616257253923e-22,1.4402324902779937,1.0799999999999956
6.696,-1.6588451153071535,-5.682333073422527,1.6588451153071535,5.682333073422527,-1.3400255550504787,1.5023422081932023,0.05778796289336602,0.2707005366706398,9.89408683250666e-23,1.4402324902779937,1.0799999999999952
6.704,-1.6609405066966312,-5.691322916813165,1.6609405066966312,5.691322916813165,-1.3388697957926115,1.5085296490313884,0.05778796289336602,0.2707005366706398,6.948453107226905e-23,1.4402324902779937,1.0799999999999952
6.712,-1.6630358980861086,-5.700312760203804,1.6630358980861086,5.700312760203804,-1.337714036534744,1.5147170898695745,0.05778796289336602,0.2707005366706398,4.861663217553393e-23,1.4402324902779937,1.0799999999999952
6.72,-1.665131289475586,-5.709302603594443,1.665131289475586,5.709302603594443,-1.3365582772768767,1.5209045307077607,0.05778796289336602,0.2707005366706398,3.388953224709439e-23,1.4402324902779937,1.0799999999999947
6.728,-1.6672266808650635,-5.718292446985081,1.6672266808650635,5.718292446985081,-1.3354025180190094,1.5270919715459466,0.05778796289336602,0.2707005366706398,2.3535871432576376e-23,1.4402324902779937,1.0799999999999947
6.736,-1.669322072254541,-5.72728229037572,1.669322072254541,5.72728229037572,-1.3342467587611422,1.5332794123841327,0.05778796289336602,0.2707005366706398,1.628468799039336e-23,1.4402324902779937,1.0799999999999943
6.744,-1.6714174636440187,-5.7362721337663585,1.6714174636440187,5.7362721337663585,-1.3330909995032747,1.5394668532223188,0.05778796289336602,0.2707005366706398,1.1225712315374699e-23,1.4402324902779937,1.0799999999999947
6.752,-1.6735128550334961,-5.745261977156997,1.6735128550334961,5.745261977156997,-1.3319352402454074,1.545654294060505,0.05778796289336602,0.2707005366706398,7.70965514450628e-24,1.4402324902779937,1.0799999999999943
6.76,-1.6756082464229736,-5.754251820547636,1.6756082464229736,5.754251820547636,-1.3307794809875402,1.551841734898691,0.05778796289336602,0.2707005366706398,5.275264781465544e-24,1.4402324902779937,1.0799999999999939
6.768,-1.677703637812451,-5.763241663938275,1.677703637812451,5.763241663938275,-1.3296237217296727,1.5580291757368772,0.05778796289336602,0.2707005366706398,3.596200943751592e-24,1.4402324902779937,1.0799999999999939
6.776,-1.6797990292019285,-5.772231507328913,1.6797990292019285,5.772231507328913,-1.3284679624718054,1.564216616575063,0.05778796289336602,0.2707005366706398,2.442511124619687e-24,1.4402324902779937,1.0799999999999934
6.784,-1.6818944205914061,-5.781221350719552,1.6818944205914061,5.781221350719552,-1.3273122032139382,1.5704040574132492,0.05778796289336602,0.2707005366706398,1.6528179694893242e-24,1.4402324902779937,1.0799999999999934
6.792,-1.6839898119808836,-5.79021119411019,1.6839898119808836,5.79021119411019,-1.3261564439560707,1.5765914982514353,0.05778796289336602,0.2707005366706398,1.114327303584083e-24,1.4402324902779937,1.0799999999999934
6.8,-1.686085203370361,-5.799201037500829,1.686085203370361,5.799201037500829,-1.3250006846982034,1.5827789390896214,0.05778796289336602,0.2707005366706398,7.485203595678559e-25,1.4402324902779937,1.079999999999993
6.808,-1.6881805947598385,-5.808190880891468,1.6881805947598385,5.808190880891468,-1.3238449254403362,1.5889663799278075,0.05778796289336602,0.2707005366706398,5.009585912357254e-25,1.4402324902779937,1.0799999999999925
6.816,-1.690275986149316,-5.817180724282107,1.690275986149316,5.817180724282107,-1.3226891661824687,1.5951538207659937,0.05778796289336602,0.2707005366706398,3.340504889290157e-25,1.4402324902779937,1.0799999999999925
6.824,-1.6923713775387936,-5.826170567672745,1.6923713775387936,5.826170567672745,-1.3215334069246014,1.6013412616041796,0.05778796289336602,0.2707005366706398,2.2194206025582494e-25,1.4402324902779937,1.079999999999993
6.832,-1.694466768928271,-5.8351604110633835,1.694466768928271,5.8351604110633835,-1.3203776476667342,1.6075287024423657,0.05778796289336602,0.2707005366706398,1.469230464045816e-25,1.4402324902779937,1.0799999999999925
6.84,-1.6965621603177485,-5.844150254454022,1.6965621603177485,5.844150254454022,-1.3192218884088667,1.6137161432805518,0.05778796289336602,0.2707005366706398,9.691010933257566e-26,1.4402324902779937,1.0799999999999925
6.848,-1.698657551707226,-5.853140097844661,1.698657551707226,5.853140097844661,-1.3180661291509994,1.619903584118738,0.05778796289336602,0.2707005366706398,6.369180759537619e-26,1.4402324902779937,1.079999999999992
6.856,-1.7007529430967034,-5.8621299412353,1.7007529430967034,5.8621299412353,-1.3169103698931321,1.626091024956924,0.05778796289336602,0.2707005366706398,4.171001361443516e-26,1.4402324902779937,1.0799999999999916
6.864,-1.7028483344861811,-5.871119784625938,1.7028483344861811,5.871119784625938,-1.3157546106352649,1.63227846579511,0.05778796289336602,0.2707005366706398,2.7217406481722396e-26,1.4402324902779937,1.0799999999999925
6.872,-1.7049437258756586,-5.8801096280165766,1.7049437258756586,5.8801096280165766,-1.3145988513773974,1.638465906633296,0.05778796289336602,0.2707005366706398,1.7697447549016188e-26,1.4402324902779937,1.0799999999999916
6.88,-1.707039117265136,-5.889099471407215,1.707039117265136,5.889099471407215,-1.3134430921195301,1.6446533474714822,0.05778796289336602,0.2707005366706398,1.1466748931996468e-26,1.4402324902779937,1.0799999999999912
6.888,-1.7091345086546135,-5.898089314797854,1.7091345086546135,5.898089314797854,-1.3122873328616629,1.6508407883096683,0.05778796289336602,0.2707005366706398,7.403626313093171e-27,1.4402324902779937,1.0799999999999912
6.896,-1.7112299000440911,-5.907079158188493,1.7112299000440911,5.907079158188493,-1.3111315736037954,1.6570282291478544,0.05778796289336602,0.2707005366706398,4.7635682192321604e-27,1.4402324902779937,1.0799999999999912
6.904,-1.7133252914335686,-5.916069001579132,1.7133252914335686,5.916069001579132,-1.3099758143459281,1.6632156699860405,0.05778796289336602,0.2707005366706398,3.05431376420298e-27,1.4402324902779937,1.0799999999999907
6.912,-1.715420682823046,-5.92505884496977,1.715420682823046,5.92505884496977,-1.3088200550880609,1.6694031108242264,0.05778796289336602,0.2707005366706398,1.951633991945984e-27,1.4402324902779937,1.0799999999999912
6.92,-1.7175160742125235,-5.934048688360408,1.7175160742125235,5.934048688360408,-1.3076642958301934,1.6755905516624126,0.05778796289336602,0.2707005366706398,1.2427881935344501e-27,1.4402324902779937,1.0799999999999907
6.928,-1.719611465602001,-5.943038531751047,1.719611465602001,5.943038531751047,-1.3065085365723261,1.6817779925005987,0.05778796289336602,0.2707005366706398,7.887164418608959e-28,1.4402324902779937,1.0799999999999903
6.936,-1.7217068569914786,-5.952028375141686,1.7217068569914786,5.952028375141686,-1.3053527773144589,1.6879654333387848,0.05778796289336602,0.2707005366706398,4.988628489042212e-28,1.4402324902779937,1.0799999999999907
6.944,-1.723802248380956,-5.961018218532325,1.723802248380956,5.961018218532325,-1.3041970180565914,1.694152874176971,0.05778796289336602,0.2707005366706398,3.144776873878602e-28,1.4402324902779937,1.0799999999999903
6.952,-1.7258976397704335,-5.970008061922964,1.7258976397704335,5.970008061922964,-1.3030412587987241,1.7003403150151568,0.05778796289336602,0.2707005366706398,1.9758741624176256e-28,1.4402324902779937,1.0799999999999899
6.96,-1.727993031159911,-5.9789979053136015,1.727993031159911,5.9789979053136015,-1.3018854995408569,1.706527755853343,0.05778796289336602,0.2707005366706398,1.2373777746492823e-28,1.4402324902779937,1.0799999999999899
6.968,-1.7300884225493884,-5.98798774870424,1.7300884225493884,5.98798774870424,-1.3007297402829894,1.712715196691529,0.05778796289336602,0.2707005366706398,7.723820717264727e-29,1.4402324902779937,1.0799999999999894
6.976,-1.7321838139388661,-5.996977592094879,1.7321838139388661,5.996977592094879,-1.2995739810251221,1.7189026375297152,0.05778796289336602,0.2707005366706398,4.8057658700445347e-29,1.4402324902779937,1.0799999999999894
6.984,-1.7342792053283436,-6.005967435485518,1.7342792053283436,6.005967435485518,-1.2984182217672549,1.7250900783679013,0.05778796289336602,0.2707005366706398,2.9806277038949e-29,1.4402324902779937,1.079999999999989
6.992,-1.736374596717821,-6.014957278876157,1.736374596717821,6.014957278876157,-1.2972624625093874,1.7312775192060872,0.05778796289336602,0.2707005366706398,1.8428167477845174e-29,1.4402324902779937,1.079999999999989
7.0,-1.7384699881072985,-6.0239471222667955,1.7384699881072985,6.0239471222667955,-1.29610670325152,1.7374649600442733,0.05778796289336602,0.2707005366706398,1.1357974489852117e-29,1.4402324902779937,1.0799999999999885
7.008,-1.740565379496776,-6.032936965657433,1.740565379496776,6.032936965657433,-1.2949509439936528,1.7436524008824594,0.05778796289336602,0.2707005366706398,6.978778503105764e-30,1.4402324902779937,1.0799999999999885
7.016,-1.7426607708862536,-6.041926809048072,1.7426607708862536,6.041926809048072,-1.2937951847357854,1.7498398417206456,0.05778796289336602,0.2707005366706398,4.274975462344447e-30,1.4402324902779937,1.079999999999989
7.024,-1.744756162275731,-6.050916652438711,1.744756162275731,6.050916652438711,-1.292639425477918,1.7560272825588317,0.05778796289336602,0.2707005366706398,2.6108375616865618e-30,1.4402324902779937,1.0799999999999885
7.032,-1.7468515536652085,-6.05990649582935,1.7468515536652085,6.05990649582935,-1.2914836662200508,1.7622147233970178,0.05778796289336602,0.2707005366706398,1.589772011517153e-30,1.4402324902779937,1.079999999999988
7.04,-1.748946945054686,-6.068896339219989,1.748946945054686,6.068896339219989,-1.2903279069621836,1.768402164235204,0.05778796289336602,0.2707005366706398,9.651966082920694e-31,1.4402324902779937,1.079999999999988
7.048,-1.7510423364441636,-6.0778861826106265,1.7510423364441636,6.0778861826106265,-1.289172147704316,1.7745896050733898,0.05778796289336602,0.2707005366706398,5.843058960522071e-31,1.4402324902779937,1.0799999999999885
7.056,-1.753137727833641,-6.086876026001265,1.753137727833641,6.086876026001265,-1.2880163884464488,1.780777045911576,0.05778796289336602,0.2707005366706398,3.527169263989432e-31,1.4402324902779937,1.0799999999999876
7.064,-1.7552331192231185,-6.095865869391904,1.7552331192231185,6.095865869391904,-1.2868606291885816,1.786964486749762,0.05778796289336602,0.2707005366706398,2.123206842620153e-31,1.4402324902779937,1.0799999999999876
7.072,-1.757328510612596,-6.104855712782543,1.757328510612596,6.104855712782543,-1.285704869930714,1.7931519275879482,0.05778796289336602,0.2707005366706398,1.2745506693980696e-31,1.4402324902779937,1.0799999999999872
7.08,-1.7594239020020734,-6.113845556173182,1.7594239020020734,6.113845556173182,-1.2845491106728468,1.7993393684261343,0.05778796289336602,0.2707005366706398,7.630270388649434e-32,1.4402324902779937,1.0799999999999867
7.088,-1.761519293391551,-6.1228353995638205,1.761519293391551,6.1228353995638205,-1.2833933514149796,1.8055268092643202,0.05778796289336602,0.2707005366706398,4.55575535651454e-32,1.4402324902779937,1.0799999999999872
7.096,-1.7636146847810286,-6.131825242954458,1.7636146847810286,6.131825242954458,-1.282237592157112,1.8117142501025063,0.05778796289336602,0.2707005366706398,2.7129295526928254e-32,1.4402324902779937,1.0799999999999872
7.104,-1.765710076170506,-6.140815086345097,1.765710076170506,6.140815086345097,-1.2810818328992448,1.8179016909406924,0.05778796289336602,0.2707005366706398,1.6113678358349863e-32,1.4402324902779937,1.0799999999999867
7.112,-1.7678054675599835,-6.149804929735736,1.7678054675599835,6.149804929735736,-1.2799260736413776,1.8240891317788785,0.05778796289336602,0.2707005366706398,9.546621237543272e-33,1.4402324902779937,1.0799999999999867
7.12,-1.769900858949461,-6.158794773126375,1.769900858949461,6.158794773126375,-1.27877031438351,1.8302765726170647,0.05778796289336602,0.2707005366706398,5.641890727618487e-33,1.4402324902779937,1.0799999999999863
7.128,-1.7719962503389386,-6.167784616517014,1.7719962503389386,6.167784616517014,-1.2776145551256428,1.8364640134552506,0.05778796289336602,0.2707005366706398,3.326144717717715e-33,1.4402324902779937,1.0799999999999863
7.136,-1.774091641728416,-6.176774459907652,1.774091641728416,6.176774459907652,-1.2764587958677756,1.8426514542934367,0.05778796289336602,0.2707005366706398,1.956234801830062e-33,1.4402324902779937,1.0799999999999863
7.144,-1.7761870331178935,-6.18576430329829,1.7761870331178935,6.18576430329829,-1.275303036609908,1.8488388951316228,0.05778796289336602,0.2707005366706398,1.1478533889489258e-33,1.4402324902779937,1.0799999999999859
7.152,-1.778282424507371,-6.194754146688929,1.778282424507371,6.194754146688929,-1.2741472773520408,1.855026335969809,0.05778796289336602,0.2707005366706398,6.7198571293301284e-34,1.4402324902779937,1.0799999999999854
7.16,-1.7803778158968484,-6.203743990079568,1.7803778158968484,6.203743990079568,-1.2729915180941735,1.861213776807995,0.05778796289336602,0.2707005366706398,3.925226813077794e-34,1.4402324902779937,1.0799999999999859
7.168,-1.782473207286326,-6.212733833470207,1.782473207286326,6.212733833470207,-1.2718357588363063,1.8674012176461812,0.05778796289336602,0.2707005366706398,2.2878303951788434e-34,1.4402324902779937,1.0799999999999854
7.176,-1.7845685986758035,-6.2217236768608455,1.7845685986758035,6.2217236768608455,-1.2706799995784388,1.873588658484367,0.05778796289336602,0.2707005366706398,1.3306407688233904e-34,1.4402324902779937,1.079999999999985
7.184,-1.786663990065281,-6.230713520251483,1.786663990065281,6.230713520251483,-1.2695242403205715,1.8797760993225532,0.05778796289336602,0.2707005366706398,7.723242212880922e-35,1.4402324902779937,1.0799999999999854
7.192,-1.7887593814547584,-6.239703363642122,1.7887593814547584,6.239703363642122,-1.2683684810627043,1.8859635401607393,0.05778796289336602,0.2707005366706398,4.4736759725676066e-35,1.4402324902779937,1.079999999999985
7.2,-1.790854772844236,-6.248693207032761,1.790854772844236,6.248693207032761,-1.2672127218048368,1.8921509809989254,0.05778796289336602,0.2707005366706398,2.5863062475397325e-35,1.4402324902779937,1.0799999999999845
7.208,-1.7929501642337136,-6.2576830504234,1.7929501642337136,6.2576830504234,-1.2660569625469695,1.8983384218371115,0.05778796289336602,0.2707005366706398,1.4923501604082487e-35,1.4402324902779937,1.0799999999999845
7.216,-1.795045555623191,-6.266672893814039,1.795045555623191,6.266672893814039,-1.2649012032891023,1.9045258626752977,0.05778796289336602,0.2707005366706398,8.59531872963344e-36,1.4402324902779937,1.079999999999984
7.224,-1.7971409470126685,-6.275662737204677,1.7971409470126685,6.275662737204677,-1.2637454440312348,1.9107133035134836,0.05778796289336602,0.2707005366706398,4.941730685033706e-36,1.4402324902779937,1.0799999999999836
7.232,-1.799236338402146,-6.284652580595315,1.799236338402146,6.284652580595315,-1.2625896847733675,1.9169007443516697,0.05778796289336602,0.2707005366706398,2.8362705027054768e-36,1.4402324902779937,1.079999999999984
7.24,-1.8013317297916236,-6.293642423985954,1.8013317297916236,6.293642423985954,-1.2614339255155003,1.9230881851898558,0.05778796289336602,0.2707005366706398,1.6251506333422253e-36,1.4402324902779937,1.0799999999999845
7.248,-1.803427121181101,-6.302632267376593,1.803427121181101,6.302632267376593,-1.2602781662576328,1.929275626028042,0.05778796289336602,0.2707005366706398,9.29700700602657e-37,1.4402324902779937,1.079999999999984
7.256,-1.8055225125705785,-6.311622110767232,1.8055225125705785,6.311622110767232,-1.2591224069997655,1.935463066866228,0.05778796289336602,0.2707005366706398,5.310344174289292e-37,1.4402324902779937,1.0799999999999836
7.264,-1.807617903960056,-6.3206119541578705,1.807617903960056,6.3206119541578705,-1.2579666477418983,1.941650507704414,0.05778796289336602,0.2707005366706398,3.0287177490202593e-37,1.4402324902779937,1.0799999999999836
7.272,-1.8097132953495334,-6.329601797548509,1.8097132953495334,6.329601797548509,-1.2568108884840308,1.9478379485426,0.05778796289336602,0.2707005366706398,1.7249576322687491e-37,1.4402324902779937,1.0799999999999823
7.28,-1.811808686739011,-6.338591640939147,1.811808686739011,6.338591640939147,-1.2556551292261635,1.9540253893807862,0.05778796289336602,0.2707005366706398,9.810895566256418e-38,1.4402324902779937,1.0799999999999832
7.288,-1.8139040781284885,-6.347581484329786,1.8139040781284885,6.347581484329786,-1.2544993699682963,1.9602128302189723,0.05778796289336602,0.2707005366706398,5.572842461961494e-38,1.4402324902779937,1.0799999999999832
7.296,-1.815999469517966,-6.356571327720425,1.815999469517966,6.356571327720425,-1.2533436107104288,1.9664002710571584,0.05778796289336602,0.2707005366706398,3.161624407670114e-38,1.4402324902779937,1.0799999999999828
7.304,-1.8180948609074434,-6.365561171111064,1.8180948609074434,6.365561171111064,-1.2521878514525615,1.9725877118953445,0.05778796289336602,0.2707005366706398,1.7915827605828115e-38,1.4402324902779937,1.0799999999999823
7.312,-1.8201902522969209,-6.374551014501702,1.8201902522969209,6.374551014501702,-1.2510320921946942,1.9787751527335304,0.05778796289336602,0.2707005366706398,1.0141085366594245e-38,1.4402324902779937,1.0799999999999823
7.32,-1.8222856436863986,-6.383540857892341,1.8222856436863986,6.383540857892341,-1.249876332936827,1.9849625935717166,0.05778796289336602,0.2707005366706398,5.734307969019674e-39,1.4402324902779937,1.0799999999999819
7.328,-1.824381035075876,-6.392530701282979,1.824381035075876,6.392530701282979,-1.2487205736789595,1.9911500344099027,0.05778796289336602,0.2707005366706398,3.239327133751579e-39,1.4402324902779937,1.0799999999999819
7.336,-1.8264764264653535,-6.401520544673618,1.8264764264653535,6.401520544673618,-1.2475648144210922,1.9973374752480888,0.05778796289336602,0.2707005366706398,1.828244121167175e-39,1.4402324902779937,1.0799999999999819
7.344,-1.828571817854831,-6.410510388064257,1.828571817854831,6.410510388064257,-1.246409055163225,2.003524916086275,0.05778796289336602,0.2707005366706398,1.0309738460733036e-39,1.4402324902779937,1.0799999999999814
7.352,-1.8306672092443084,-6.4195002314548955,1.8306672092443084,6.4195002314548955,-1.2452532959053575,2.009712356924461,0.05778796289336602,0.2707005366706398,5.809300391557168e-40,1.4402324902779937,1.079999999999981
7.36,-1.832762600633786,-6.428490074845534,1.832762600633786,6.428490074845534,-1.2440975366474902,2.015899797762647,0.05778796289336602,0.2707005366706398,3.2710825434203885e-40,1.4402324902779937,1.0799999999999819
7.368,-1.8348579920232635,-6.437479918236172,1.8348579920232635,6.437479918236172,-1.242941777389623,2.022087238600833,0.05778796289336602,0.2707005366706398,1.8406852440644427e-40,1.4402324902779937,1.079999999999981
7.376,-1.836953383412741,-6.446469761626811,1.836953383412741,6.446469761626811,-1.2417860181317555,2.028274679439019,0.05778796289336602,0.2707005366706398,1.0351824340785159e-40,1.4402324902779937,1.0799999999999805
7.384,-1.8390487748022184,-6.45545960501745,1.8390487748022184,6.45545960501745,-1.2406302588738882,2.034462120277205,0.05778796289336602,0.2707005366706398,5.818789736936908e-41,1.4402324902779937,1.0799999999999805
7.392,-1.8411441661916959,-6.4644494484080885,1.8411441661916959,6.4644494484080885,-1.239474499616021,2.040649561115391,0.05778796289336602,0.2707005366706398,3.269309203159209e-41,1.4402324902779937,1.07999999999998
7.4,-1.8432395575811735,-6.473439291798727,1.8432395575811735,6.473439291798727,-1.2383187403581535,2.0468370019535773,0.05778796289336602,0.2707005366706398,1.8361836746347643e-41,1.4402324902779937,1.0799999999999805
7.408,-1.845334948970651,-6.482429135189366,1.845334948970651,6.482429135189366,-1.2371629811002862,2.0530244427917634,0.05778796289336602,0.2707005366706398,1.0309612258759824e-41,1.4402324902779937,1.0799999999999805
7.416,-1.8474303403601284,-6.491418978580004,1.8474303403601284,6.491418978580004,-1.236007221842419,2.0592118836299496,0.05778796289336602,0.2707005366706398,5.787139816261944e-42,1.4402324902779937,1.0799999999999805
7.424,-1.8495257317496059,-6.500408821970643,1.8495257317496059,6.500408821970643,-1.2348514625845515,2.0653993244681357,0.05778796289336602,0.2707005366706398,3.247958285560515e-42,1.4402324902779937,1.07999999999998
7.432,-1.8516211231390836,-6.509398665361282,1.8516211231390836,6.509398665361282,-1.2336957033266842,2.071586765306322,0.05778796289336602,0.2707005366706398,1.8226830791594818e-42,1.4402324902779937,1.07999999999998
7.44,-1.853716514528561,-6.51838850875192,1.853716514528561,6.51838850875192,-1.232539944068817,2.077774206144508,0.05778796289336602,0.2707005366706398,1.0228114539545385e-42,1.4402324902779937,1.0799999999999796
7.448,-1.8558119059180385,-6.527378352142559,1.8558119059180385,6.527378352142559,-1.2313841848109495,2.083961646982694,0.05778796289336602,0.2707005366706398,5.73975257386767e-43,1.4402324902779937,1.0799999999999792
7.456,-1.857907297307516,-6.536368195533198,1.857907297307516,6.536368195533198,-1.2302284255530822,2.09014908782088,0.05778796289336602,0.2707005366706398,3.2213165094794105e-43,1.4402324902779937,1.0799999999999792
7.464,-1.8600026886969934,-6.545358038923836,1.8600026886969934,6.545358038923836,-1.229072666295215,2.096336528659066,0.05778796289336602,0.2707005366706398,1.808196937939831e-43,1.4402324902779937,1.0799999999999792
7.472,-1.862098080086471,-6.554347882314475,1.862098080086471,6.554347882314475,-1.2279169070373477,2.102523969497252,0.05778796289336602,0.2707005366706398,1.0152187172856944e-43,1.4402324902779937,1.0799999999999788
7.48,-1.8641934714759485,-6.5633377257051135,1.8641934714759485,6.5633377257051135,-1.2267611477794802,2.108711410335438,0.05778796289336602,0.2707005366706398,5.701701614083813e-44,1.4402324902779937,1.0799999999999788
7.488,-1.866288862865426,-6.572327569095752,1.866288862865426,6.572327569095752,-1.225605388521613,2.114898851173624,0.05778796289336602,0.2707005366706398,3.2033893840472917e-44,1.4402324902779937,1.0799999999999783
7.496,-1.8683842542549034,-6.581317412486391,1.8683842542549034,6.581317412486391,-1.2244496292637457,2.1210862920118103,0.05778796289336602,0.2707005366706398,1.8005480081689245e-44,1.4402324902779937,1.0799999999999779
7.5040000000000004,-1.870479645644381,-6.590307255877029,1.870479645644381,6.590307255877029,-1.2232938700058782,2.1272737328499964,0.05778796289336602,0.2707005366706398,1.012555190262144e-44,1.4402324902779937,1.0799999999999792
7.5120000000000005,-1.8725750370338585,-6.599297099267668,1.8725750370338585,6.599297099267668,-1.222138110748011,2.1334611736881826,0.05778796289336602,0.2707005366706398,5.697455790984944e-45,1.4402324902779937,1.0799999999999788
7.5200000000000005,-1.874670428423336,-6.608286942658307,1.874670428423336,6.608286942658307,-1.2209823514901437,2.1396486145263687,0.05778796289336602,0.2707005366706398,3.207898730994136e-45,1.4402324902779937,1.0799999999999783
7.5280000000000005,-1.8767658198128134,-6.617276786048945,1.8767658198128134,6.617276786048945,-1.2198265922322762,2.145836055364555,0.05778796289336602,0.2707005366706398,1.8074523040534215e-45,1.4402324902779937,1.0799999999999779
7.5360000000000005,-1.8788612112022909,-6.626266629439584,1.8788612112022909,6.626266629439584,-1.218670832974409,2.152023496202741,0.05778796289336602,0.2707005366706398,1.0191744948288496e-45,1.4402324902779937,1.0799999999999779
7.5440000000000005,-1.8809566025917686,-6.635256472830223,1.8809566025917686,6.635256472830223,-1.2175150737165417,2.158210937040927,0.05778796289336602,0.2707005366706398,5.7516791178927764e-46,1.4402324902779937,1.0799999999999774
7.5520000000000005,-1.883051993981246,-6.644246316220861,1.883051993981246,6.644246316220861,-1.2163593144586742,2.1643983778791127,0.05778796289336602,0.2707005366706398,3.2488820259592577e-46,1.4402324902779937,1.0799999999999774
7.5600000000000005,-1.8851473853707235,-6.6532361596115,1.8851473853707235,6.6532361596115,-1.215203555200807,2.170585818717299,0.05778796289336602,0.2707005366706398,1.8369405299239987e-46,1.4402324902779937,1.0799999999999774
7.5680000000000005,-1.887242776760201,-6.6622260030021385,1.887242776760201,6.6622260030021385,-1.2140477959429397,2.176773259555485,0.05778796289336602,0.2707005366706398,1.0396966909358448e-46,1.4402324902779937,1.079999999999977
7.5760000000000005,-1.8893381681496784,-6.671215846392777,1.8893381681496784,6.671215846392777,-1.2128920366850722,2.182960700393671,0.05778796289336602,0.2707005366706398,5.891108906353393e-47,1.4402324902779937,1.0799999999999765
7.5840000000000005,-1.891433559539156,-6.680205689783416,1.891433559539156,6.680205689783416,-1.211736277427205,2.189148141231857,0.05778796289336602,0.2707005366706398,3.3419083674640216e-47,1.4402324902779937,1.0799999999999765
7.5920000000000005,-1.8935289509286335,-6.689195533174055,1.8935289509286335,6.689195533174055,-1.2105805181693376,2.1953355820700433,0.05778796289336602,0.2707005366706398,1.898135634678189e-47,1.4402324902779937,1.079999999999976
7.6000000000000005,-1.895624342318111,-6.698185376564693,1.895624342318111,6.698185376564693,-1.2094247589114702,2.2015230229082294,0.05778796289336602,0.2707005366706398,1.0795011994393744e-47,1.4402324902779937,1.079999999999976
7.6080000000000005,-1.8977197337075884,-6.707175219955332,1.8977197337075884,6.707175219955332,-1.208268999653603,2.2077104637464156,0.05778796289336602,0.2707005366706398,6.147662182753605e-48,1.4402324902779937,1.079999999999976
7.6160000000000005,-1.8998151250970658,-6.71616506334597,1.8998151250970658,6.71616506334597,-1.2071132403957356,2.2138979045846017,0.05778796289336602,0.2707005366706398,3.506028657254282e-48,1.4402324902779937,1.0799999999999756
7.6240000000000006,-1.9019105164865435,-6.725154906736609,1.9019105164865435,6.725154906736609,-1.2059574811378684,2.220085345422788,0.05778796289336602,0.2707005366706398,2.0024743863277846e-48,1.4402324902779937,1.079999999999976
7.632000000000001,-1.904005907876021,-6.734144750127248,1.904005907876021,6.734144750127248,-1.204801721880001,2.2262727862609735,0.05778796289336602,0.2707005366706398,1.1454912323917914e-48,1.4402324902779937,1.079999999999976
7.640000000000001,-1.9061012992654984,-6.743134593517887,1.9061012992654984,6.743134593517887,-1.2036459626221336,2.2324602270991596,0.05778796289336602,0.2707005366706398,6.563219264804111e-49,1.4402324902779937,1.0799999999999748
7.648000000000001,-1.9081966906549759,-6.752124436908525,1.9081966906549759,6.752124436908525,-1.2024902033642664,2.2386476679373457,0.05778796289336602,0.2707005366706398,3.766771273650672e-49,1.4402324902779937,1.0799999999999748
7.656000000000001,-1.9102920820444533,-6.7611142802991635,1.9102920820444533,6.7611142802991635,-1.201334444106399,2.244835108775532,0.05778796289336602,0.2707005366706398,2.165585895148033e-49,1.4402324902779937,1.0799999999999748
7.664000000000001,-1.912387473433931,-6.770104123689802,1.912387473433931,6.770104123689802,-1.2001786848485316,2.251022549613718,0.05778796289336602,0.2707005366706398,1.2472738683267043e-49,1.4402324902779937,1.0799999999999752
7.672000000000001,-1.9144828648234085,-6.779093967080441,1.9144828648234085,6.779093967080441,-1.1990229255906644,2.257209990451904,0.05778796289336602,0.2707005366706398,7.197052466687422e-50,1.4402324902779937,1.0799999999999748
7.68,-1.9165782562128857,-6.788083810471079,1.9165782562128857,6.788083810471079,-1.197867166332797,2.2633974312900893,0.05778796289336602,0.2707005366706398,4.160829384123475e-50,1.4402324902779937,1.0799999999999743
7.688,-1.9186736476023631,-6.797073653861717,1.9186736476023631,6.797073653861717,-1.1967114070749298,2.2695848721282754,0.05778796289336602,0.2707005366706398,2.410256482141656e-50,1.4402324902779937,1.0799999999999743
7.696,-1.9207690389918406,-6.806063497252356,1.9207690389918406,6.806063497252356,-1.1955556478170624,2.2757723129664615,0.05778796289336602,0.2707005366706398,1.3990402102785722e-50,1.4402324902779937,1.0799999999999739
7.704,-1.9228644303813183,-6.8150533406429945,1.9228644303813183,6.8150533406429945,-1.194399888559195,2.2819597538046477,0.05778796289336602,0.2707005366706398,8.137779925176012e-51,1.4402324902779937,1.0799999999999748
7.712,-1.9249598217707957,-6.824043184033633,1.9249598217707957,6.824043184033633,-1.1932441293013278,2.288147194642834,0.05778796289336602,0.2707005366706398,4.7436807587534056e-51,1.4402324902779937,1.0799999999999743
7.72,-1.9270552131602732,-6.833033027424272,1.9270552131602732,6.833033027424272,-1.1920883700434604,2.29433463548102,0.05778796289336602,0.2707005366706398,2.771299322055923e-51,1.4402324902779937,1.079999999999973
7.728,-1.9291506045497506,-6.84202287081491,1.9291506045497506,6.84202287081491,-1.190932610785593,2.300522076319206,0.05778796289336602,0.2707005366706398,1.622685345177716e-51,1.4402324902779937,1.0799999999999734
7.736,-1.931245995939228,-6.851012714205549,1.931245995939228,6.851012714205549,-1.1897768515277258,2.306709517157392,0.05778796289336602,0.2707005366706398,9.52340475889243e-52,1.4402324902779937,1.079999999999973
7.744,-1.9333413873287058,-6.860002557596188,1.9333413873287058,6.860002557596188,-1.1886210922698583,2.3128969579955783,0.05778796289336602,0.2707005366706398,5.6024900619583745e-52,1.4402324902779937,1.0799999999999734
7.752,-1.9354367787181832,-6.868992400986826,1.9354367787181832,6.868992400986826,-1.187465333011991,2.3190843988337644,0.05778796289336602,0.2707005366706398,3.3038814550916758e-52,1.4402324902779937,1.0799999999999734
7.76,-1.9375321701076607,-6.877982244377465,1.9375321701076607,6.877982244377465,-1.1863095737541238,2.3252718396719505,0.05778796289336602,0.2707005366706398,1.9531950827343405e-52,1.4402324902779937,1.079999999999973
7.768,-1.939627561497138,-6.886972087768104,1.939627561497138,6.886972087768104,-1.1851538144962563,2.331459280510136,0.05778796289336602,0.2707005366706398,1.1576241862828204e-52,1.4402324902779937,1.0799999999999725
7.776,-1.9417229528866158,-6.895961931158742,1.9417229528866158,6.895961931158742,-1.183998055238389,2.3376467213483223,0.05778796289336602,0.2707005366706398,6.878806031144399e-53,1.4402324902779937,1.079999999999973
7.784,-1.9438183442760932,-6.904951774549381,1.9438183442760932,6.904951774549381,-1.1828422959805218,2.3438341621865084,0.05778796289336602,0.2707005366706398,4.098306446239956e-53,1.4402324902779937,1.0799999999999725
7.792,-1.9459137356655707,-6.9139416179400195,1.9459137356655707,6.9139416179400195,-1.1816865367226543,2.3500216030246945,0.05778796289336602,0.2707005366706398,2.4482951486044566e-53,1.4402324902779937,1.079999999999972
7.8,-1.9480091270550481,-6.922931461330658,1.9480091270550481,6.922931461330658,-1.180530777464787,2.3562090438628807,0.05778796289336602,0.2707005366706398,1.4666039841368852e-53,1.4402324902779937,1.079999999999972
7.808,-1.9501045184445256,-6.931921304721297,1.9501045184445256,6.931921304721297,-1.1793750182069198,2.362396484701067,0.05778796289336602,0.2707005366706398,8.80994393898628e-54,1.4402324902779937,1.0799999999999716
7.816,-1.9521999098340033,-6.940911148111936,1.9521999098340033,6.940911148111936,-1.1782192589490526,2.368583925539253,0.05778796289336602,0.2707005366706398,5.30720365637782e-54,1.4402324902779937,1.0799999999999712
7.824,-1.9542953012234807,-6.949900991502574,1.9542953012234807,6.949900991502574,-1.177063499691185,2.374771366377439,0.05778796289336602,0.2707005366706398,3.206354141482451e-54,1.4402324902779937,1.0799999999999716
7.832,-1.9563906926129582,-6.958890834893213,1.9563906926129582,6.958890834893213,-1.1759077404333178,2.380958807215625,0.05778796289336602,0.2707005366706398,1.9428122045652706e-54,1.4402324902779937,1.0799999999999712
7.84,-1.9584860840024356,-6.967880678283851,1.9584860840024356,6.967880678283851,-1.1747519811754505,2.3871462480538113,0.05778796289336602,0.2707005366706398,1.1807117827055987e-54,1.4402324902779937,1.0799999999999708
7.848,-1.960581475391913,-6.97687052167449,1.960581475391913,6.97687052167449,-1.173596221917583,2.3933336888919974,0.05778796289336602,0.2707005366706398,7.197315077495625e-55,1.4402324902779937,1.0799999999999703
7.856,-1.9626768667813907,-6.985860365065129,1.9626768667813907,6.985860365065129,-1.1724404626597158,2.399521129730183,0.05778796289336602,0.2707005366706398,4.400784903567664e-55,1.4402324902779937,1.0799999999999712
7.864,-1.9647722581708682,-6.994850208455767,1.9647722581708682,6.994850208455767,-1.1712847034018485,2.405708570568369,0.05778796289336602,0.2707005366706398,2.6992424853922792e-55,1.4402324902779937,1.0799999999999712
7.872,-1.9668676495603457,-7.003840051846406,1.9668676495603457,7.003840051846406,-1.170128944143981,2.4118960114065553,0.05778796289336602,0.2707005366706398,1.660827663945057e-55,1.4402324902779937,1.0799999999999708
7.88,-1.968963040949823,-7.0128298952370445,1.968963040949823,7.0128298952370445,-1.1689731848861138,2.4180834522447414,0.05778796289336602,0.2707005366706398,1.0251716334832534e-55,1.4402324902779937,1.0799999999999708
7.888,-1.9710584323393006,-7.021819738627683,1.9710584323393006,7.021819738627683,-1.1678174256282465,2.4242708930829275,0.05778796289336602,0.2707005366706398,6.348571485828813e-56,1.4402324902779937,1.0799999999999703
7.896,-1.9731538237287782,-7.030809582018322,1.9731538237287782,7.030809582018322,-1.166661666370379,2.4304583339211137,0.05778796289336602,0.2707005366706398,3.9443968192550013e-56,1.4402324902779937,1.0799999999999699
7.904,-1.9752492151182557,-7.039799425408961,1.9752492151182557,7.039799425408961,-1.1655059071125118,2.4366457747592998,0.05778796289336602,0.2707005366706398,2.4588255281597334e-56,1.4402324902779937,1.0799999999999699
7.912,-1.9773446065077331,-7.048789268799599,1.9773446065077331,7.048789268799599,-1.1643501478546445,2.442833215597486,0.05778796289336602,0.2707005366706398,1.5379222288759083e-56,1.4402324902779937,1.0799999999999699
7.92,-1.9794399978972106,-7.057779112190238,1.9794399978972106,7.057779112190238,-1.163194388596777,2.449020656435672,0.05778796289336602,0.2707005366706398,9.651998460752263e-57,1.4402324902779937,1.0799999999999694
7.928,-1.9815353892866883,-7.066768955580876,1.9815353892866883,7.066768955580876,-1.1620386293389098,2.455208097273858,0.05778796289336602,0.2707005366706398,6.078446871747707e-57,1.4402324902779937,1.0799999999999694
7.936,-1.9836307806761657,-7.075758798971515,1.9836307806761657,7.075758798971515,-1.1608828700810425,2.4613955381120443,0.05778796289336602,0.2707005366706398,3.8412843702028607e-57,1.4402324902779937,1.079999999999969
7.944,-1.9857261720656432,-7.084748642362154,1.9857261720656432,7.084748642362154,-1.159727110823175,2.46758297895023,0.05778796289336602,0.2707005366706398,2.4360394965228205e-57,1.4402324902779937,1.0799999999999685
7.952,-1.9878215634551206,-7.093738485752793,1.9878215634551206,7.093738485752793,-1.1585713515653078,2.473770419788416,0.05778796289336602,0.2707005366706398,1.5503560195071024e-57,1.4402324902779937,1.0799999999999685
7.96,-1.989916954844598,-7.102728329143431,1.989916954844598,7.102728329143431,-1.1574155923074405,2.479957860626602,0.05778796289336602,0.2707005366706398,9.902221891672254e-58,1.4402324902779937,1.0799999999999685
7.968,-1.9920123462340757,-7.1117181725340695,1.9920123462340757,7.1117181725340695,-1.1562598330495732,2.4861453014647883,0.05778796289336602,0.2707005366706398,6.347496262579907e-58,1.4402324902779937,1.079999999999969
7.976,-1.9941077376235532,-7.120708015924708,1.9941077376235532,7.120708015924708,-1.1551040737917058,2.4923327423029744,0.05778796289336602,0.2707005366706398,4.0837106219845946e-58,1.4402324902779937,1.079999999999969
7.984,-1.9962031290130307,-7.129697859315347,1.9962031290130307,7.129697859315347,-1.1539483145338385,2.4985201831411605,0.05778796289336602,0.2707005366706398,2.63696232501166e-58,1.4402324902779937,1.0799999999999685
7.992,-1.998298520402508,-7.138687702705986,1.998298520402508,7.138687702705986,-1.1527925552759712,2.5047076239793467,0.05778796289336602,0.2707005366706398,1.7090813523702357e-58,1.4402324902779937,1.0799999999999672
8.0,-2.000393911791986,-7.147677546096625,2.000393911791986,7.147677546096625,-1.1516367960181038,2.5108950648175328,0.05778796289336602,0.2707005366706398,1.111845417319713e-58,1.4402324902779937,1.079999999999968
