time,x1,y1,x2,y2,theta1,theta2,beta1a,beta1b,beta2a,beta2b,L1,L2,overlap,translation_energy,rotation_energy,shape_energy,interaction_energy,total_energy
0.0,-3.2,-0.42,3.2,0.42,0.27,-0.34,0.0,0.0,0.0,0.0,0.0,0.0,4.6962053662415e-06,1.2100000000000002,0.0,0.0,0.00013341378570446373,1.2101334137857047
0.0064285714285714285,-3.1929285817351474,-0.4200000030606721,3.1929285817351474,0.4200000030606721,0.26999999988147905,-0.34000000926909035,-2.637188099990851e-07,-9.285482524204572e-09,-1.5036662086683344e-07,-3.882813702691607e-08,-5.216524078992514e-08,-3.372283852350457e-06,4.946567882411167e-06,1.2099928867782406,4.902836742161304e-12,7.385976213575481e-10,0.00014052626396380766,1.2101334137857047
0.012857142857142857,-3.1858571847807524,-0.42000001245880664,3.1858571847807524,0.42000001245880664,0.26999999950472986,-0.34000003768568016,-1.0683013372698792e-06,-3.522405198217864e-08,-6.086719069874172e-07,-1.5602571454575804e-07,-1.1131089036443174e-07,-6.9113802088138816e-06,5.209624493871577e-06,1.209985411382943,2.0593795104695135e-11,3.088614709742275e-09,0.0001479992935534245,1.2101334137857047
0.019285714285714285,-3.1787858102204565,-0.4200000285308502,3.1787858102204565,0.4200000285308502,0.26999999883603376,-0.34000008619561967,-2.428975617326454e-06,-7.101932792830183e-08,-1.3824314922719293e-06,-3.498303261637118e-07,-1.7800451200859144e-07,-1.0625049877119527e-05,5.485981729197887e-06,1.209977556395882,4.8671760221210513e-11,7.248381768966843e-09,0.00015585009276947745,1.210133413785705
0.025714285714285714,-3.1717144591899435,-0.4200000516302313,3.1717144591899435,0.4200000516302313,0.26999999783894946,-0.34000015578872445,-4.35436153222333e-06,-1.0463140181525063e-07,-2.4747351521044466e-06,-6.14686785057211e-07,-2.528510699149559e-07,-1.452138882128609e-05,5.776273875576768e-06,1.2099693036164088,9.09160068103712e-11,1.3409606376117985e-08,0.00016409666877367242,1.2101334137857047
0.03214285714285714,-3.16464313287928,-0.42000008212816914,3.16464313287928,0.42000008212816914,0.26999999647413453,-0.3400002475006733,-6.846514686586967e-06,-1.1886699831332794e-07,-3.884283529000634e-06,-9.413049149976571e-07,-3.364950610059048e-07,-1.860884187752287e-05,6.081164258713591e-06,1.2099606340279907,1.4930431532339056e-10,2.1754160395661145e-08,0.00017275785424953195,1.2101334137857052
0.03857142857142857,-3.1575718325353472,-0.4200001204145188,3.1575718325353472,0.4200001204145188,0.2699999946991564,-0.34000036241498327,-9.901111699673164e-06,-9.160249955462461e-08,-5.605521800485587e-06,-1.3168105293029648e-06,-4.2962275719933713e-07,-2.2896217035792007e-05,6.401346567439516e-06,1.2099515277633115,2.2603279132953742e-10,3.245102459690466e-08,0.0001818533453365059,1.2101334137857056
0.045,-3.1505005594643856,-0.4200001668986554,3.1505005594643856,0.4200001668986554,0.26999999246829265,-0.34000050166506446,-1.350777220425176e-05,3.865130131517003e-09,-7.628866970459571e-06,-1.7249861731035093e-06,-5.329645635786295e-07,-2.7392700299308477e-05,6.7375462207868765e-06,1.209941964067897,3.235375416912051e-10,4.565350055628249e-08,0.0001914037407701009,1.2101334137857054
0.05142857142857143,-3.1434293150346417,-0.42000022201039844,3.1434293150346417,0.42000022201039844,0.26999998973232026,-0.3400006664363584,-1.7650509958967112e-05,1.983473290618609e-07,-9.941023470836896e-06,-2.1465962262874144e-06,-6.47297498069106e-07,-3.2107871132029965e-05,7.090521775031147e-06,1.2099319212622355,4.445183742313955e-10,6.149680330228507e-08,0.0002014305821475681,1.2101334137857047
0.05785714285714286,-3.136358100679131,-0.42000028620097846,3.136358100679131,0.42000028620097846,0.26999998643829287,-0.3400008579685628,-2.23083025375715e-05,5.261835446568267e-07,-1.2525379725862851e-05,-2.5597889486162196e-06,-7.734477983501765e-07,-3.705171850190586e-05,7.4610663680359485e-06,1.2099213767023582,5.919647017395296e-10,8.009614877462122e-08,0.00021195639523334815,1.210133413785705
0.06428571428571428,-3.1292869178985168,-0.42000035994404744,3.1292869178985168,0.42000035994404744,0.2699999825293059,-0.3400010775579454,-2.745576627717046e-05,1.0245649101829484e-06,-1.53624764104646e-05,-2.9405661473996034e-06,-9.122936618329173e-07,-4.223465752539964e-05,7.850009198188102e-06,1.2099103067388566,7.691838463565912e-10,1.0154544785564446e-07,0.00022300473221656774,1.2101334137857047
0.07071428571428572,-3.122215768264115,-0.4200004437367351,3.122215768264115,0.4200004437367351,0.26999997794424824,-0.34000132655975246,-3.306392103562248e-05,1.7327775342322033e-06,-1.8430535662165487e-05,-3.2633096934391972e-06,-1.0647681246144245e-06,-4.766754671642696e-05,8.258217035220673e-06,1.2098986866743273,9.798319566840695e-10,1.2591671290075193e-07,0.00023460021483281949,1.210133413785705
0.07714285714285714,-3.1151446534210216,-0.42000053810075305,3.1151446534210216,0.42000053810075305,0.26999997261754066,-0.340001606390712,-3.910102702593053e-05,2.691383176932305e-06,-2.1706038932770526e-05,-3.501352560173595e-06,-1.2318620853810024e-06,-5.3361705840907884e-05,8.686595760422645e-06,1.2098864907192153,1.2279477674538188e-09,1.532602739002386e-07,0.00024676857826822776,1.2101334137857054
0.08357142857142857,-3.1080735750913733,-0.42000064358354855,3.1080735750913733,0.42000064358354855,0.26999996647885954,-0.3400019185316387,-4.55334747001577e-05,3.9413563452314005e-06,-2.5164340274523986e-05,-3.627581186016106e-06,-1.4146274802769016e-06,-5.932893437598456e-05,9.136091933976022e-06,1.2098736919460562,1.51798945032987e-09,1.8360588852304173e-07,0.00025953671577085474,1.2101334137857052
0.09,-3.1010025350777446,-0.42000076075951004,3.1010025350777446,0.42000076075951004,0.2699999594528458,-0.34000226453014126,-5.232670728407604e-05,5.5231981598307594e-06,-2.878030091426579e-05,-3.6150550413140673e-06,-1.6141806147834486e-06,-6.558153057150335e-05,9.607694387607059e-06,1.2098602622421075,1.8548748244939897e-09,2.1696481472109222e-07,0.00027293272390783703,1.2101334137857052
0.09642857142857143,-3.0939315352666874,-0.42000089023122633,3.0939315352666874,0.42000089023122633,0.26999995145879746,-0.3400026460034373,-5.944615502844106e-05,7.476047840618475e-06,-3.252893060566966e-05,-3.4376289361794285e-06,-1.83170565867579e-06,-7.213231110995025e-05,1.0102435841258995e-05,1.2098461722603622,2.244025217158732e-09,2.5333289524660403e-07,0.00028698594842231146,1.2101334137857047
0.10285714285714286,-3.0868605776324136,-0.4200010326308015,3.0868605776324136,0.4200010326308015,0.2699999424103466,-0.34000306464127866,-6.685815999540943e-05,9.836812859725416e-06,-3.638602108676577e-05,-3.070563462519301e-06,-2.0684583101361304e-06,-7.89946313601604e-05,1.0621394543169666e-05,1.2098313913689465,2.691413287164155e-09,2.9269468100058794e-07,0.00030172703066467664,1.2101334137857054
0.10928571428571428,-3.0797896642406317,-0.4200011886212279,3.0797896642406317,0.4200011886212279,0.2699999322151174,-0.3400035222089905,-7.453087053202332e-05,1.2639338431439718e-05,-4.032875721014372e-05,-2.491109224296772e-06,-2.3257696351242617e-06,-8.618240621986574e-05,1.1165695933518308e-05,1.2098158875988974,3.203615149461165e-09,3.350285960872055e-07,0.00031718795459651357,1.210133413785705
0.11571428571428571,-3.0727187972525343,-0.4200013588978187,3.0727187972525343,0.4200013588978187,0.2699999207743677,-0.3400040205506282,-8.24350853266393e-05,1.591363622604335e-05,-4.4336291836238244e-05,-1.6790510499969937e-06,-2.6050500881256815e-06,-9.371013154209043e-05,1.1736514332707113e-05,1.209799627590326,3.787867164654586e-09,3.803131189042271e-07,0.00033340209439304113,1.2101334137857052
0.12214285714285714,-3.065647978928952,-0.42000154418970276,3.065647978928952,0.42000154418970276,0.26999990798260975,-0.3400045615922552,-9.054502827158021e-05,1.968519081817464e-05,-4.8390271510062245e-05,-6.171993327247514e-07,-2.907793720445728e-06,-0.00010159290614147797,1.2335074656315562e-05,1.2097825765369503,4.452127786061009e-09,4.2853392701010647e-07,0.00035040426269981027,1.210133413785705
0.12857142857142856,-3.0585772116346646,-0.420001745261384,3.0585772116346646,0.420001745261384,0.2699998937272122,-0.3400051473453447,-9.883903693455607e-05,2.3974360767823894e-05,-5.2475301042697574e-05,7.081832409603181e-07,-3.2355825822765856e-06,-0.00010984645437770462,1.296265415984981e-05,1.209764698129006,5.205144887000891e-09,4.796919213846288e-07,0.00036823075963271225,1.210133413785705
0.135,-3.0515064978428894,-0.42000196291436703,3.0515064978428894,0.42000196291436703,0.26999987788798047,-0.34000577991031056,-0.00010730014962207584,2.8795889005943552e-05,-5.657933663948887e-05,2.30702977190101e-06,-3.590091324863592e-06,-0.00011848714931544195,1.362058421750293e-05,1.2097459544945142,6.056529023538745e-09,5.33812017790516e-07,0.0003869194226441437,1.2101334137857052
0.14142857142857143,-3.0444358401399394,-0.42000219798885136,3.0444358401399394,0.42000219798885136,0.2699998603367153,-0.34000646148016794,-0.00011591657838992048,3.415853479147037e-05,-6.069399886717456e-05,4.1852005723577885e-06,-3.973092009231911e-06,-0.00012753203646287498,1.4310252140292738e-05,1.2097263061388956,7.0168331227200464e-09,5.909525623875205e-07,0.00040650967741383357,1.210133413785705
0.14785714285714285,-3.0373652412300634,-0.420002451365497,3.0373652412300634,0.420002451365497,0.2699998409367487,-0.34000719434433,-0.00012468205804174525,4.006483678487646e-05,-6.481479862072766e-05,6.344304582523817e-06,-4.386459128114263e-06,-0.00013699885809414196,1.5033103040092217e-05,1.2097057118829069,8.097639123770084e-09,6.5121520062269e-07,0.000427042589958539,1.2101334137857054
0.15428571428571428,-3.030294703940469,-0.42000272396726357,3.030294703940469,0.42000272396726357,0.2699998195424556,-0.3400079808925425,-0.00013359606423268402,4.651101367307516e-05,-6.894127138903549e-05,8.781615275504568e-06,-4.832174847956479e-06,-0.00014690607816502218,1.579064174713509e-05,1.2096841287988604,9.31165213993044e-09,7.147550043142814e-07,0.00044856092018816923,1.2101334137857052
0.1607142857142857,-3.023224231226536,-0.4200030167613248,3.023224231226536,0.4200030167613248,0.26999979599874063,-0.3400088236189602,-0.00014266389665981913,5.348700589016379e-05,-7.307701710853238e-05,1.1490083545587749e-05,-5.3123344781673964e-06,-0.00015727290783560803,1.6584434789670995e-05,1.2096615121450949,1.0672802751836556e-08,7.817906368374246e-07,0.00047110917717014324,1.2101334137857045
0.16714285714285715,-3.0161538261772267,-0.4200033307610621,3.0161538261772267,0.4200033307610621,0.26999977014049903,-0.3400097251263685,-0.00015189662683015744,6.097665843682018e-05,-7.722964533179301e-05,1.4458447622560514e-05,-5.829152175137295e-06,-0.00016811933161864427,1.741611244528657e-05,1.2096378152986342,1.2196358089871776e-08,8.526143220705849e-07,0.0004947336763904273,1.210133413785705
0.17357142857142857,-3.009083492020693,-0.42000366702813874,3.009083492020693,0.42000366702813874,0.2699997417920499,-0.34001068813055507,-0.0001613109127509121,6.895804192997716e-05,-8.141062741836536e-05,1.767143806696838e-05,-6.3849668889649865e-06,-0.00017946613417753863,1.828737087428512e-05,1.2096129896859689,1.3899042413034822e-08,9.276013660368163e-07,0.0005194825993275557,1.2101334137857047
0.18,-3.0020132321300927,-0.42000402667465764,3.0020132321300927,0.42000402667465764,0.26999971076654145,-0.340011715464833,-0.00017092868630971497,7.74039055654807e-05,-8.563505983161812e-05,2.111007351352701e-05,-6.982248561323514e-06,-0.0001913349278035155,1.9199974346039178e-05,1.2095869847118872,1.5799167945830495e-08,1.0072189768562676e-06,0.0005454060556729299,1.2101334137857047
0.18642857142857142,-2.9949430500296157,-0.4200044108654062,2.9949430500296157,0.4200044108654062,0.26999967686532655,-0.34001281008472173,-0.00018077672195149688,8.628225282377831e-05,-8.992134459416677e-05,2.4752040855104005e-05,-7.623604583437482e-06,-0.00020374818060710527,2.0155757569669867e-05,1.2095597476862558,1.7916776792879963e-08,1.0920341270676954e-06,0.0005725561485452514,1.210133413785705
0.19285714285714287,-2.9878729494007303,-0.42000482082019036,2.9878729494007303,0.42000482082019036,0.26999963987730724,-0.3400139750727883,-0.00019088609808317993,9.55570279098437e-05,-9.429079491320651e-05,2.857215159466307e-05,-8.311786523764384e-06,-0.0002167292454647969,2.1156628140539578e-05,1.2095312237486475,2.0273794813676258e-08,1.1827202106114258e-06,0.000600987043052083,1.2101334137857052
0.1992857142857143,-2.9808029340886533,-0.4200052578162613,2.9808029340886533,0.4200052578162613,0.26999959957824754,-0.34001521364365367,-0.00020129156524571371,0.0001051888982985363,-9.876717579534247e-05,3.2542864279291616e-05,-9.04969713562347e-06,-0.00023030238976694392,2.2204569113887597e-05,1.2095013557906948,2.289419840751281e-08,1.280062263770514e-06,0.0006307550385477601,1.2101334137857047
0.2057142857142857,-2.9737330081090523,-0.42000572319083823,2.9737330081090523,0.42000572319083823,0.269999555730052,-0.34001652914916836,-0.0002120308371423426,0.0001151361167043305,-0.00010337619088920797,3.6634861510264266e-05,-9.84039765574174e-06,-0.0002444928260184084,2.3301641716562788e-05,1.209470084376041,2.5804195231576842e-08,1.3849605422309131e-06,0.0006619186449263501,1.210133413785705
0.21214285714285713,-2.966663175654986,-0.4200062183437306,2.966663175654986,0.4200062183437306,0.26999950808001044,-0.3400179250837623,-0.00022314382260792029,0.0001253554437901573,-0.00010814492817710244,4.081766863675159e-05,-1.0687115405409492e-05,-0.00025932674334741546,2.444998820699914e-05,1.2094373476577387,2.9032419953681174e-08,1.4984322816491381e-06,0.0006945386632644121,1.2101334137857047
0.21857142857142856,-2.9595934411040945,-0.420006744740063,2.9595934411040945,0.420006744740063,0.26999945636000544,-0.3400194050899735,-0.00023467181783277862,0.00013580311170750022,-0.00011310127798461945,4.5060300395318306e-05,-1.1593251706721205e-05,-0.0002748313399824477,2.5651834892577482e-05,1.2094030812929517,3.261014622584141e-08,1.6216115089796399e-06,0.0007286782710982962,1.210133413785705
0.225,-2.952523809026041,-0.4200073039131073,2.952523809026041,0.4200073039131073,0.2699994002856825,-0.34002097296416106,-0.0002466566792155768,0.0001464358074974857,-0.00011827333751063416,4.933192102347806e-05,-1.2562390127130412e-05,-0.0002910348567594004,2.6909495312085935e-05,1.2093672183547883,3.657151615590518e-08,1.7557468230809189e-06,0.0007644031125773279,1.210133413785705
0.23142857142857143,-2.9454542841902205,-0.4200078974672257,2.9454542841902205,0.4200078974672257,0.26999933955558075,-0.3400226326624076,-0.00025913999761412046,0.00015721165499799365,-0.00012368881634890202,5.360250311066953e-05,-1.359830506630638e-05,-0.00030796661172328684,2.8225373589309162e-05,1.2093296892411136,4.095378865243177e-08,1.9021971198155532e-06,0.0008017813936829179,1.210133413785705
0.23785714285714285,-2.93838487157374,-0.42000852708092856,2.93838487157374,0.42000852708092856,0.2699992738502227,-0.3400243883066177,-0.00027216229478967233,0.00016809117388387002,-0.0001293744574868249,5.784347043935073e-05,-1.4704970700002272e-05,-0.00032565703588941826,2.960196796176383e-05,1.2092904215801532,4.5797608123240235e-08,2.0624253017100213e-06,0.0008408839826418833,1.210133413785705
0.24428571428571427,-2.9313155763696823,-0.4200091945100525,2.9313155763696823,0.4200091945100525,0.26999920283116124,-0.3400262441908174,-0.00028576226225318277,0.00017903819506523362,-0.00013535548785567852,6.202831048482544e-05,-1.5886570296295238e-05,-0.0003441377102279204,3.104187448635889e-05,1.2092493401327362,5.114729512080059e-08,2.237990080590323e-06,0.000881784515593339,1.2101334137857052
0.2507142857142857,-2.9242464039956646,-0.4200099015910621,2.9242464039956646,0.4200099015910621,0.26999912613998234,-0.3400282047876623,-0.0002999760618771571,0.00019002071253141638,-0.00014165511191513563,6.613314284120727e-05,-1.714750592017173e-05,-0.00036344140393384746,3.254779092119905e-05,1.2092063666909973,5.705116064866809e-08,2.430536057613833e-06,0.0009245595074893425,1.2101334137857052
0.2571428571428571,-2.9171773601026993,-0.420010650244482,2.9171773601026993,0.420010650244482,0.2699990433972614,-0.3400302747551608,-0.0003148367059775032,0.0002010116533990765,-0.00014829406060103478,7.013723100010199e-05,-1.8492408542888533e-05,-0.00038360211404070025,3.4122520780189144e-05,1.209161419973392,6.35618459721828e-08,2.641782337314415e-06,0.0009692884681300349,1.2101334137857054
0.26357142857142857,-2.9101084505843695,-0.4200114424784622,2.9101084505843695,0.4200114424784622,0.2699989542014715,-0.3400324589436188,-0.00033037353297558306,0.00021198954954111232,-0.000155290206853482,7.402342603026469e-05,-1.9926148572939076e-05,-0.00040465510643073295,3.576897755415877e-05,1.2091144155158597,7.073668991486139e-08,2.8735100130551786e-06,0.0010160540231425983,1.2101334137857052
0.27,-2.903039681586336,-0.4200122803924843,2.903039681586336,0.4200122803924843,0.2699988581278417,-0.3400347624028147,-0.0003466117922758104,0.00022293909666259838,-0.0001626582572233165,7.777853243223637e-05,-2.1453846825672284e-05,-0.0004266369582880017,3.7490189089514285e-05,1.209065265559019,7.863812576870172e-08,3.1275489317932195e-06,0.0010649420396286254,1.2101334137857054
0.2764285714285714,-2.895971059516178,-0.42001316618121226,2.895971059516178,0.42001316618121226,0.2699987547271629,-0.3400371903894117,-0.00036357234957435356,0.0002338515891339363,-0.0001704095273717361,8.139358813536225e-05,-2.3080885948685825e-05,-0.0004495856020322227,3.928930211251496e-05,1.2090138789312628,8.73341101030582e-08,3.405764219035413e-06,0.0011160417561133465,1.2101334137857054
0.28285714285714286,-2.888902591053588,-0.4200141021384951,2.888902591053588,0.4200141021384951,0.26999864352453956,-0.3400397483746151,-0.00038127152100237495,0.00024472522172420676,-0.00017855180732419856,8.486405256729109e-05,-2.4812922320032806e-05,-0.00047354037076179306,4.116958688453442e-05,1.2089601609276655,9.689858592265976e-08,3.7100431095645297e-06,0.0011694459163441415,1.2101334137857047
0.28928571428571426,-2.8818342831609325,-0.420015090661526,2.8818342831609325,0.420015090661526,0.2699985240180851,-0.3400424420520834,-0.0003997210412993863,0.00025556525260637416,-0.0001870893201125189,8.81898989625065e-05,-2.6655898435989594e-05,-0.0004985420452232674,4.313444197123473e-05,1.2089040131846314,1.0741198280101581e-07,4.0422826819652e-06,0.0012252509064088564,1.210133413785705
0.2957142857142857,-2.8747661430941864,-0.4200161342551648,2.8747661430941864,0.4200161342551648,0.26999839567755796,-0.3400452773461017,-0.000418928168406624,0.00026638402483764815,-0.00019602277548896337,9.137560903758402e-05,-2.8616055804686198e-05,-0.0005246329023128085,4.518739910607135e-05,1.2088453335502367,1.189617568013822e-07,4.404379146387656e-06,0.001283556894564928,1.210133413785705
0.30214285714285716,-2.8676981784142606,-0.4200172355364301,2.8676981784142606,0.4200172355364301,0.26999825794293686,-0.3400482604200249,-0.00043889592317840765,0.0002772008472272503,-0.0002053495178359961,9.443007072922145e-05,-3.069994836123061e-05,-0.0005518567651021271,4.733212812694219e-05,1.208784015950255,1.3164297319339752e-07,4.798219358036647e-06,0.0013444679731187095,1.210133413785705
0.30857142857142855,-2.8606303969987312,-0.4200183972391661,2.8606303969987312,0.4200183972391661,0.2699981102229325,-0.3400513976850008,-0.000459623460242732,0.0002880417381989194,-0.00021506376554150964,9.736638155690883e-05,-3.291445641913516e-05,-0.000580259054368068,4.9572441962921676e-05,1.2087199502498795,1.455589351800893e-07,5.225675255917546e-06,0.0014080923016342667,1.2101334137857047
0.315,-2.8535628070539834,-0.4200196222188926,2.8535628070539834,0.4200196222188926,0.26999795189343256,-0.3400546958089802,-0.0004811065625006793,0.0002989390398133293,-0.0002251569366546539,0.00010020156263493736,-3.5266801171825846e-05,-0.0006098868415913042,5.191230164733011e-05,1.2086530221111969,1.6082186206701916e-07,5.688601918513639e-06,0.0014745422507274142,1.210133413785705
0.3214285714285714,-2.8464954171277888,-0.42002091345784226,2.8464954171277888,0.42002091345784226,0.2699977822958784,-0.3400581617260232,-0.0005033382490800542,0.00030993091181477205,-0.00023561805378070273,0.00010295619022620563,-3.7764559756854786e-05,-0.0006407889033758849,5.4355821332768186e-05,1.2085831128464894,1.7755362053327267e-07,6.188839915719965e-06,0.0015439345456793754,1.2101334137857052
0.32785714285714285,-2.8394282361223184,-0.42002227407019316,2.8394282361223184,0.42002227407019316,0.2699976007355699,-0.3400618026459104,-0.0005263094838077436,0.00032106071833689433,-0.0002464342192659739,0.00010565395364705663,-4.041568089409894e-05,-0.0006730157772279985,5.690727328396037e-05,1.208510099267484,1.9588651290286628e-07,6.728222599124519e-06,0.0016163904091089476,1.210133413785705
0.3342857142857143,-2.8323612733076136,-0.42002370730750255,2.8323612733076136,0.42002370730750255,0.26999740647989623,-0.3400656260640662,-0.0005500099687223982,0.00033237632246389944,-0.0002575911499618122,0.00010832115010366694,-4.322850110783765e-05,-0.0007066198186200622,5.957109282521407e-05,1.2084338535306938,2.1596412656541913e-07,7.308588914529777e-06,0.0016920357019700183,1.210133413785705
0.3407142857142857,-2.8252945383355215,-0.4200252165643476,2.8252945383355215,0.4200252165643476,0.26999719875648925,-0.3400696397718028,-0.0005744290053696293,0.0003439293056465823,-0.0002690737596211728,0.0001109861282867679,-4.621176154104389e-05,-0.0007416552592542009,6.235188322059987e-05,1.2083542429790262,2.3794224895630292e-07,7.931802250682534e-06,0.0017710010621796708,1.2101334137857054
0.34714285714285714,-2.8182280412541036,-0.42002680538418036,2.8182280412541036,0.42002680538418036,0.2699969767512973,-0.3400738518668924,-0.0005995564046072356,0.0003557741310006245,-0.00028086677558879393,0.00011367869395187462,-4.937462536875414e-05,-0.0007781782664300581,6.525442046752496e-05,1.2082711299798548,2.619898527803468e-07,8.599775737356231e-06,0.0018534220402602992,1.2101334137857052
0.3535714285714286,-2.8111617925225394,-0.42002847746540223,2.8111617925225394,0.42002847746540223,0.26999673960657583,-0.34007827076447367,-0.0006253834248067923,0.0003679672703816336,-0.00029295537586011784,0.00011642949130975615,-5.2726695815754166e-05,-0.000816247003412736,6.828365798693779e-05,1.2081843717597902,2.8829015644839206e-07,9.314504301020284e-06,0.0019394392314575429,1.2101334137857052
0.36,-2.804095803026517,-0.42003023666766476,2.804095803026517,0.42003023666766476,0.2699964864187919,-0.3400829052083013,-0.0006519037172884577,0.0003805663161937669,-0.0003053258318613133,0.0001192693747826312,-5.627803478239335e-05,-0.0008559216906914366,7.144473119729145e-05,1.2080938202363718,3.1704176499481333e-07,1.0078103652362498e-05,0.002029198403915805,1.2101334137857052
0.36642857142857144,-2.7970300840941404,-0.4200320870184018,2.7970300840941404,0.4200320870184018,0.2699962162364405,-0.3400877642823421,-0.0006791142577476806,0.0003936290989904234,-0.00031796614224789476,0.00012222878574776717,-6.00391820809073e-05,-0.0008972646680153142,7.474296196339785e-05,1.2079993218469498,3.484598970557033e-07,1.0892856241199823e-05,0.0021228506226171656,1.2101334137857054
0.37285714285714283,-2.789964647512347,-0.42003403271959966,2.789964647512347,0.42003403271959966,0.26999592805776784,-0.3400928574227254,-0.0007070162425889019,0.00040721283178754927,-0.0003308666431298147,0.000125337148789704,-6.402117528336434e-05,-0.0009403404570919789,7.818386291612855e-05,1.207900717375003,3.827777038131619e-07,1.1761264058367596e-05,0.0022205523689395597,1.2101334137857047
0.3792857142857143,-2.7828995055438486,-0.4200360781548101,2.7828995055438486,0.4200360781548101,0.2699956208284006,-0.34009819443005135,-0.0007356159298045962,0.0004213733013061361,-0.00034402058063489797,0.00012862230148884211,-6.823557018133872e-05,-0.0009852158248365105,8.177314164410941e-05,1.207797841774163,4.2024768615243707e-07,1.2686108003651378e-05,0.002322465655852177,1.2101334137857052
0.38571428571428573,-2.7758346709446053,-0.42003822789641265,2.7758346709446053,0.42003822789641265,0.26999529343887624,-0.3401037854820627,-0.0007649254052458263,0.00043616412517889325,-0.00035742463255795107,0.00013210997095128242,-7.269446185652157e-05,-0.0010319598470626592,8.551670476406122e-05,1.2076905239901796,4.611432166348311e-07,1.3670513370192029e-05,0.0024287581389387043,1.2101334137857052
0.3921428571428571,-2.7687701569818373,-0.4200404867131301,2.7687701569818373,0.4200404867131301,0.2699949447220725,-0.3401096411466829,-0.0007949632567498441,0.00045163609255376646,-0.00037107936697040346,0.00013582330916761423,-7.741050636102865e-05,-0.0010806439725168954,8.942066188221761e-05,1.2075785867810789,5.057601732644475e-07,1.4718020831948739e-05,0.0025396032236208,1.2101334137857052
0.3985714285714286,-2.7617059774525767,-0.4200428595778041,2.7617059774525767,0.4200428595778041,0.2699945734505322,-0.3401157723954239,-0.0008257551406339011,0.0004678366035165202,-0.00038498962707731783,0.00013978249789150556,-8.2396943005861e-05,-0.0011313420871654665,9.349132946505759e-05,1.2074618465357208,5.54418692418762e-07,1.5832662154406294e-05,0.002655180169137748,1.2101334137857054
0.40499999999999997,-2.7546421467027744,-0.42004535167543444,2.7546421467027744,0.42004535167543444,0.2699941783336806,-0.34012219061716725,-0.0008573342274699059,0.00048480922036978384,-0.0003991648332799204,0.00014400443206948255,-8.766761725618203e-05,-0.0011841305786590964,9.773523464331784e-05,1.2073401130909387,6.074650487269832e-07,1.701903969796522e-05,0.002775674190020005,1.2101334137857054
0.4114285714285714,-2.747578679646955,-0.4200479684114884,2.747578679646955,0.4200479684114884,0.26999375801493214,-0.34012890763231973,-0.0008897415167698616,0.0005025933411257444,-0.0004136191952800626,0.00014850248899129638,-9.323700423254646e-05,-0.0012390884009156702,0.00010215911897869763,1.2072131895474243,6.652736701151248e-07,1.828240864222575e-05,0.0029012765559682636,1.2101334137857047
0.41785714285714287,-2.7405155917884385,-0.4200507154204839,2.7405155917884385,0.4200507154204839,0.26999331106868313,-0.3401359357073454,-0.0009230260131227237,0.0005212240026903352,-0.00042837182907927635,0.00015328638832941315,-9.912023281810807e-05,-0.0012962971387797857,0.00010676994222774988,1.2070808720844588,7.282492966960492e-07,1.962876073697222e-05,0.0030321846912128732,1.2101334137857054
0.42428571428571427,-2.733452899240118,-0.420053598574853,2.733452899240118,0.420053598574853,0.2699928359971875,-0.3401432875696758,-0.0009572447595332124,0.0005407318180407075,-0.00044344677594866286,0.00015836214602899573,-0.00010533311037312561,-0.0013558410727385708,0.00011157488614172368,1.2069429497735529,7.968292926684657e-07,2.106490829246591e-05,0.0031686022745670175,1.210133413785705
0.4307142857142857,-2.726390618745815,-0.4200566239940894,2.726390618745815,0.4200566239940894,0.2699923312273127,-0.34015097642299946,-0.0009924627268171925,0.0005611430486382766,-0.00045887292258990777,0.00016373212288533465,-0.0001118921480597513,-0.0014178072436951384,0.0001165813583449,1.2067992043910267,8.714861209027942e-07,2.2598567046729334e-05,0.0033107393415109806,1.2101334137857054
0.4371428571428571,-2.719328767702199,-0.4200597980541857,2.719328767702199,0.4200597980541857,0.26999179510717175,-0.34015901596293047,-0.0010287525613253995,0.0005824798099352352,-0.0004746838240767525,0.00016939516629305062,-0.00011881458678201033,-0.0014822855178234708,0.00012179699633632404,1.2066494102294711,9.527299904362284e-07,2.423843651934452e-05,0.003458812389724743,1.2101334137857056
0.44357142857142856,-2.712267364181296,-0.4200631273973671,2.712267364181296,0.4200631273973671,0.26999122590262936,-0.340167420393059,-0.001066194196323643,0.0006047604048314847,-0.0004909174332726053,0.0001753468415681304,-0.00012611842374830553,-0.0015493686515523951,0.00012722967166154615,1.2064933339080162,1.0411116876778892e-06,2.599427645488756e-05,0.003613044489546357,1.2101334137857052
0.45,-2.7052064269535747,-0.4200666189421246,2.7052064269535747,0.4200666189421246,0.2699906217936778,-0.34017620444138197,-0.0011048743355692387,0.0006279997767645812,-0.0005076157426445874,0.00018157974703702644,-0.00013382243966618144,-0.0016191523567482217,0.00013288749430096186,1.2063307341812575,1.1372256027374728e-06,2.7876978005172306e-05,0.0037736654008395103,1.2101334137857052
0.4564285714285714,-2.6981459755116246,-0.42007027989355605,2.6981459755116246,0.42007027989355605,0.26998998087068027,-0.34018538337711746,-0.001144885820466448,0.0006522100713284661,-0.0005248243463534593,0.00018808390515124966,-0.00014194622658191873,-0.0016917353661879907,0.0001387788173201871,1.2061613617466378,1.2417129629427757e-06,2.98986283798559e-05,0.003940911697724394,1.210133413785705
0.46285714285714286,-2.6910860300944353,-0.4200741177540202,2.6910860300944353,0.4200741177540202,0.2699893011304781,-0.3401949730279016,-0.001186326894840464,0.0006774012927096958,-0.000542591932332303,0.00019484722007375192,-0.00015051021638034482,-0.0017672194994352202,0.0001449122418251504,1.20598495905005,1.3552652863029642e-06,3.207256782259963e-05,0.004115026902546292,1.210133413785705
0.46928571428571425,-2.684026611712277,-0.42007814033411056,2.684026611712277,0.42007814033411056,0.2699885804723582,-0.3402049897973714,-0.001229300383692593,0.0007035820389551065,-0.0005609697156696343,0.00020185599060118376,-0.00015953570996295736,-0.0018457097292463765,0.0001512966222602579,1.2058012600893722,1.4786280684062756e-06,3.4413437937812226e-05,0.004296261630326909,1.2101334137857054
0.4757142857142857,-2.676967742172201,-0.4200823557639564,2.676967742172201,0.4200823557639564,0.2699878166938777,-0.34021545068313463,-0.001273912804276996,0.0007307602981705851,-0.0005800108259682207,0.00020909546595555926,-0.00016904490712542952,-0.0019273142486526682,0.00015794107208206524,1.2056099902156128,1.612604717021315e-06,3.6937220611590616e-05,0.004484873744763397,1.210133413785705
0.48214285714285715,-2.66990944410416,-0.4200867725048587,2.66990944410416,0.4200867725048587,0.2699870074865427,-0.3402263732951292,-0.0013202734292942738,0.0007589442863326828,-0.0005997696623561133,0.000216550430989925,-0.00017906093715769851,-0.0020121445388685336,0.00016485496983358565,1.2054108659313278,1.7580607494879799e-06,3.966126701231839e-05,0.004681128526615667,1.2101334137857054
0.48857142857142855,-2.6628517409877706,-0.42009139936126844,2.6628517409877706,0.42009139936126844,0.26998615043133645,-0.340237775874376,-0.0013684933231934602,0.0007881433062687614,-0.0006203012306362087,0.00022420580656920658,-0.00018960789019245437,-0.0021003154381876252,0.00017204796563523913,1.2052035946859359,1.9159282688581238e-06,4.260431646031234e-05,0.004885298855039897,1.210133413785705
0.495,-2.6557946571797184,-0.4200962454931174,2.6557946571797184,0.4200962454931174,0.2699852429940948,-0.34024967731212824,-0.0014186843730401304,0.000818368606927768,-0.0006416604773804963,0.000232047250581444,-0.00020071084932915352,-0.002191945212024138,0.0001795299880984227,1.2049878746675933,2.0872107356546033e-06,4.578650526171699e-05,0.005097665402114034,1.2101334137857047
0.5014285714285714,-2.648738217941831,-0.4201013204285094,2.648738217941831,0.4201013204285094,0.2699842825207243,-0.34026209716942335,-0.0014709583355946255,0.0008496342219345769,-0.0006639016358888828,0.00024006174494197062,-0.00021239592356209024,-0.002287155624254141,0.00018731125165610967,1.204763394591257,2.2729880530803447e-06,4.92293659558348e-05,0.005318516840438665,1.2101334137857047
0.5078571428571429,-2.641682449469828,-0.42010663407678217,2.641682449469828,0.42010663407678217,0.26998326623225893,-0.3402750556970414,-0.001525425921874107,0.0008819577668312005,-0.0006870775986666668,0.00024823815423402097,-0.00022469028154145323,-0.002386072010000362,0.00019540226429238166,1.204529833482627,2.474421984513735e-06,5.295581778961654e-05,0.005548150063303412,1.2101334137857045
0.5142857142857142,-2.634627378922762,-0.4201121967419513,2.634627378922762,0.4201121967419513,0.26998219121975203,-0.34028857385587746,-0.0015821959394078612,0.0009153611755009116,-0.0007112393303310541,0.0002565677423833729,-0.00023762218619579424,-0.0024888233499850095,0.00020381383564022136,1.204286860457685,2.6927619231701184e-06,5.69901495849258e-05,0.005786870416511713,1.210133413785705
0.5207142857142857,-2.627573034453175,-0.42011801913654534,2.627573034453175,0.42011801913654534,0.2699810544389997,-0.34030267333773506,-0.00164137451140939,0.0009498713573057664,-0.0007364353341581467,0.00026504463448016386,-0.0002512210302434902,-0.002595542346555272,0.0002125570854024314,1.204034134497603,2.929351034904595e-06,6.135799656851768e-05,0.006034991940498474,1.210133413785705
0.5271428571428571,-2.620519445237982,-0.42012411239584463,2.620519445237982,0.42012411239584463,0.2699798527050899,-0.34031737658654765,-0.0017030643897591033,0.0009855207587931166,-0.0007627111838710287,0.00027366621247002567,-0.0002655173726180593,-0.0027063655014523662,0.0002216434520385603,1.2037713042188793,3.1856327962449585e-06,6.608631303630256e-05,0.0062928376209929185,1.2101334137857047
0.5335714285714286,-2.6134666415101004,-0.4201304880925358,2.6134666415101004,0.4201304880925358,0.2699785826867744,-0.3403327068200375,-0.0017673643771250007,0.0010223478154387216,-0.0007901091311661062,0.00028243343455435936,-0.0002805429758296012,-0.0028214331953649733,0.00023108470164580328,1.2034980076386343,3.4631579509129167e-06,7.120334311696414e-05,0.0065607396460027395,1.210133413785705
0.54,-2.606414654590851,-0.42013715825179243,2.606414654590851,0.42013715825179243,0.2699772409006585,-0.34034868805182067,-0.0018343688704665364,0.0010603972819532694,-0.0008186677973459996,0.0002913510702592766,-0.0002963308442799392,-0.0029408897692640764,0.00024089293695097843,1.2032138719351086,3.76359190926675e-06,7.673859214146552e-05,0.006839039666545544,1.2101334137857052
0.5464285714285714,-2.599363516923137,-0.42014413536679596,2.599363516923137,0.42014413536679596,0.2699758237052037,-0.3403653451139669,-0.001904167535672539,0.00109972043218572,-0.0008484219556900395,0.0003004278448717804,-0.0003129152635440628,-0.003064883607473914,0.0002510806063184589,1.2029185132035218,4.088722616311031e-06,8.272280140768129e-05,0.007128089058159159,1.2101334137857047
0.5528571428571428,-2.5923132621054346,-0.4201514324147072,2.5923132621054346,0.4201514324147072,0.26997432729453863,-0.34038270368002466,-0.0019768451200116288,0.001140375122710848,-0.000879402409065707,0.000309676489060689,-0.0003303318406241576,-0.003193567222385396,0.00026166051266910474,1.2026115362075667,4.4404689151412115e-06,8.91879293211636e-05,0.007428249179901975,1.2101334137857052
0.5592857142857143,-2.5852639249266,-0.42015906287310234,2.5852639249266,0.42015906287310234,0.2699727476920735,-0.34040079028852077,-0.0020524814055774628,0.0011824257176451314,-0.0009116359648688395,0.00031911369189882853,-0.0003486175451752368,-0.003327097340666891,0.00027264582219844026,1.2022925341269557,4.820889433918418e-06,9.616714198648426e-05,0.007739891627329133,1.2101334137857054
0.5657142857142857,-2.5782155414015167,-0.4201670407368842,2.5782155414015167,0.4201670407368842,0.2699710807439133,-0.3404196323669429,-0.0021311513042216786,0.0012259428749146384,-0.0009451455075110828,0.00032875995736540714,-0.0003678107516935453,-0.0034656349907768694,0.00028405007277450836,1.2019610883015674,5.2321920257102615e-06,0.00010369481643980122,0.008063398475672034,1.2101334137857047
0.5721428571428572,-2.5711681488075957,-0.4201753805356811,2.5711681488075957,0.4201753805356811,0.26996932211206354,-0.34043925825621546,-0.002212925090352356,0.0012710031982250353,-0.0009799501658437286,0.00033863936720318605,-0.0003879512826499555,-0.0036093455915289833,0.00029588718189576765,1.2016167679728904,5.676743791751693e-06,0.00011180655958839985,0.008399162509435006,1.2101334137857056
0.5785714285714285,-2.5641217857221466,-0.42018409735174406,2.5641217857221466,0.42018409735174406,0.26996746726742554,-0.34045969723567515,-0.0022978687656718495,0.0013176887612736383,-0.001016065571302939,0.00034877925460005205,-0.0004090804525414741,-0.0037583990414107914,0.00030817145408572414,1.2012591300235842,6.157081719904243e-06,0.00012053924590631833,0.008747587434495057,1.2101334137857054
0.585,-2.5570764920606197,-0.4201932068383535,2.5570764920606197,0.4201932068383535,0.26996551148257375,-0.34048097954855466,-0.002386044546082262,0.0013660865144804705,-0.0010535041999231826,0.00035920979576212545,-0.00043124111282420344,-0.003912969808307866,0.0003209175876066393,1.2008877187161409,6.675923971279048e-06,0.00012993107663505373,0.009109088068958193,1.2101334137857052
0.5914285714285714,-2.5500323091157453,-0.4202027252387443,2.5500323091157453,0.4202027252387443,0.2699634498243121,-0.34050313642797964,-0.0024775114586007637,0.0014162875868470794,-0.0010922757897168834,0.0003699635280714348,-0.00045447769768134884,-0.004073237019241205,0.00033414068037872354,1.2005020654317238,7.236181849161842e-06,0.0001400216629888533,0.009484090509144033,1.2101334137857056
0.5978571428571429,-2.5429892795975566,-0.42021266940555935,2.5429892795975566,0.42021266940555935,0.2699612771460029,-0.34052620012348356,-0.0025723260334634683,0.0014683864981247104,-0.0011323878230899654,0.00038107480531472356,-0.00047883627057010176,-0.0042393845496865425,0.0003478562350006147,1.2001016884104012,7.840972485513199e-06,0.00015085213546077835,0.009873032267358146,1.2101334137857056
0.6042857142857143,-2.5359474476743165,-0.42022305682083777,2.5359474476743165,0.42022305682083777,0.26995898807966406,-0.3405502039280426,-0.002670543074117968,0.0015224802988428822,-0.001173846062268876,0.0003925792021230084,-0.000504364571481926,-0.004411601112012535,0.00036208016278025686,1.1996860924940849,8.493632281416761e-06,0.00016246528081344613,0.010276362378525783,1.2101334137857056
0.6107142857142857,-2.5289068590143304,-0.4202339056165466,2.5289068590143304,0.4202339056165466,0.26995657702783005,-0.34057518220563215,-0.0027722164865035936,0.0015786676569864723,-0.0012166551248185022,0.00040451288063180515,-0.0005311120648417928,-0.004590080342549003,0.00037682878669810375,1.1992547688735586,9.197731138907692e-06,0.00017490570784788973,0.01069454147316009,1.2101334137857056
0.6171428571428571,-2.5218675608286567,-0.4202452345956592,2.5218675608286567,0.4202452345956592,0.26995403815517116,-0.34060117041930216,-0.0028774001468943673,0.0016370479120828576,-0.0012608190848971393,0.0004169119337510665,-0.0005591299879642484,-0.004775020886783458,0.00039211884324600433,1.1988071948410495,9.95708752263283e-06,0.00018822004231943123,0.01112804181481397,1.2101334137857056
0.6235714285714286,-2.5148296019146947,-0.4202570632537865,2.5148296019146947,0.4202570632537865,0.26995136537986764,-0.34062820515976777,-0.002986148787441773,0.0016977201175497286,-0.0013063420857979558,0.0004298117195100265,-0.0005884713999770147,-0.004966626482175872,0.0004079674831018736,1.1983428335498325,1.077578439076756e-05,0.00020245715078808028,0.01157734730069437,1.2101334137857056
0.63,-2.507793032700642,-0.42026941180136235,2.507793032700642,0.42026941180136235,0.2699485523647336,-0.34065632417450953,-0.0030985188774615324,0.0017607820930972398,-0.001353228948607864,0.00044324620160773095,-0.0006191912311176789,-0.0051651060380895055,0.00042439227062607277,1.1978611337823597,1.1658186035553466e-05,0.00021766839237158327,0.01204295342493878,1.2101334137857058
0.6364285714285715,-2.500757905290807,-0.42028230118638593,2.500757905290807,0.42028230118638593,0.26994559250808825,-0.34068556639737235,-0.0032145694789872227,0.0018263295084283138,-0.0014014857621547742,0.0004572473109327563,-0.0006513463323048999,-0.005370673712350256,0.0004414111821876242,1.1973615297283984,1.2608955874719792e-05,0.00023390789666932787,0.012525367204763209,1.2101334137857056
0.6428571428571428,-2.493724273511751,-0.42029575311771994,2.493724273511751,0.42029575311771994,0.26994247893436957,-0.3407159719786532,-0.0033343630555679807,0.001894455018925284,-0.0014511204397503717,0.0004718443424432966,-0.0006849955248834447,-0.005583548983974568,0.00045904260335411163,1.1968434407746082,1.3633075235921327e-05,0.00025123286534525346,0.013025107070516207,1.2101334137857056
0.6492857142857142,-2.486692192959245,-0.4203097900889442,2.486692192959245,0.4203097900889442,0.269939204484488,-0.3407475823156619,-0.0034579662142253872,0.0019652474729674645,-0.0015021432289101413,0.0004870634010869797,-0.0007201996504423113,-0.005803956721645684,0.000477305325005553,1.196306271306918,1.4735863177178447e-05,0.0002697038940859837,0.013542702721524818,1.210133413785706
0.6557142857142857,-2.479661721046008,-0.4203244354027627,2.479661721046008,0.4203244354027627,0.26993576170591776,-0.3407804400837381,-0.003585450362331802,0.002038791208634908,-0.001554567161512799,0.0005029269091430059,-0.000757021620606724,-0.006032127247565226,0.0004962185384559324,1.1957494105269582,1.5922997387140086e-05,0.0002893853109829245,0.014078694950377625,1.2101334137857058
0.6621428571428571,-2.4726329170501966,-0.4203397131959595,2.4726329170501966,0.4203397131959595,0.269932142842523,-0.3408145892677051,-0.00371689226269094,0.0021151654559122134,-0.0016084084329494003,0.0005194531862398734,-0.0007955264667090005,-0.006268296396368241,0.0005158018296930369,1.19517223228368,1.720053620983311e-05,0.00031034552665034563,0.014633635439165873,1.210133413785706
0.6685714285714286,-2.465605842164624,-0.4203556484648998,2.465605842164624,0.4203556484648998,0.2699283398241172,-0.3408500751937382,-0.003852374472938824,0.002194443857672121,-0.001663686700764731,0.0005366561113485255,-0.0008357813892489902,-0.006512705568855969,0.0005360751728667279,1.194574094921131,1.8574941839418446e-05,0.0003326573908891617,0.015208086531846188,1.2101334137857056
0.6749999999999999,-2.4585805595466583,-0.4203722670915712,2.4585805595466583,0.4203722670915712,0.2699243442557544,-0.34088694456162355,-0.003991985657645746,0.0022766941203609123,-0.0017204252948910992,0.0005545448744221364,-0.0008778558070629566,-0.006765601780376758,0.0005570589231783337,1.193954341143199,2.0053104731358124e-05,0.00035639855014445133,0.015802620987631074,1.2101334137857058
0.6814285714285714,-2.4515571343687825,-0.4203895958701585,2.4515571343687825,0.4203895958701585,0.2699201474067516,-0.34092524547738084,-0.004135820764725194,0.002361977802086481,-0.0017786513338010597,0.0005731238231275,-0.0009218214061296129,-0.007027237703766241,0.0005787738093387452,1.1933122978959272,2.1642369277335395e-05,0.000381651799684938,0.016417821720816496,1.210133413785706
0.6878571428571428,-2.4445356338697652,-0.4204076625341463,2.4445356338697652,0.4204076625341463,0.26991574019944115,-0.340965027486223,-0.004283981060825381,0.0024503502427210087,-0.0018383957430368062,0.0005923924079753945,-0.0009677521879536153,-0.007297871706843068,0.0006012409257759459,1.1926472762678209,2.3350560792268906e-05,0.00040850542418795877,0.017054281532904808,1.210133413785706
0.6942857142857143,-2.4375161274064174,-0.4204264957839433,2.4375161274064174,0.4204264957839433,0.26991111319765426,-0.341006341605823,-0.004436574023578424,0.00254186063741522,-0.0018996931747968769,0.0006123452269294558,-0.0010157245174796637,-0.0075777678845415225,0.0006244817247812942,1.1919585714083454,2.5186013862827897e-05,0.0004370535203109813,0.017712602843187042,1.2101334137857063
0.7007142857142857,-2.43049868650589,-0.4204461253150213,2.43049868650589,0.4204461253150213,0.2699062565949343,-0.3410492403598587,-0.004593713092178875,0.002636552251387036,-0.0019625818297292364,0.0006329721681239325,-0.0010658171705049875,-0.00786719608585173,0.0006485180087847672,1.191245462464603,2.715760210805642e-05,0.00046739629498522176,0.018393397424009996,1.2101334137857063
0.7071428571428572,-2.423483384918487,-0.4204665818465633,2.423483384918487,0.4204665818465633,0.2699011602024823,-0.34109377781180433,-0.004755517280692331,0.0027344627708914765,-0.0020271031841261255,0.000654258647266896,-0.0011181113805718598,-0.00816643193581481,0.0006733719229491801,1.1905072125359921,2.9274769403944186e-05,0.0004996403333298535,0.019097286146980127,1.2101334137857058
0.7135714285714285,-2.41647029867095,-0.4204878971506156,2.41647029867095,0.4204878971506156,0.26989581343683455,-0.34114000959893975,-0.0049221106621735785,0.002835624781720101,-0.0020933016282231303,0.0006761859338351839,-0.0011726908853381284,-0.008475756852905013,0.0006990659482610182,1.1897430686464325,3.154756262523937e-05,0.0005338988306550967,0.01982489874599317,1.210133413785706
0.72,-2.4094595061201964,-0.4205101040817382,2.4094595061201964,0.4205101040817382,0.2698902053072736,-0.3411879929665458,-0.005093621734295211,0.0029400663639585064,-0.0021612240231312914,0.0006987315583425988,-0.0012296419724373948,-0.008795458062192837,0.000725622895283386,1.1889522617335893,3.398666595925943e-05,0.0005702917835366016,0.020576873602620747,1.210133413785706
0.7264285714285714,-2.402451088007472,-0.42053323660715125,2.402451088007472,0.42053323660715125,0.26988432440297483,-0.3412377868022573,-0.005270182680254536,0.0030478117887767484,-0.002230919186021744,0.0007218697909065784,-0.0012890535248554068,-0.009125828604745399,0.0007530658987130322,1.1881340066543753,3.660343684813121e-05,0.0006089461358220966,0.021353857558660247,1.210133413785706
0.7328571428571429,-2.3954451275128976,-0.4205573298373734,2.3954451275128976,0.4205573298373734,0.2698781588798893,-0.3412894516705464,-0.005451928541163714,0.0031588823006682993,-0.00230243731485327,0.0007455721796916378,-0.0013510170658621408,-0.009467167343766897,0.0007814184128561566,1.1872875022058837,3.9409943617663765e-05,0.0006499958763989664,0.022156505759805444,1.2101334137857058
0.7392857142857143,-2.3884417103103934,-0.42058242005735247,2.3884417103103934,0.42058242005735247,0.2698716964473654,-0.3413430498473081,-0.005638996318012512,0.0032732969667342493,-0.002375829365226674,0.0007698081365340033,-0.0014156268035490829,-0.009819778968005812,0.0008107042081063005,1.1864119311608472,4.2419004852863366e-05,0.000693582086596622,0.02298548153340953,1.2101334137857063
0.7457142857142857,-2.3814409246229538,-0.42060854475808784,2.3814409246229538,0.42060854475808784,0.2698649243545105,-0.3413986453545254,-0.005831524023488796,0.00339107357256715,-0.002451146393424985,0.0007945455556218488,-0.001482979675032145,-0.010183973992982334,0.0008409473684646259,1.1855064603166505,4.564423058218934e-05,0.0007398529365254887,0.02384145630194786,1.210133413785706
0.7521428571428571,-2.3744428612782653,-0.42063574266874576,2.3744428612782653,0.42063574266874576,0.26985782937629393,-0.3414563039949898,-0.006029649704395452,0.0035122295438491944,-0.0025284388800214655,0.0008197514507861333,-0.0015531753903833473,-0.010560068760566931,0.0008721722901069592,1.1845702405569782,4.9100065334485964e-05,0.0007889636307501263,0.024725109532643227,1.210133413785706
0.7585714285714286,-2.3674476137646585,-0.4206640537892723,2.3674476137646585,0.4206640537892723,0.26985039779939435,-0.34151609338705946,-0.0062335104570221045,0.003636782871349487,-0.0026077560494989784,0.0008453925959493843,-0.0016263164763606586,-0.010948385437438115,0.0009044036809470017,1.1836024069251865,5.280183313479723e-05,0.0008410763054309445,0.025637128721954085,1.2101334137857063
0.765,-2.360455278287381,-0.42069351942350686,2.360455278287381,0.42069351942350686,0.26984261540779064,-0.34157808299943593,-0.006443241457241915,0.003764753017600479,-0.0026891452009263675,0.0008714361536779798,-0.0017025083200013452,-0.011349252012887749,0.000937666561103966,1.1826020787086444,5.6765784507130254e-05,0.0008963598802568751,0.02657820941229769,1.210133413785706
0.7714285714285715,-2.353465953825198,-0.42072418221280383,2.353465953825198,0.42072418221280383,0.26983446746809964,-0.34164234418594586,-0.0066589750272903585,0.0038961617834797034,-0.002772651064825966,0.0008978502767302941,-0.0017818592121407923,-0.011763002296389446,0.0009719862641277751,1.181568359533434,6.1009145554320344e-05,0.0009549898701211561,0.027549055236596558,1.210133413785706
0.7778571428571428,-2.3464797421873063,-0.42075608617016813,2.3464797421873063,0.42075608617016813,0.2698259387146601,-0.34170895022031555,-0.006880839760309586,0.00403103411385842,-0.002858315200746413,0.0009246046681275057,-0.0018644803909096173,-0.012189975915263827,0.0010073884387852869,1.1805003374690026,6.55501691870134e-05,0.0010171481628983264,0.028550377984617754,1.2101334137857058
0.7842857142857143,-2.339496748070579,-0.42078927671491356,2.339496748070579,0.42078927671491356,0.2698170133343643,-0.3417779763309288,-0.007108959721976749,0.00416939882326216,-0.0029461754488302005,0.0009516710864989912,-0.0019504860852469297,-0.012630518312667977,0.0010438990511676361,1.179397085142654,7.040818857534339e-05,0.0010830227708256606,0.029582897683651084,1.2101334137857063
0.7907142857142857,-2.332517079117129,-0.42082380070785247,2.332517079117129,0.42082380070785247,0.2698076749512376,-0.34184949973556195,-0.007343453747673232,0.004311289223468609,-0.003036265448027959,0.0009790237841203638,-0.0020399935584526885,-0.013084980746036453,0.0010815443868225786,1.1782576598640326,7.560367289852871e-05,0.0011528075645460365,0.030647342684228515,1.2101334137857056
0.7971428571428572,-2.325540845972203,-0.42085970648702536,2.325540845972203,0.42085970648702536,0.2697979066107652,-0.3419235996760895,-0.007584434850085134,0.0044567436384375545,-0.00312861423117576,0.0010066398674639738,-0.00213312315177656,-0.013553720285952744,0.001120351052590958,1.1770811037601507,8.115828546837562e-05,0.001226701999339786,0.03174444974074703,1.210133413785706
0.8035714285714286,-2.3185681623424057,-0.42089704390397986,2.3185681623424057,0.42089704390397986,0.26978769076396697,-0.34200035745315893,-0.007832009751034869,0.004605805793186893,-0.0032232459063468435,0.0010344995709160559,-0.0022299983280192927,-0.014037099815312391,0.0011603459777735888,1.1758664439218272,8.709494430371086e-05,0.0013049108444655733,0.03287496407510962,1.210133413785706
0.8099999999999999,-2.311599145054249,-0.42093586436060665,2.311599145054249,0.42093586436060665,0.26977700925121884,-0.3420798564608321,-0.00808627854709911,0.004758525067334341,-0.0033201794309929405,0.0010625864371643463,-0.0023307457150901533,-0.01453548802847505,0.0012015564142437891,1.1746126925628635,9.343788523264556e-05,0.0013876439265194502,0.03403963941109025,1.2101334137857058
0.8164285714285714,-2.3046339141130314,-0.4209762208465401,2.3046339141130314,0.4209762208465401,0.26976584328582065,-0.34216218222119105,-0.008347334516187582,0.00491495660642766,-0.003419428483724275,0.001090887399424241,-0.002435495149434575,-0.015049259429962535,0.001244009935092853,1.1733188471936575,0.00010021272759936484,0.0014751158982748624,0.03523923796617412,1.2101334137857058
0.8228571428571428,-2.29767259276204,-0.42101816797712904,2.29767259276204,0.42101816797712904,0.2697541734373089,-0.3422474224189085,-0.008615264068775885,0.005075161287585897,-0.0035210014361839936,0.0011193927630341568,-0.0025443797192116926,-0.015578794332107708,0.0012877344313882693,1.1719838908113862,0.00010744654265108631,0.0015675460443410334,0.036474530387327196,1.2101334137857056
0.8292857142857143,-2.290715307542046,-0.4210617620319814,2.290715307542046,0.4210617620319814,0.26974197961451435,-0.34233566693578016,-0.008890146843447555,0.005239205539870839,-0.0036249014247113727,0.0011480960866645548,-0.002657535807065927,-0.01612447885091016,0.0013327581066354046,1.1706067921092977,0.00011516792467896102,0.00166515813428495,0.03774629561744443,1.2101334137857058
0.8357142857142857,-2.2837621883511035,-0.4211070609940838,2.2837621883511035,0.4211070609940838,0.2697292410483627,-0.3424270078852165,-0.00917205594410669,0.005407161022093597,-0.0037311265198872175,0.0011769939649758346,-0.00277510313230297,-0.01668670489922622,0.001379109468529843,1.1691865057080282,0.00012340706498444002,0.0017681803336341965,0.039055320679059126,1.210133413785706
0.8421428571428571,-2.276813368504592,-0.42115412458949364,2.276813368504592,0.42115412458949364,0.2697159362744181,-0.3425215396466877,-0.009461058311106732,0.005579104165596878,-0.003839669988591239,0.0012060857179396008,-0.0028972247922436365,-0.01726587017628736,0.001426817317638022,1.1677219724122265,0.0001321958287389203,0.001876845181268465,0.04040240036347204,1.210133413785706
0.8485714285714285,-2.2698689847954907,-0.4212030143275992,2.2698689847954907,0.4212030143275992,0.26970204311516893,-0.3426193589001149,-0.00975721521710893,0.005755115591005991,-0.00395052064218446,0.0012353729930532236,-0.0030240473024987498,-0.017862378152447324,0.0014759107326537475,1.166212119496058,0.00014156783480072507,0.00199138964111276,0.04178833681373498,1.2101334137857065
0.855,-2.262929177554828,-0.42125379354193715,2.262929177554828,0.42125379354193715,0.2696875386620563,-0.3427205646601958,-0.01006058287381666,0.005935279412307452,-0.004063663261281944,0.0012648592897380418,-0.003155720635875603,-0.018476638047964414,0.0015264190519510828,1.164655861021422,0.0001515585385480376,0.002112055233497746,0.0432139389922381,1.210133413785706
0.8614285714285714,-2.255994090712249,-0.4213065274315543,2.255994090712249,0.4213065274315543,0.2696723992572449,-0.34282525831064803,-0.010371213133916618,0.006119682443352395,-0.004179079086331398,0.001294549416436008,-0.0032923982596022145,-0.019109064804574225,0.001578371851199692,1.1630520981929044,0.0001622053177807404,0.002239088249929088,0.044680022025092,1.2101334137857063
0.8678571428571429,-2.2490638718566416,-0.4213612831028955,2.2490638718566416,0.4213612831028955,0.2696566004751388,-0.3429335436383508,-0.010689154269932779,0.006308413324323493,-0.0042967463614397156,0.001324448892641161,-0.0034342371705331056,-0.019760079048573215,0.0016317989168810332,1.1613997197535726,0.00017354756173726017,0.0023727400525860023,0.04618740641781002,1.2101334137857058
0.8742857142857142,-2.2421386722967314,-0.421418129612194,2.2421386722967314,0.421418129612194,0.26964011710364383,-0.34304552686735684,-0.011014451809163614,0.0065015615880200835,-0.0044166409171909286,0.0013545633097417958,-0.0035813979279855877,-0.020430107044136746,0.0016867302156318618,1.1596976024257715,0.00018562676326489043,0.0025132674570384223,0.04773691713963145,1.210133413785706
0.8807142857142857,-2.235218647121568,-0.4214771380083367,2.235218647121568,0.4214771380083367,0.2696229231251806,-0.34316131669274347,-0.011347149403478718,0.0066992166861716725,-0.004538736777923647,0.0013848976648149604,-0.0037340446838466075,-0.02111958063562598,0.0017431958594068312,1.157944611400992,0.00019848661417398603,0.0026609331946025345,0.04932938257593788,1.2101334137857063
0.8871428571428571,-2.228303955260797,-0.42153838137617117,2.228303955260797,0.42153838137617117,0.26960499169745195,-0.34328102431426283,-0.011687289710117068,0.006901466998313535,-0.0046630067772040675,0.0014154556831699392,-0.0038923452095894324,-0.021828937177706197,0.0018012260665709612,1.1561396008827303,0.00021217310379718262,0.0028160064471030232,0.05096563335207621,1.2101334137857067
0.8935714285714286,-2.221394759544603,-0.421601934880217,2.221394759544603,0.421601934880217,0.2695862951339724,-0.34340476346974613,-0.012034915260887185,0.007108398844560947,-0.004789423166070482,0.0014462391446183978,-0.004056470919846646,-0.022558619452197597,0.0018608511190946562,1.1542814146860072,0.0002267346207657335,0.0029787634450062234,0.05264650103392739,1.2101334137857067
0.9,-2.2144912267632098,-0.42166787580873916,2.2144912267632098,0.42166787580873916,0.26956680488436596,-0.3435326504682087,-0.01239006929572518,0.0073200955248029775,-0.004917958197706157,0.0014772472293104947,-0.00422659689220142,-0.02330907557071255,0.001922101316144888,1.1523688868968636,0.00024222205800488502,0.0031494881163256637,0.05437281671451212,1.2101334137857063
0.9064285714285714,-2.20759352772581,-0.42173628361813675,2.20759352772581,0.42173628361813675,0.2695464915144429,-0.3436648042225956,-0.01275279653809425,0.00753663640533576,-0.005048584673242642,0.0015084758979487737,-0.004402901882883907,-0.02408075886229686,0.0019850069244412238,1.150400842594712,0.00025868892094038865,0.003328472771650698,0.056145409498403506,1.2101334137857067
0.9128571428571428,-2.200701837318778,-0.42180723997759784,2.200701837318778,0.42180723997759784,0.2695253246860655,-0.34380134628210296,-0.013123143890629935,0.007758096072977345,-0.005181276434053646,0.0015399173205335945,-0.004585568338092695,-0.02487412774548373,0.0020495981258360717,1.148376098639912,0.00027619143889808586,0.0035160188081825327,0.05796510489871326,1.2101334137857058
0.9192857142857143,-2.193816334563036,-0.42188082881396516,2.193816334563036,0.42188082881396516,0.26950327313681705,-0.3439424008639991,-0.013501161030689357,0.007984543575395487,-0.0053160087867923905,0.0015715593669044367,-0.004774782400702949,-0.025689645584385228,0.002115904962667103,1.1462934645283445,0.000294788679668376,0.0037124374133325534,0.059832723164361175,1.2101334137857067
0.9257142857142857,-2.1869372026704195,-0.4219571363567594,2.1869372026704195,0.4219571363567594,0.2694803046594879,-0.34408809488486924,-0.013886900888576458,0.008216041763430717,-0.005452758849536351,0.001603385170290333,-0.0049707339121731284,-0.026527780528684305,0.002183957281479064,1.1441517433140904,0.00031454266719808266,0.003918050247406181,0.06174907755701168,1.2101334137857065
0.9321428571428572,-2.1800646290988976,-0.4220362511832996,2.1800646290988976,0.4220362511832996,0.2694563860813956,-0.34423855799119635,-0.014280419992445106,0.00845264674987338,-0.005591505808301839,0.0016353727741853221,-0.005173616409517721,-0.027389005337636795,0.0022537846757983483,1.141949732600653,0.0003355185023624921,0.0041331900827461495,0.06371497259994499,1.2101334137857067
0.9385714285714285,-2.1731988056064973,-0.422118264263864,2.1731988056064973,0.422118264263864,0.26943148324355803,-0.3443939225891907,-0.014681778668366419,0.008694407494992142,-0.0057322310762072835,0.0016674948699506328,-0.005383627117278341,-0.02827379718846059,0.0023254164286529,1.13968622560039,0.00035778448676260607,0.004358201377034828,0.06573120232151919,1.2101334137857065
0.945,-2.166339928303787,-0.4222032690068312,2.166339928303787,0.4222032690068312,0.26940556097973944,-0.3445543238737743,-0.015091041086025579,0.008941365527132353,-0.005874918348959675,0.001699718631178555,-0.005600966934491226,-0.029182637469743814,0.002398881455584206,1.137360012261107,0.0003814122494843957,0.00459344075737957,0.06779854851773542,1.2101334137857063
0.9514285714285714,-2.1594881977047793,-0.42229136130374456,2.1594881977047793,0.42229136130374456,0.26937858309539103,-0.34471989985662344,-0.015508275144853487,0.009193554802680167,-0.006019553553266426,0.0017320056480293656,-0.005825840416721792,-0.03011601156076832,0.002474208248886283,1.13496988045801,0.0004064768767507436,0.0048392773928170475,0.06991777905812845,1.2101334137857063
0.9578571428571429,-2.1526438187761108,-0.4223826395742427,2.1526438187761108,0.4223826395742427,0.26935051234651,-0.3448907913931741,-0.015933552198884218,0.009451001706434441,-0.006166124687144796,0.0017643119624685057,-0.006058455753309594,-0.03107440859789161,0.0025514248237975164,1.1325146172484921,0.00043305704439134437,0.005096093233818187,0.07208964625900356,1.2101334137857052
0.9642857142857143,-2.145807000984375,-0.42247720481080236,2.145807000984375,0.42247720481080236,0.26932131041844104,-0.3450671422084895,-0.016366946621965753,0.009713725190317476,-0.006314621553372504,0.0017965882031447016,-0.006299024740037717,-0.032058321229350976,0.002630558667347836,1.1299930101865845,0.0004612351530512772,0.005364283098702409,0.07431488534736799,1.2101334137857063
0.9707142857142858,-2.1389779583414907,-0.42257516062324396,2.1389779583414907,0.42257516062324396,0.269290937904646,-0.34524909892189637,-0.016808535219663398,0.009981737044105583,-0.006465035390472734,0.0018287798156380185,-0.006547762747515761,-0.033068245360076055,0.0027116366904836524,1.127403848693247,0.0004910974660572467,0.005644254590021624,0.07659421303638042,1.210133413785706
0.9771428571428571,-2.1321569094479997,-0.42267661328295275,2.1321569094479997,0.42267661328295275,0.26925935428546793,-0.345436811070292,-0.017258396496407046,0.010255042289792255,-0.0066173584071515185,0.0018608273823483915,-0.006804888685624696,-0.034104679888237385,0.0027946851840546733,1.1247459254782317,0.0005227342498574618,0.0059364278256576405,0.07892832623195971,1.2101334137857067
0.9835714285714285,-2.1253440775341925,-0.42278167176677495,2.1253440775341925,0.42278167176677495,0.26922651790691626,-0.345630431130034,-0.017716609791484875,0.01053363968673975,-0.006771583229450966,0.0018926670231139498,-0.007070624964441159,-0.0351681264354274,0.0028797297791088336,1.1220180380087335,0.000556239916952936,0.006241234974262301,0.08131790088575781,1.2101334137857067
0.99,-2.1185396904989973,-0.42289044780055296,2.1185396904989973,0.42289044780055296,0.2691923859594995,-0.34583011453732526,-0.018183254299237415,0.010817522333200512,-0.006927702271078953,0.001924230866521738,-0.00734519745210264,-0.03625908907242805,0.002966795411865838,1.1192189900198302,0.0005917131712373859,0.0065591195873706196,0.08376359100726792,1.210133413785706
0.9964285714285714,-2.1117439809465544,-0.42300305590226983,2.1117439809465544,0.42300305590226983,0.2691569144571324,-0.3460360197070151,-0.01865840799250277,0.011106678346596635,-0.0070857070398138095,0.0019554475795737864,-0.007628835430122939,-0.03737807404258087,0.003055906293587402,1.1163475930614875,0.0006292571556661656,0.006890535725667815,0.08626602784288495,1.2101334137857065
1.002857142857143,-2.1049571862204344,-0.4231196134247796,2.1049571862204344,0.4231196134247796,0.2691200582161424,-0.3462483080497444,-0.019142146470602035,0.011401091603059937,-0.007245587394359576,0.0019862429419968365,-0.007921771546697433,-0.03852558948476567,0.00314708588542287,1.1134026680768738,0.000668979602177715,0.007235946881471106,0.08882581922518307,1.2101334137857056
1.0092857142857143,-2.098179548435463,-0.4232402405981058,2.098179548435463,0.4232402405981058,0.26908177083440127,-0.3464671439873696,-0.01963454175446505,0.011700742515698331,-0.007407330766883628,0.002016540450707824,-0.00822424176855108,-0.03970214515791231,0.0032403568781753924,1.1103830470068967,0.0007109929837934872,0.007595824703726613,0.09144354909128952,1.2101334137857063
1.0157142857142858,-2.0914113145071327,-0.4233650605712979,2.0914113145071327,0.4233650605712979,0.26904200467060463,-0.3466926949666128,-0.020135661054214177,0.012005608828857022,-0.0075709213682213315,0.0020462619383236325,-0.008536485331895733,-0.04090825216889504,0.0033357411767347945,1.1072875744160258,0.0007554146688287261,0.007970647538168221,0.09411977716268347,1.210133413785706
1.022142857142857,-2.084652736178598,-0.42349419945384026,2.084652736178598,0.42349419945384026,0.2690007108237206,-0.34692513147089055,-0.020645565533404305,0.0123156664067957,-0.007736339391974967,0.0020753281903793217,-0.008858744693038637,-0.04214442270543367,0.0034332598888228284,1.1041151091350239,0.0008023670771466702,0.008360898798140547,0.09685503877539543,1.2101334137857065
1.0285714285714285,-2.0779040700452556,-0.4236277863566141,2.0779040700452556,0.4236277863566141,0.2689578391126283,-0.347164627030289,-0.021164309096533964,0.012630889993348646,-0.007903560235259925,0.0021036595445200895,-0.009191265479173108,-0.043411169775470826,0.0035329333174709994,1.10086452591659,0.000851977838396209,0.008767065188604276,0.09964984484211663,1.210133413785707
1.035,-2.071165577576935,-0.4237659534324181,2.071165577576935,0.4237659534324181,0.26891333805596224,-0.3474113582296598,-0.021691937224147122,0.012951253921374972,-0.008072553752299457,0.002131176456473045,-0.009534296439827904,-0.04470900695417574,0.0036347809565612575,1.0975347171007293,0.0009043799521716642,0.009189634808128665,0.10250468192467682,1.2101334137857067
1.0414285714285714,-2.0644375251377083,-0.42390883591605694,2.0644375251377083,0.42390883591605694,0.2688671548521782,-0.34766550471482366,-0.02222848588004622,0.013276732750921278,-0.008243283557127884,0.002157800017608369,-0.009888089399403725,-0.04603844813945175,0.0037388214885856275,1.0941245942873747,0.0009597119500364144,0.009629095158776605,0.10542001238951892,1.2101334137857065
1.0478571428571428,-2.0577201840033723,-0.42405657216401066,2.0577201840033723,0.42405657216401066,0.26881923535985197,-0.34792724919687884,-0.02277398051340261,0.01360730181681875,-0.008415706390454343,0.0021834524101118366,-0.010252899211154003,-0.04740000731647855,0.0038450727836638206,1.0906330900146675,0.0010181180593507053,0.01008593109686052,0.10839627461482673,1.2101334137857056
1.0542857142857143,-2.051013830376612,-0.4242093036936973,2.051013830376612,0.4242093036936973,0.26876952407822036,-0.3481967774546183,-0.023328435175602808,0.013942937669293092,-0.008589771563730917,0.00220805728776425,-0.010628983712879991,-0.0487941983314351,0.0039535518987892405,1.0870591594423178,0.0010797483688384615,0.010560622758984724,0.11143388321556502,1.210133413785706
1.0607142857142857,-2.0443187453998988,-0.4243671752223462,2.0443187453998988,0.4243671752223462,0.26871796412796967,-0.3484742783350741,-0.023891851770871646,0.014283618392167314,-0.008765420492860507,0.0022315400709561643,-0.011016603684527742,-0.050221534674204815,0.004064275076134536,1.083401782040343,0.0011447589958252995,0.011053643501565387,0.11453322924797261,1.2101334137857063
1.0671428571428572,-2.0376352151661403,-0.42453033470549234,2.0376352151661403,0.42453033470549234,0.2686644972322766,-0.34875994375220715,-0.024464219454095756,0.014629323788384389,-0.008942586330226397,0.0022538281481982204,-0.011416022807759163,-0.051682529269420595,0.004177257739295321,1.079659963284636,0.0012133122550643204,0.011565457889552494,0.11769468035645336,1.2101334137857063
1.0735714285714286,-2.0309635307271106,-0.4246989333751061,2.0309635307271106,0.4246989333751061,0.2686090636980994,-0.34905396868377514,-0.025045514188721592,0.014980035423339599,-0.009121193703278064,0.002274850976853619,-0.011827507627478317,-0.053177694274877035,0.004292514486232148,1.075832736361657,0.0012855768290588505,0.012096519773219364,0.1209185808217711,1.2101334137857065
1.08,-2.024303988099671,-0.4248731257773632,2.024303988099671,0.4248731257773632,0.26855160239771936,-0.34935655116640824,-0.0256356984714133,0.015335736522106057,-0.009301158563788398,0.002294540079787983,-0.012251327515171042,-0.054707540885916145,0.004410059077781198,1.071919163885589,0.0013617279397679337,0.012647270487408772,0.1242052514729398,1.2101334137857054
1.0864285714285713,-2.017656888269787,-0.4250530698100574,2.017656888269787,0.4250530698100574,0.26849205075052607,-0.34966789228893114,-0.02623472122774142,0.015696411718946934,-0.009482388150243916,0.002312828936234704,-0.012687754633815806,-0.05627257914407519,0.0045299044206034735,1.0679183396321117,0.0014419475215615863,0.013218137206980726,0.1275549894250522,1.2101334137857063
1.0928571428571427,-2.0110225371943202,-0.4252389267596524,2.0110225371943202,0.4252389267596524,0.26843034470504035,-0.34998819618396804,-0.026842517878871357,0.01606204666140618,-0.009664781062955846,0.0023296527679366043,-0.013137063904014548,-0.05787331774796161,0.004652062543539506,1.063829390293686,0.0015264243952654787,0.01380953148837775,0.1309680676083759,1.2101334137857052
1.0992857142857142,-2.0044012458005613,-0.4254308613379563,2.0044012458005613,0.4254308613379563,0.26836641872116684,-0.3503176700178641,-0.02745901057422673,0.016432627475706188,-0.00984822744816618,0.0023449482247974917,-0.013599532970893412,-0.05951026386405052,0.004776544566499913,1.0596514772618868,0.0016153544431015694,0.014421848021389237,0.13444473405932883,1.2101334137857067
1.1057142857142856,-1.9977933299834594,-0.4256290417184003,1.9977933299834594,0.4256290417184003,0.2683002057526653,-0.3506565239789605,-0.028084108583143398,0.01680814010198095,-0.010032609286096651,0.0023586529755445593,-0.014075442171238083,-0.061183922934899604,0.00490336066109309,1.0553837984427048,0.001708940784300033,0.0150554636124846,0.1379852109462159,1.2101334137857052
1.112142857142857,-1.9911991106004554,-0.4258336395718834,1.9911991106004554,0.4258336395718834,0.2682316372298321,-0.3510049712642435,-0.028717708831915618,0.017188569513585508,-0.01021780077354997,0.002370705213039684,-0.014565074500250592,-0.06289479848211449,0.005032520002495594,1.0510255901110452,0.0018073939511120394,0.015710736410965015,0.14158969331258336,1.2101334137857056
1.1185714285714285,-1.9846189134638375,-0.42604483010214383,1.9846189134638375,0.42604483010214383,0.2681606430423801,-0.3513632280643928,-0.029359696572223423,0.017573898835097666,-0.010403668791379867,0.002381043084142144,-0.01506871557725914,-0.06464339190132765,0.005164030712147426,1.04657612881063,0.0019109320649162269,0.016388005386598188,0.14525834752356195,1.2101334137857063
1.125,-1.9780530693304799,-0.4262627920805968,1.9780530693304799,0.4262627920805968,0.26808715152250834,-0.35173151354723386,-0.030009946161118566,0.01796410837854044,-0.010590073443363856,0.0023896040576195736,-0.015586653609671942,-0.06643020224644204,0.005297899791199335,1.0420347333053743,0.0020197810120593375,0.017087590056325274,0.14899130941194674,1.2101334137857056
1.1314285714285715,-1.9715019138888281,-0.4264877078805731,1.9715019138888281,0.4264877078805731,0.2680110894281535,-0.35211004983959343,-0.03066832193164342,0.01835917461820347,-0.010776868652303104,0.0023963242442545897,-0.016119179354449294,-0.06825572600046309,0.005434133044814024,1.0374007665878782,0.002134174619025684,0.017809790452233198,0.15278868212656924,1.2101334137857063
1.137857142857143,-1.9649657877429567,-0.426719763510877,1.9649657877429567,0.426719763510877,0.26793238192641555,-0.35249906200754183,-0.03133467913059608,0.018759069126485783,-0.01096390279753476,0.00240113768483266,-0.01666658607637177,-0.07012045683038487,0.005572734997690157,1.0326736379500345,0.002254354826478289,0.018554887314799883,0.1566505336943924,1.2101334137857052
1.1442857142857144,-1.9584450363935064,-0.4269591486485714,1.9584450363935064,0.4269591486485714,0.26785095257715597,-0.3528987780349886,-0.0320088648974887,0.019163757495072455,-0.011151019376484812,0.002403975623151171,-0.017229169502414057,-0.07202488532382753,0.005713708801473218,1.0278528051199052,0.0023805718616607477,0.019323142486541815,0.16057689431759786,1.2101334137857054
1.1507142857142858,-1.951940010215296,-0.4272060566708889,1.951940010215296,0.4272060566708889,0.2677667233167666,-0.3533094288005871,-0.0326907192595447,0.019573198264874057,-0.011338057673455136,0.0024047657806170243,-0.01780722777158257,-0.07396949870539972,0.005857056134877947,1.022937776467956,0.00251308440860098,0.020114799476790124,0.16456775343235877,1.2101334137857058
1.157142857142857,-1.9454510644313725,-0.42746068468615306,1.9454510644313725,0.42746068468615306,0.2676796144421144,-0.35373124805287615,-0.033380076114654274,0.01998734189032945,-0.011524853417021478,0.002403431650702553,-0.018401061379657933,-0.0759547805311406,0.006002777097706777,1.0179281132844593,0.0026521597755014116,0.02093008415772807,0.16862305656801746,1.2101334137857065
1.1635714285714285,-1.9389785590832675,-0.42772323356359065,1.9389785590832675,0.42772323356359065,0.2675895445946694,-0.35416447238358195,-0.034076764177283614,0.020406129760803856,-0.011711239409480259,0.0023998918295277828,-0.019010973118376517,-0.07798121035978774,0.0061508701000265375,1.0128234321285026,0.002798074058658135,0.021769205550424133,0.17274270204812106,1.210133413785706
1.17,-1.9325228589972043,-0.42799390796190406,1.9325228589972043,0.42799390796190406,0.26749643074482865,-0.35460934119897247,-0.034780607860895874,0.020829493302666084,-0.011897046110956173,0.0023940593995978774,-0.019637268008711833,-0.08004926340009975,0.006301331748070301,1.0076234072474557,0.002951112302200596,0.02263235665103237,0.17692653758501745,1.2101334137857063
1.1764285714285714,-1.9260843337460023,-0.42827291635647013,1.9260843337460023,0.42827291635647013,0.26740018817645667,-0.3550660966891463,-0.03549142807349013,0.021257353182723766,-0.012082102162848926,0.002385841381722341,-0.020280253228052023,-0.08215941013395121,0.006454156728512179,1.00232777306412,0.003111568652906262,0.02351971524609977,0.18117435682258046,1.2101334137857065
1.1828571428571428,-1.9196633576064217,-0.42856047106502704,1.9196633576064217,0.42856047106502704,0.2673007304716635,-0.35553498379511933,-0.03620904290469442,0.021689618631795915,-0.012266234836590522,0.0023751382688860876,-0.02094023803122501,-0.08431211591543869,0.006609337692891772,0.9969363267271196,0.0032797465093087255,0.02443144466318544,0.18548589588609188,1.2101334137857056
1.1892857142857143,-1.9132603095116978,-0.42885678827170937,1.9132603095116978,0.42885678827170937,0.2671979694958524,-0.3560162501735527,-0.03693326818494438,0.022126186905050214,-0.012449270395160188,0.0023618436544145705,-0.021617533665490272,-0.08650784054677287,0.006766865144069584,0.9914489307183457,0.0034559586642866178,0.025367694401104517,0.18986083000196935,1.210133413785706
1.1957142857142857,-1.9068755729990214,-0.429162088049294,1.9068755729990214,0.429162088049294,0.2670918153830705,-0.3565101461589565,-0.03766391790204503,0.02256694289141145,-0.012631034357981762,0.0023458439637246125,-0.022312453279786683,-0.08874703783224512,0.006926727326528744,0.9858655155096503,0.003640527440304775,0.026328600587714055,0.19429877024803646,1.2101334137857056
1.2021428571428572,-1.900509536151735,-0.4294765943795188,1.900509536151735,0.4294765943795188,0.2669821765217043,-0.35701692472318386,-0.03840080446193165,0.023011758882667824,-0.0128113516609494,0.00232701829787713,-0.023025311828703456,-0.0910301551120653,0.007088910122425052,0.9801860822593751,0.0038337848164574353,0.027314286211795342,0.19879926049807803,1.2101334137857058
1.2085714285714286,-1.8941625915360372,-0.42980053517134686,1.8941625915360372,0.42980053517134686,0.2668689595405642,-0.35753684143202774,-0.03914373878682767,0.023460494507286933,-0.012990046707529698,0.0023052383931245445,-0.023756425971812777,-0.09335763277832576,0.007253396955065794,0.9744107055378678,0.004036072546467999,0.02832486108412007,0.20336177461725016,1.210133413785706
1.215,-1.8878351361320034,-0.4301341422770514,1.8878351361320034,0.4301341422770514,0.2667520692954088,-0.3580701543987177,-0.03989253024618351,0.023912996831772882,-0.013166943308431994,0.002280368699177708,-0.0245061139691667,-0.09572990377575671,0.007420168701474592,0.9685395360698611,0.004247742266794846,0.029360421484776772,0.20798571396427307,1.2101334137857058
1.2214285714285713,-1.8815275712587654,-0.4304776515060083,1.8815275712587654,0.4304776515060083,0.26663140885596165,-0.35861712423411296,-0.04064698642141876,0.024369100627441458,-0.013341864511056898,0.0022522665753651016,-0.0252746955739129,-0.09814739309028378,0.007589203615435692,0.9625728034805194,0.004469155594010887,0.030421049463480426,0.21267040524769534,1.210133413785706
1.2278571428571428,-1.8752403024937152,-0.4308313026360965,1.8752403024937152,0.4308313026360965,0.26650687949347823,-0.35917801399338783,-0.04140691270958154,0.02482862879684374,-0.013514632322663114,0.0022207826012585682,-0.026062491923117163,-0.10061051722866676,0.00776047726218718,0.9565108190311388,0.004700684210644757,0.03150681176777048,0.21741509877615117,1.2101334137857052
1.2342857142857142,-1.8689737395856367,-0.43119533942261234,1.8689737395856367,0.43119533942261234,0.26637838066892,-0.359753089119002,-0.04217211177469004,0.025291392950810863,-0.013685067333635505,0.0021857609960182736,-0.026869825427984474,-0.10311968369265771,0.007933962465691863,0.9503539783299765,0.004942709938695105,0.03261775838246979,0.22221896713456435,1.2101334137857056
1.2407142857142857,-1.8627282963617,-0.4315700096046291,1.8627282963617,0.4315700096046291,0.26624581002179604,-0.36034261737976203,-0.04294238286112446,0.02575719412232758,-0.013852988250882929,0.0021470401372310857,-0.027697019664761933,-0.10567529045122849,0.008109629269000955,0.9441027640033607,0.005195624800076943,0.03375392067777156,0.22708110430449632,1.2101334137857054
1.247142857142857,-1.856504390628286,-0.4319555649087336,1.856504390628286,0.4319555649087336,0.2661090633597304,-0.3609468688057793,-0.04371752098507546,0.026225823601924072,-0.014018211352541637,0.0021044531689436837,-0.02854439926763959,-0.10827772541433744,0.008287444908014812,0.9377577483124242,0.005459831063283029,0.03491530917025156,0.23200052523974682,1.2101334137857056
1.2535714285714286,-1.8503024440656521,-0.43235226105010055,1.8503024440656521,0.43235226105010055,0.265968034648813,-0.3615661156191521,-0.04449731602588264,0.026697063874443983,-0.014180549878898458,0.002057828685016383,-0.029412289824997394,-0.11092736591163072,0.008467373798422193,0.9313195957010285,0.0057357412756093434,0.03610191091824736,0.23697616589082096,1.2101334137857063
1.26,-1.8441228821164743,-0.43276035773086907,1.8441228821164743,0.43276035773086907,0.26582261600478824,-0.3622006321602065,-0.04528155173988606,0.027170689636339434,-0.014339813375020383,0.002006991473399781,-0.03030101778030572,-0.11362457817917693,0.008649377535357468,0.9247890652612679,0.006023778280324215,0.03731368658047521,0.2420068836636382,1.2101334137857056
1.2664285714285715,-1.8379661338683417,-0.4331801186358067,1.8379661338683417,0.4331801186358067,0.26567269768513074,-0.3628506948091555,-0.04607000472305099,0.027646468869695875,-0.014495807002894849,0.0019517633047190913,-0.031210910338934448,-0.1163697168570162,0.008833414904856111,0.9181670131038322,0.006324375218220544,0.038550567181296284,0.24709145828235707,1.210133413785706
1.272857142857143,-1.8318326319303035,-0.4336118114252569,1.8318326319303035,0.4336118114252569,0.2655181680820547,-0.3635165819030543,-0.046862443350079046,0.028124163948063795,-0.014648330841817967,0.0018919637476655393,-0.03214229538202235,-0.11916312449985582,0.009019441905837042,0.9114543946217589,0.0066379755130373565,0.039812450636706166,0.25222859301420286,1.2101334137857052
1.2792857142857144,-1.8257228123035953,-0.43405570772537566,1.8257228123035953,0.43405570772537566,0.2653589137164932,-0.36419857364795055,-0.047658626717888265,0.028603532749137583,-0.014797179195873597,0.0018274109935993354,-0.03309550138840862,-0.12200513110267373,0.009207411781061837,0.9046522666376515,0.006965032840270269,0.04109919810320498,0.257416916204579,1.2101334137857058
1.2857142857142856,-1.8196371142466996,-0.4345120831156782,1.8196371142466996,0.4345120831156782,0.26519481923307875,-0.36489695202616124,-0.04845830362346833,0.029084329747745684,-0.014942139928637306,0.0017579226715157827,-0.03407085736547025,-0.12489605364243289,0.009397275055085101,0.8977617894259581,0.007306011078949261,0.04241063022491993,0.2626549830558783,1.2101334137857056
1.292142857142857,-1.8135759801348954,-0.4349812171139138,1.8135759801348954,0.4349812171139138,0.265025767396146,-0.36561200069862276,-0.049261211603030305,0.02956630706530424,-0.015082993843276079,0.0016833166364179021,-0.03506869278947236,-0.12783619563634668,0.009588979577140055,0.8907842286039128,0.007661384245960576,0.04374652335516706,0.26794127758066494,1.2101334137857054
1.2985714285714285,-1.8075398553144872,-0.4354633931583025,1.8075398553144872,0.4354633931583025,0.26485163908676995,-0.3663440049022984,-0.050067076061138506,0.03004921545065998,-0.01521951412722936,0.0016034117131303693,-0.03608933755582647,-0.13082584671648814,0.009782470566489034,0.8837209568864194,0.008031636412541638,0.04510660584105484,0.27327421464569013,1.210133413785706
1.305,-1.8015291879518787,-0.4359588985871582,1.8015291879518787,0.4359588985871582,0.26467231330084073,-0.367093251342645,-0.050875609514062094,0.030532805171096165,-0.015351465877808836,0.0015180283803226827,-0.03713312193936646,-0.13386528221971325,0.009977690657814769,0.8765734557022303,0.008417261602553884,0.046490554456611446,0.2786521420243097,1.2101334137857054
1.3114285714285714,-1.7955444288776805,-0.43646802461592576,1.7955444288776805,0.43646802461592576,0.26448766714816785,-0.3678600280811703,-0.05168651097057535,0.03101682679333536,-0.015478605724307799,0.0014269893801905666,-0.038200376564482726,-0.13695476279113478,0.010174579944050292,0.8693433166705672,0.008818763672145517,0.047897991074471805,0.2840733423685213,1.2101334137857058
1.3178571428571428,-1.789586031426016,-0.4369910663116547,1.789586031426016,0.4369910663116547,0.26429757585259483,-0.3686446244181369,-0.05249946546999089,0.03150103183741832,-0.01560068155995055,0.001330120241391321,-0.039291432384660624,-0.1400945339986251,0.010373076014071536,0.8620322429391064,0.009236656170387852,0.04932847966390779,0.2895360350123026,1.2101334137857045
1.3242857142857143,-1.7836544512691792,-0.43752832256491536,1.7836544512691792,0.43752832256491536,0.26410191275309813,-0.36944733077048353,-0.05331414379248448,0.031985173290422365,-0.015717432393950397,0.0012272497057499237,-0.04040662067067018,-0.14328482595509223,0.010573113982848192,0.8546420503858995,0.009671462180411435,0.05078152369612697,0.29503837752326784,1.2101334137857058
1.3307142857142857,-1.7777501462477856,-0.43808009605916237,1.7777501462477856,0.43808009605916237,0.2639005493058297,-0.3702684385450642,-0.05413020235476297,0.03246900596884,-0.01582858833254229,0.0011182100505530887,-0.041546273006370836,-0.14652585294463447,0.010774626511648414,0.8471746686891164,0.010123714140532099,0.05225656403674864,0.3005784669193077,1.210133413785705
1.3371428571428572,-1.7718735761965112,-0.4386466932375195,1.7718735761965112,0.4386466932375195,0.2636933550870614,-0.371108240007304,-0.05494728329658095,0.032952286724788754,-0.01593387069306365,0.00100283730285594,-0.042710721290810466,-0.14981781304806843,0.010977543816384477,0.8396321422696696,0.01059395364473784,0.053752977388328134,0.3061543404829697,1.2101334137857054
1.3435714285714286,-1.7660252027655103,-0.43922842426695496,1.7660252027655103,0.43922842426695496,0.2634801977969749,-0.37196702814539956,-0.05576501476222103,0.03343477449253672,-0.01603299225411917,0.0008809713431685384,-0.0439002977450481,-0.1531608877628548,0.011181793662242468,0.8320166311124993,0.011082731221848765,0.055270075343410996,0.3117639761079467,1.2101334137857058
1.3499999999999999,-1.760205489237542,-0.4398256029997834,1.760205489237542,0.4398256029997834,0.263260943264241,-0.3728450965301801,-0.05658301137333405,0.03391623017826735,-0.016125657639984938,0.0007524559005937036,-0.04511533492189879,-0.15655524161205653,0.0113873013433628,0.8243304114727591,0.011590606092509255,0.0568071040877859,0.3174052921326513,1.2101334137857056
1.3564285714285713,-1.7544149003408163,-0.4404385469324118,1.7544149003408163,0.4404385469324118,0.2630354554513253,-0.37374273917075845,-0.05740087488642392,0.034396416398663004,-0.016211563835333117,0.0006171384434545766,-0.04635616571661217,-0.16000102173672154,0.011593989646650794,0.8165758764731486,0.012118145903059695,0.05836324478335131,0.3230761466261462,1.2101334137857058
1.3628571428571428,-1.748653902057525,-0.4410675771612206,1.748653902057525,0.4410675771612206,0.2628035964604557,-0.3746602503660908,-0.0582181950231956,0.034875097078103885,-0.016290400823116818,0.0004748699725712357,-0.04762312337634253,-0.16349835746595556,0.011801778799324062,0.8087555365983045,0.012665926435182728,0.059937614642994325,0.32877433610922313,1.2101334137857047
1.3692857142857142,-1.742922961427976,-0.4417130183354402,1.742922961427976,0.4417130183354402,0.2625652265401909,-0.37559792455255286,-0.05903455045659638,0.03535203691872171,-0.01636185233504795,0.00032550472764691717,-0.04891654150618357,-0.16704735985901603,0.012010586400422104,0.8008720200913206,0.013234531290052132,0.061529268690266876,0.33449759371406584,1.2101334137857056
1.3757142857142857,-1.7372225463502293,-0.44237519860686414,1.7372225463502293,0.44237519860686414,0.26232020409252527,-0.37655605614763427,-0.05984950993332093,0.03582700075925677,-0.016425596702702036,0.0001688998185629464,-0.05023675406947066,-0.17064812121387946,0.012220327336886713,0.7929280732564391,0.013824551545568255,0.0631372021849381,0.34024358679875977,1.2101334137857052
1.3821428571428571,-1.7315531253750716,-0.4430544495762004,1.7315531253750716,0.4430544495762004,0.2620683856804812,-0.37753493938981525,-0.06066263350716582,0.03629975284385384,-0.0164813077933589,4.914797236380937e-06,-0.05158409538009992,-0.1743007145371563,0.012430913685629989,0.7849265606702285,0.014436585385068104,0.06476035367040345,0.3460099140600058,1.2101334137857058
1.3885714285714286,-1.7259151674961584,-0.44375110623585023,1.7259151674961584,0.44375110623585023,0.2618096260361364,-0.37853486817468696,-0.0614734738576547,0.036770056021885995,-0.016528656014584864,-0.00016658881420821939,-0.05295890008464189,-0.17800519297059939,0.012642254603293598,0.7768704653019386,0.015071237695763236,0.06639760859089133,0.3517941021971119,1.210133413785705
1.395,-1.7203091419351078,-0.44446550690886916,1.7203091419351078,0.44446550690886916,0.2615437780690548,-0.37955613588732784,-0.06228157766345683,0.03723767090382415,-0.016567309368608018,-0.000345748020256015,-0.05436150313218865,-0.18176158917015434,0.0128542562061566,0.7687628885413865,0.015729119634973976,0.06804780340363809,0.35759360220570663,1.2101334137857052
1.4014285714285715,-1.7147355179213162,-0.44519799318384806,1.7147355179213162,0.44519799318384806,0.2612706928750959,-0.3805990352309285,-0.06308648700008505,0.037702354998138204,-0.01659693453747086,-0.0005326988550029854,-0.055792239730036886,-0.18556991463418296,0.013066821442994765,0.7606070501304887,0.0164108481620987,0.06970973010172934,0.363405785391389,1.2101334137857056
1.407857142857143,-1.7091947644662502,-0.44594890984543434,1.7091947644662502,0.44594890984543434,0.260990219745595,-0.38166385805161873,-0.06388774073015067,0.038163861855124735,-0.016617197979234596,-0.0007275768717688058,-0.05725144528354345,-0.18943015897833396,0.013279849964155493,0.7524062879920522,0.017117045534123066,0.07138214105034602,0.3692279392091842,1.2101334137857056
1.4142857142857144,-1.7036873501319583,-0.4467186048001937,1.7036873501319583,0.4467186048001937,0.26070220617692547,-0.38275089515940974,-0.06468487585383259,0.03862194024396981,-0.016627767015220216,-0.0009305175993657845,-0.058739455318797415,-0.19334228915551854,0.013493237990523276,0.7441640579467471,0.017848338762367348,0.07306375402791021,0.3750572630486815,1.210133413785706
1.4207142857142856,-1.6982137427935609,-0.4475074289975112,1.6982137427935609,0.4475074289975112,0.26040649788046966,-0.38386043614513726,-0.06547742878947832,0.039076333387451465,-0.016628310889624926,-0.0011416569463215875,-0.06025660538703369,-0.19730624862034038,0.013706878186186402,0.7358839333068343,0.018605359028103632,0.07475325736122942,0.3808908640895384,1.2101334137857058
1.427142857142857,-1.6927744093954673,-0.4483157363452141,1.6927744093954673,0.4483157363452141,0.26010293879305,-0.3849927691932398,-0.06626493655392739,0.039526778278859254,-0.016618501782877028,-0.0013611315342273783,-0.06180323095013368,-0.20132195643851086,0.013920659538971935,0.7275696043324467,0.019388741054623956,0.07644931503440329,0.386725753364232,1.210133413785706
1.4335714285714285,-1.6873698157011172,-0.4491438836196104,1.6873698157011172,0.4491438836196104,0.25979137108788775,-0.3861481808901876,-0.06704693781669856,0.03997300510196628,-0.016598015762805333,-0.0015890789439720581,-0.06337966724687423,-0.20538930634266991,0.014134467252884364,0.7192248775342572,0.020199122433351663,0.07815057165729804,0.39255884216079884,1.2101334137857056
1.44,-1.682000426036046,-0.4499922303696331,1.682000426036046,0.4499922303696331,0.2594716351861817,-0.38732695602833195,-0.06782297380354127,0.04041473677372584,-0.016566533658779352,-0.0018256378595249755,-0.06498624914004304,-0.20950816573721373,0.014348182656611584,0.7108536748040443,0.021037142901624662,0.07985565717718952,0.3983869389028469,1.2101334137857054
1.4464285714285714,-1.676666703024135,-0.4508611388147951,1.676666703024135,0.4508611388147951,0.25914356976942066,-0.3885293774049259,-0.06859258902975025,0.040851688625369836,-0.01652374184698364,-0.002070948096788899,-0.06662331094490412,-0.21367837465564116,0.014561683132005643,0.7024600323531263,0.021903443569876623,0.08156319122693294,0.40420674663577,1.2101334137857058
1.4528571428571428,-1.6713691073169492,-0.4517509737366772,1.6713691073169492,0.4517509737366772,0.25880701179255894,-0.38975572561604205,-0.06935533184766939,0.04128356823431823,-0.016469332937567364,-0.0023251505074652476,-0.06829118623989941,-0.21789974467489004,0.014774842066213762,0.6940480994372922,0.022798666096083397,0.08327178701179928,0.4100148612405305,1.2101334137857054
1.4592857142857143,-1.6661080973161133,-0.45266210236368765,1.6661080973161133,0.45266210236368765,0.2584617964982107,-0.39100627884509476,-0.07011075479727039,0.04171007541571244,-0.016403006357302637,-0.002588386750599959,-0.06999020766086188,-0.22217205779200982,0.014987528830800997,0.6856221368459409,0.023723451805537487,0.08498005464890371,0.41580777048532336,1.2101334137857054
1.4657142857142857,-1.6608841288887548,-0.45359489424886557,1.6608841288887548,0.45359489424886557,0.2581077574320275,-0.39228131264567506,-0.07085841475469506,0.04213090237758439,-0.01632446882497886,-0.0028607989279736444,-0.07172070668032682,-0.2264950652691795,0.01519960879065378,0.6771865151329259,0.024678440754265726,0.08668660389144177,0.421581854007072,1.2101334137857054
1.4721428571428572,-1.6556976550761011,-0.45454972114052306,1.6556976550761011,0.45454972114052306,0.25774472645944546,-0.3935810997183954,-0.07159787287775163,0.042545734040422,-0.01623343471956074,-0.0031425290821404162,-0.0734830133738705,-0.23086848645376806,0.015410943345018331,0.668745712566622,0.025664270734700147,0.08839004618422207,0.42733338430016077,1.210133413785705
1.4785714285714286,-1.6505491257953957,-0.455526956845563,1.6505491257953957,0.455526956845563,0.25737253378399344,-0.39490590968146466,-0.0723286943541013,0.04295424851655392,-0.016129626345042555,-0.003433718559798855,-0.07527745617561016,-0.23529200758048746,0.015621390002266906,0.6603043127776409,0.0266815762225719,0.09008899602116371,0.43305852876432915,1.2101334137857056
1.4849999999999999,-1.6454389875353719,-0.4565269770853405,1.6454389875353719,0.4565269770853405,0.25699100796736635,-0.396256008834724,-0.07305044796203225,0.04335611774154197,-0.01601277409872083,-0.0037345072458722073,-0.077104361625223,-0.2397652805630623,0.015830802489408526,0.6518670020837581,0.027730987264390848,0.09178207159327127,0.43875335284428485,1.2101334137857052
1.4914285714285713,-1.6403676830456009,-0.45755015934398074,1.6403676830456009,0.45755015934398074,0.2565999759514684,-0.39763165991691135,-0.07376270545953562,0.04375100824523401,-0.015882616553010005,-0.0040450326770984915,-0.07896405410893546,-0.24428792178289924,0.01603903089656396,0.6434385664735255,0.028813128305318163,0.09346789474008509,0.4444138242667771,1.2101334137857058
1.4978571428571428,-1.635335651020111,-0.4585968827091036,1.635335651020111,0.4585968827091036,0.25619926308263263,-0.39903312185596157,-0.0744650408219554,0.04413858204663246,-0.01573890046369371,-0.004365429046729489,-0.08085685559698554,-0.24885951088221872,0.016245921855892784,0.6350238882323076,0.02992861695771999,0.09514509023947665,0.45003581835620043,1.2101334137857047
1.5042857142857142,-1.6303433257757365,-0.45966752770494856,1.6303433257757365,0.45966752770494856,0.25578869313821806,-0.40046064951220056,-0.0751570293524367,0.04451849765374991,-0.015581380719945618,-0.0046958261144369705,-0.08278308538002307,-0.25347958956888594,0.016451318753747415,0.6266279421972532,0.031078062711191515,0.09681228449157434,0.455615124385687,1.210133413785706
1.5107142857142857,-1.6253911369257443,-0.46076247611793586,1.6253911369257443,0.46076247611793586,0.2553680883557759,-0.401914493414356,-0.07583824669382729,0.04489041114626106,-0.01540982025384216,-0.005036348038085445,-0.08474305980678828,-0.2581476604397924,0.016655061974026726,0.6182557916308522,0.03226206558538726,0.09846810367591316,0.4611474528935527,1.2101334137857052
1.5171428571428571,-1.6204795090493243,-0.46188211081473407,1.6204795090493243,0.46188211081473407,0.25493726946496537,-0.40339489948837354,-0.07650826777256098,0.04525397731748784,-0.015223989928407696,-0.005387112145457905,-0.08673709202521238,-0.2628631858291193,0.01685698917013699,0.6099125837061884,0.033481214727513864,0.10011117147624957,0.4666284438757539,1.2101334137857058
1.5235714285714286,-1.6156088613576132,-0.4630268155529487,1.6156088613576132,0.4630268155529487,0.25449605572237816,-0.40490210877911376,-0.07716666570848761,0.045608850849705646,-0.015023668424819892,-0.005748227665900095,-0.08876549172879743,-0.2676255866871511,0.017056935562226986,0.6016035446006608,0.03473608695691832,0.10174010648816374,0.4720536757399629,1.2101334137857058
1.53,-1.6107796073569487,-0.46419697478457334,1.6107796073569487,0.46419697478457334,0.2540442649494134,-0.4064363571650841,-0.07781301072489225,0.04595468749677966,-0.014808642149683006,-0.0061197944423305485,-0.09082856490978168,-0.27243424149454826,0.01725473425594863,0.5933339741987602,0.03602724525972175,0.10335351943453086,0.4774186748926923,1.2101334137857052
1.5364285714285715,-1.6059921545100977,-0.46539297345237857,1.6059921545100977,0.46539297345237857,0.25358171357331594,-0.4079978750664585,-0.07844686909407057,0.046291145247454,-0.014578705183562439,-0.006501901644689682,-0.09292661362016966,-0.2772884852161376,0.01745021657850247,0.5851092404083219,0.037355237236991176,0.10495001032615776,0.48271892581423387,1.2101334137857047
1.542857142857143,-1.601246903896232,-0.46661519677943886,1.601246903896232,0.46661519677943886,0.253108216671466,-0.40958688714673286,-0.07906780215328797,0.046617885443265526,-0.014333659291439945,-0.006894626505700961,-0.09505993574122629,-0.28218760829738454,0.017643212427431488,0.5769347730984387,0.038720593510442596,0.10652816571069522,0.4879498814661283,1.2101334137857047
1.5492857142857142,-1.5965442498704352,-0.46786403005201316,1.5965442498704352,0.46786403005201316,0.2526235880189765,-0.4112036120084587,-0.07967536542417178,0.04693457382669575,-0.01407331401453481,-0.0072980330989459614,-0.09722882476150735,-0.287130855705795,0.017833550627497252,0.5688160576708293,0.040123826090122924,0.10808655615325526,0.49310697387149816,1.2101334137857056
1.5557142857142856,-1.5918845797235344,-0.4691398583960164,1.5918845797235344,0.4691398583960164,0.25212764013962174,-0.41284826188360807,-0.08026910786733424,0.04724088149633663,-0.013797486861641964,-0.0077121711784069995,-0.0994335695629307,-0.2921174260185824,0.018021059290831407,0.56075862827981,0.04156542670897038,0.10962373409301572,0.49818562470390965,1.2101334137857058
1.562142857142857,-1.5872682733430457,-0.47044306654731827,1.5872682733430457,0.47044306654731827,0.2516201843600927,-0.4145210423192079,-0.08084857129966894,0.047536485749534646,-0.0135060036155902,-0.008137075096416459,-0.10167445421382146,-0.29714647055709387,0.01820556617579785,0.5527680607190183,0.04304586512949214,0.1111382322084732,0.5031812557287216,1.2101334137857052
1.5685714285714285,-1.5826957028760005,-0.4717740386161185,1.5826957028760005,0.4717740386161185,0.2511010308675366,-0.4162221518589908,-0.08141328999948214,0.04782107079489899,-0.013198698768335973,-0.008572762815366243,-0.10395175776726559,-0.30221709256769264,0.018386899040083587,0.544849964995663,0.04456558742815867,0.11262856241792772,0.5080892989439565,1.2101334137857058
1.575,-1.578167232394398,-0.4731331578456361,1.578167232394398,0.4731331578456361,0.2505699887703125,-0.4179517817218899,-0.08196279051896437,0.048094328321731786,-0.012875416094855565,-0.009019235025527891,-0.1062657540625465,-0.30732834644814927,0.018564885984042656,0.5370099776151961,0.04612501426334239,0.11409321562201404,0.5129052062851522,1.2101334137857047
1.5814285714285714,-1.5736832175639928,-0.47452080636534755,1.5736832175639928,0.47452080636534755,0.2500268661618639,-0.4197101154782938,-0.08249659171931754,0.04835595791684562,-0.012536009372959678,-0.009476474378753165,-0.10861671152688872,-0.312479237018061,0.01873935578073851,0.5292537536009438,0.04772453913284849,0.1155306622785719,0.5176244587733403,1.2101334137857045
1.5878571428571429,-1.5692440053170824,-0.47593736493899574,1.5692440053170824,0.47593736493899574,0.24947147018758337,-0.42149732872505385,-0.08301420503838056,0.04860566732365732,-0.012180343252606756,-0.009944444844677708,-0.11100489297422741,-0.31766871883145037,0.018910138189749116,0.5215869582743805,0.04936452662721726,0.11693935387731777,0.5222425750067895,1.2101334137857052
1.5942857142857143,-1.5648499335299093,-0.47738321270757267,1.5648499335299093,0.47738321270757267,0.2489036071145251,-0.4233135887602945,-0.08351513499456555,0.04884317254329774,-0.011808294274526152,-0.010423091192643025,-0.11343055539731357,-0.32289569552957526,0.01907706425254992,0.5140152588222167,0.05104531068505698,0.11831772535526044,0.5267551189231715,1.2101334137857056
1.6007142857142858,-1.5605013307052438,-0.4788587269274647,1.5605013307052438,0.4788587269274647,0.24832308240380088,-0.42515905425914313,-0.08399887992606328,0.049068197781296424,-0.011419752034479466,-0.010912338599499196,-0.11589394974904323,-0.32815901923191704,0.019239966567966522,0.5065443156767153,0.05276719285668503,0.11966419846980642,0.5311577067824993,1.210133413785706
1.6071428571428572,-1.5561985156606457,-0.48036428270392256,1.5561985156606457,0.48036428270392256,0.24772970078549003,-0.4270338749515202,-0.08446493295742805,0.0492804752488676,-0.011014620485556136,-0.011412092379775156,-0.11839532070871488,-0.33345748996371827,0.019398679547134694,0.4991797737349951,0.05453044058234369,0.12097718611439866,0.5354460133539679,1.2101334137857054
1.6135714285714284,-1.551941797222864,-0.48190025272000414,1.551941797222864,0.48190025272000414,0.24712326633588103,-0.42893819130317873,-0.0849127831813728,0.04947974483109469,-0.010592819367636496,-0.01192223783184958,-0.12093490642863713,-0.33878985511872367,0.019553039648116062,0.4919272534425295,0.0563352854911639,0.12225509753714763,0.5396157773148647,1.2101334137857058
1.6199999999999999,-1.5477314739287569,-0.4834670069611113,1.5477314739287569,0.4834670069611113,0.24650358255687219,-0.4308721342011808,-0.08534191703745232,0.04966575363915295,-0.010154285749667081,-0.012442640190476972,-0.12351293825653525,-0.34415480895662204,0.019702885591257404,0.4847923417646095,0.05818192172697859,0.12349634439167599,0.543662805902441,1.2101334137857052
1.6264285714285713,-1.5435678337330814,-0.4850649124352262,1.5435678337330814,0.4850649124352262,0.24587045245736225,-0.43283582464500847,-0.08575181986520193,0.04983825546680886,-0.009698975667511914,-0.012973144673446653,-0.12612964042919222,-0.34955099213547,0.019848058557122725,0.47778058306822496,0.06007050430694845,0.12469934752474136,0.5475829788857901,1.2101334137857047
1.6328571428571428,-1.53945115372344,-0.48669433288893943,1.53945115372344,0.48669433288893943,0.24522367863647748,-0.4348293734444986,-0.08614197760502597,0.04999701017467147,-0.009226865837470687,-0.013513576607711901,-0.1287852297329234,-0.3549769912804542,0.019988402369587266,0.4708974699351531,0.06200114751882829,0.12586254438016217,0.5513722519515611,1.2101334137857047
1.6392857142857142,-1.5353816998426364,-0.48835562851934566,1.5353816998426364,0.48835562851934566,0.24456306336850847,-0.4368528809257558,-0.0865118786166681,0.050141783028243965,-0.008737955423510566,-0.01406374161845999,-0.1314799151268161,-0.3604313385916773,0.020123763667341532,0.46414843392517,0.0639739233626213,0.12698439687722404,0.5550266596206902,1.2101334137857056
1.6457142857142857,-1.5313597266186625,-0.49004915568188356,1.5313597266186625,0.49004915568188356,0.2438884086894498,-0.43890643664618134,-0.0868610155827077,0.05027234401745679,-0.008232267834394853,-0.014623425862991549,-0.13421389732493588,-0.3659125114948144,0.020253992067587857,0.45753883630685743,0.06598886004216868,0.12806339960412091,0.558542317832557,1.210133413785704
1.6521428571428571,-1.527385476902507,-0.4917752665941929,1.527385476902507,0.4917752665941929,0.24319951648508134,-0.4409901191196901,-0.0871888874626494,0.05038846718665851,-0.007709852526139066,-0.015192396290620639,-0.13698736833436392,-0.3714189323402395,0.020378940326127127,0.4510739587714746,0.06804594051228567,0.12909808815394944,0.5619154263479954,1.2101334137857052
1.6585714285714286,-1.5234591816139704,-0.4935343090360737,1.5234591816139704,0.4935343090360737,0.24249618858055663,-0.443103995553157,-0.08749500146249417,0.050489930004242775,-0.007170786784248753,-0.015770400909099522,-0.13980051094633078,-0.3769489681574185,0.020498464498308985,0.4447589941444014,0.07014510108685303,0.13008704742141883,0.5651422711330318,1.2101334137857052
1.665,-1.5195810594956618,-0.4953266260456476,1.5195810594956618,0.4953266260456476,0.2417782268315171,-0.44524812159505756,-0.08777887498482882,0.05057651280072019,-0.006615177460647798,-0.016357169038629493,-0.14265349817854742,-0.3825009304731752,0.020612424105409383,0.4385990371071936,0.07228623011343584,0.1310289196759036,0.5682192268891728,1.2101334137857058
1.6714285714285715,-1.5157513168753645,-0.49715255561184724,1.5157513168753645,0.49715255561184724,0.24104543321679078,-0.44742254109721574,-0.08804003752557873,0.050647998302808986,-0.006043162640568724,-0.016952411535107608,-0.1455464926674826,-0.38807307520377876,0.020720682310947293,0.43259907494278227,0.07446916671998793,0.13192241222767664,0.5711427598952582,1.2101334137857052
1.677857142857143,-1.5119701474369696,-0.49901243036339316,1.5119701474369696,0.49901243036339316,0.24029760993278257,-0.449627285890502,-0.08827803248544738,0.050704171289283645,-0.005454913215798466,-0.01755582096557593,-0.1484796460101467,-0.39366360263225675,0.020823106111241857,0.4267639783160102,0.07669369963933839,0.1327663045107792,0.5739094313195772,1.210133413785705
1.6842857142857142,-1.5082377320002165,-0.5009065772544633,1.5082377320002165,0.5009065772544633,0.23953455948971208,-0.45186237557525755,-0.08849241886732831,0.050744818391376775,-0.004850634342733141,-0.01816707172109006,-0.1514530980558329,-0.39927065748373797,0.02091956654405109,0.42109849210176975,0.07895956611745646,0.13355945442039469,0.5765159011460839,1.2101334137857047
1.6907142857142856,-1.5045542383094963,-0.5028353172473047,1.5045542383094963,0.5028353172473047,0.23875608480989657,-0.45412781732716345,-0.0886827728338633,0.05076972805780806,-0.004230566765062093,-0.018785820053885148,-0.15446697614898947,-0.4048923291125691,0.02100993891870016,0.4156072262739086,0.08126645091156848,0.13430080375564335,0.578958932844585,1.2101334137857054
1.697142857142857,-1.5009198208320411,-0.5047989649921054,1.5009198208320411,0.5047989649921054,0.23796198932832444,-0.4564236057192033,-0.08884868910474508,0.05077869069984211,-0.003594987984526303,-0.019411704029547585,-0.15752139432539994,-0.4105266518161373,0.021094103070233586,0.41029464686894307,0.08361398538479936,0.1349893826463075,0.5812353988856548,1.2101334137857047
1.7035714285714285,-1.497334620565852,-0.5067978285045015,1.497334620565852,0.5067978285045015,0.2371520770957957,-0.4587497225603253,-0.08898978217695236,0.05077149902843894,-0.0029442132648213075,-0.020044343386895303,-0.16061645246448605,-0.41617160529072933,0.021171943639501777,0.4051650670405817,0.08600174670408708,0.13562431286060694,0.5833422871804287,1.2101334137857043
1.71,-1.4937987648577886,-0.5088322088411715,1.4937987648577886,0.5088322088411715,0.23632615288494216,-0.46110613675135304,-0.08910568735752836,0.05074794859004837,-0.0022785964578783554,-0.020683339302714043,-0.1637522354014532,-0.4218251152453724,0.021243350379986918,0.40022263822289517,0.0884292571487883,0.13620480992576478,0.5852767084882563,1.2101334137857047
1.7164285714285714,-1.4903123672322904,-0.5109023997740461,1.4903123672322904,0.5109023997740461,0.2354840222994606,-0.46349280415866156,-0.0891960616033942,0.05070783850322343,-0.0015985306443806412,-0.0213282740615093,-0.16692881200361506,-0.42748505418955524,0.021308218491274504,0.3954713414225734,0.09089598353767589,0.13673018402045206,0.5870359048050036,1.210133413785705
1.7228571428571429,-1.4868755272312588,-0.5130086874637345,1.4868755272312588,0.5130086874637345,0.23462549188690734,-0.4659096675061011,-0.08926058416839744,0.050650972393201585,-0.0009044485837514475,-0.021978710634200274,-0.17014623421586642,-0.43314924241051644,0.02136644897801566,0.39091497866341424,0.09340133678247534,0.13719983963085208,0.5886172587089616,1.2101334137857034
1.7292857142857143,-1.4834883302656874,-0.5151513501328612,1.4834883302656874,0.5151513501328612,0.23375036925540565,-0.46835665628563466,-0.08929895706407205,0.05057715951612414,-0.00019682297265255738,-0.022634192173873083,-0.17340453608081544,-0.4388154491552322,0.02141794903205978,0.3865571646091023,0.0959446715766033,0.13761327399820503,0.5900183036017943,1.210133413785705
1.7357142857142858,-1.4801508474796692,-0.5173306577400694,1.4801508474796692,0.5173306577400694,0.23285846319461265,-0.47083368668713843,-0.0893109053447136,0.05048621606071804,0.0005238334868170906,-0.023294241439308732,-0.1767037327394276,-0.444481394031225,0.021462632434574826,0.38240131839343844,0.09852528622789644,0.13797007441168976,0.5912367347526793,1.2101334137857038
1.7421428571428572,-1.4768631356274644,-0.5195468716555465,1.4768631356274644,0.5195468716555465,0.2319495838012696,-0.4733406615478197,-0.08929617723424003,0.05037796660931875,0.0012569682036563353,-0.023958360161761946,-0.18004381941838493,-0.4501447486391346,0.021500419973701532,0.3784506556900814,0.1011424226446964,0.13826991444049022,0.592270421010436,1.210133413785704
1.7485714285714284,-1.473625236964331,-0.521800244338977,1.473625236964331,0.521800244338977,0.23102354260963293,-0.475877470321702,-0.08925454411487306,0.05025224573746304,0.0020019889925126525,-0.02462602837205481,-0.18342477041043545,-0.45580313844829984,0.021531239872655185,0.37470818105679815,0.10379526648447863,0.13851254921770292,0.593117417026726,1.2101334137857056
1.755,-1.4704371791518611,-0.5240910190209159,1.4704371791518611,0.5240910190209159,0.23008015272703664,-0.4784439890696489,-0.08918580040328605,0.050108899726307526,0.002758264535913225,-0.025296703709025006,-0.18684653805408125,-0.46145414492476255,0.021555028222126682,0.3711766805917013,0.10648294747450826,0.1386978099225533,0.5937759757969424,1.2101334137857052
1.7614285714285713,-1.4672989751785608,-0.5264194293886192,1.4672989751785608,0.5264194293886192,0.2291192289747848,-0.48104008047040453,-0.08908976334200336,0.04994778835983651,0.003525125002691608,-0.0259698207318595,-0.1903090517187956,-0.46709530791888243,0.021571729410308983,0.36785871494115907,0.10920453991368595,0.13882559762379393,0.5942445613070659,1.210133413785705
1.7678571428571428,-1.4642106232964167,-0.5287856992774257,1.4642106232964167,0.5287856992774257,0.22814058803450624,-0.4836655938531512,-0.08896627273634818,0.04976878677626012,0.00430186280952338,-0.026644790260728954,-0.19381221680173139,-0.4727241283173605,0.02158129654333008,0.3647566127006841,0.11195906336442965,0.13889587666492043,0.5945218610556705,1.2101334137857047
1.7742857142857142,-1.4611721069741788,-0.5311900423688235,1.4611721069741788,0.5311900423688235,0.22714404860002635,-0.4863203652521049,-0.08881519066920117,0.049571787340913595,0.0050877335111173825,-0.02732099877169034,-0.1973559137415078,-0.47833807096183734,0.021583691848457306,0.36187246425115555,0.11474548354295552,0.13890866778617897,0.5946067982054146,1.2101334137857047
1.7807142857142857,-1.4581833948680378,-0.5336326618963492,1.4581833948680378,0.5336326618963492,0.2261294315347314,-0.4890042174836704,-0.08863640122504657,0.04935670150799625,0.005881956805007876,-0.02799780787154757,-0.20093999705418866,-0.48393456783350863,0.021578887052473728,0.3592081160730642,0.11756271341533067,0.13886404117853648,0.5944985431187735,1.2101334137857047
1.7871428571428571,-1.4552444408103535,-0.5361137503604979,1.4552444408103535,0.5361137503604979,0.2250965600343023,-0.4917169602467068,-0.08842981025590059,0.049123461637149965,0.006683717635813641,-0.028674553879416306,-0.20456429439599946,-0.4895110215003206,0.021566863727446133,0.356765165581061,0.12040961450586483,0.13876210967305622,0.5941965240257224,1.2101334137857043
1.7935714285714286,-1.452355183816998,-0.5386334892538028,1.452355183816998,0.5386334892538028,0.2240452597946068,-0.4944583902464296,-0.08819534521836057,0.04887202273297588,0.007492167385620049,-0.02935054753982714,-0.20822860565668452,-0.4950648088204732,0.021547613596633756,0.3545449565198747,0.12328499842282088,0.13860302225493693,0.593700436588072,1.2101334137857045
1.8,-1.4495155481138207,-0.5411920487972381,1.4495155481138207,0.5411920487972381,0.22297535918443281,-0.4972282913424824,-0.08793295511007912,0.048602364075939146,0.008306425137169862,-0.030025073891888666,-0.21193270208672013,-0.5005932848930759,0.021521138793530868,0.3525485749606383,0.1261876286050813,0.13838695808762225,0.5930102521323635,1.2101334137857052
1.8064285714285715,-1.4467254431826402,-0.5437895876890645,1.4467254431826402,0.5437895876890645,0.2218866894226504,-0.5000264347216717,-0.08764261052966814,0.04831449071608675,0.009125578998627716,-0.03069739231651957,-0.21567632546086685,-0.506093787244043,0.02148745206782761,0.35077684593383646,0.12911622229144737,0.13811412121150002,0.5921262243489206,1.2101334137857045
1.8128571428571427,-1.4439847638270569,-0.5464262528671893,1.4439847638270569,0.5464262528671893,0.2207790847592906,-0.5028525790958184,-0.08732430388012194,0.04800843480376046,0.009948687480379083,-0.03136673678147362,-0.21945918727982303,-0.5115636402326793,0.02144657693286912,0.3492303307314797,0.13206945271222637,0.13778473606160413,0.5910488942803938,1.2101334137857038
1.8192857142857142,-1.441293390258283,-0.5491021792860608,1.441293390258283,0.5491021792860608,0.21965238265993378,-0.5057064709251194,-0.08697804973143362,0.04768425673474331,0.010774780916264111,-0.03203231630116502,-0.22328096801103525,-0.5170001596619399,0.021398547750116678,0.34790932490679594,0.13504595150056053,0.13739904392519786,0.5897790934531507,1.2101334137857052
1.8257142857142856,-1.4386511882010435,-0.5518174897090337,1.4386511882010435,0.5518174897090337,0.21850642399271836,-0.5085878446673214,-0.08660388535172861,0.04734204609203966,0.01160286292454687,-0.0326933156244626,-0.22714131636904303,-0.5224006575731384,0.021343409747354308,0.34681385699478245,0.13804431131836659,0.13695730042712334,0.5883179450454314,1.2101334137857038
1.832142857142857,-1.436058009019487,-0.5545722945170752,1.436058009019487,0.5545722945170752,0.21734105321719555,-0.5114964230529162,-0.08620187141180627,0.046981922369960225,0.012431911905792686,-0.03334889616062758,-0.23103984863517354,-0.5277624472039094,0.021281218968403695,0.34594368797146874,0.14106308868937417,0.13645977410556528,0.5866668630192967,1.2101334137857047
1.8385714285714285,-1.433513689862902,-0.5573666915345719,1.433513689862902,0.5573666915345719,0.21615611857419667,-0.5144319173864281,-0.0857720928604216,0.04660403547204239,0.013260882578165148,-0.03399819714893163,-0.2349761480158572,-0.533082848086581,0.02121204215357592,0.34529831146385564,0.14410080702885578,0.13590674610160952,0.5848275491913846,1.2101334137857056
1.845,-1.4310180538309112,-0.5602007658729089,1.4310180538309112,0.5602007658729089,0.2149514722758206,-0.5173940278737271,-0.08531465996280875,0.0462085659782839,0.01408870755265228,-0.03464033707404249,-0.2389497640384837,-0.5383591912627719,0.02113595655121237,0.3448769547162969,0.1471559598571125,0.1352985109583786,0.582801988253917,1.2101334137857052
1.8514285714285714,-1.4285709101576727,-0.5630745897923795,1.4285709101576727,0.5630745897923795,0.21372697069461397,-0.5203824439751261,-0.08482970948809589,0.04579572518270163,0.014914298953570274,-0.03527441532479832,-0.24296021198342987,-0.5435888245890337,0.021053049662055078,0.3446785803127629,0.15022701418096285,0.13463537848940565,0.5805924408025736,1.210133413785705
1.8578571428571429,-1.4261720544145002,-0.5659882225828707,1.4261720544145002,0.5659882225828707,0.21248247455099223,-0.5233968447838367,-0.08431740602561896,0.045365754906932426,0.015736550091884113,-0.03589951409004564,-0.24700697235076366,-0.5487691181076852,0.020963418919406545,0.34470188864808793,0.1533124140248702,0.1339176766454938,0.578201434467252,1.2101334137857038
1.8642857142857143,-1.4238212687301892,-0.568941710463664,1.4238212687301892,0.568941710463664,0.211217849097946,-0.5264368994291572,-0.08377794340524913,0.04491892709983925,0.016554337200754266,-0.03651470048146947,-0.251089490360189,-0.5538974694566879,0.020867171309143086,0.3449453211350894,0.15641058409092048,0.13314575528251404,0.5756317532771801,1.210133413785704
1.8707142857142858,-1.4215183220282213,-0.5719350865025613,1.4215183220282213,0.5719350865025613,0.20993296430208877,-0.5295022675035407,-0.08321154619092351,0.04445554323814198,0.017366521244680008,-0.037119028869362705,-0.25520717548290045,-0.5589713092923626,0.020764422934833122,0.34540706412852296,0.15951993352439453,0.13231999070291695,0.5728864254298703,1.2101334137857047
1.877142857142857,-1.419262970279931,-0.5749683705544559,1.419262970279931,0.5749683705544559,0.20862769502013268,-0.5325925995124775,-0.08261847121404338,0.04397593354569357,0.018171949814418168,-0.03771154341444775,-0.2593594010044454,-0.563988106699109,0.020655298533936516,0.34608505354128316,0.16263885975985465,0.13144079082859073,0.5699687096559769,1.2101334137857056
1.8835714285714285,-1.4170549567726178,-0.5780415692193375,1.4170549567726178,0.5780415692193375,0.20730192116992527,-0.5357075373458763,-0.08199900910830286,0.043480456053584304,0.018969459121086194,-0.03829128077543434,-0.2635455036180481,-0.5689453745607916,0.02053993095203453,0.34697698012323114,0.16576575242065772,0.130508600839078,0.5668820804027385,1.2101334137857054
1.89,-1.4148940123915246,-0.5811546758196331,1.4148940123915246,0.5811546758196331,0.20595552789524568,-0.5388467147694086,-0.081353485806695,0.04296949552465402,0.019757876102737017,-0.03885727297000741,-0.26776478304854506,-0.5738406748693196,0.0204184605824303,0.3480802953685813,0.16889899724363291,0.12952390910358996,0.5636302120699005,1.2101334137857047
1.8964285714285714,-1.4127798559145466,-0.5843076703966879,1.4127798559145466,0.5843076703966879,0.2045884057236342,-0.5420097579340367,-0.08068226395910091,0.042443462268573255,0.02053602065664985,-0.039408550364763525,-0.27201650170774494,-0.5786716239469273,0.0202910347789604,0.34939221801400966,0.17203697999953627,0.12848725322540439,0.5602169625467551,1.2101334137857056
1.9028571428571428,-1.4107121943184862,-0.5875005197260937,1.4107121943184862,0.5875005197260937,0.2032004507166231,-0.5451962859017259,-0.07998574422861938,0.041902790874676514,0.021302708009733502,-0.03994414476829432,-0.2762998843828408,-0.5834358975598286,0.02015780725003396,0.3509097410865829,0.17517809037933985,0.1273992260169275,0.5566463563028536,1.2101334137857038
1.9092857142857143,-1.4086907230956578,-0.5907331773515148,1.4086907230956578,0.5907331773515148,0.20179156461183637,-0.5484059111851296,-0.07926436642624737,0.04134793888948507,0.022056751237966524,-0.04046309260101541,-0.28061411796041386,-0.5881312359022207,0.020018937441821365,0.352629639458299,0.17832072581640865,0.126260481231082,0.5529225672799152,1.2101334137857047
1.9157142857142857,-1.4067151265796254,-0.5940055836365683,1.4067151265796254,0.5940055836365683,0.2003616549565395,-0.551638240298832,-0.07851861044369192,0.040779385466613506,0.022796963944197127,-0.04096443811477253,-0.2849583511894235,-0.592755448430932,0.019874589918493123,0.35454847786245086,0.18146329521478374,0.1250717388786697,0.5490499018298001,1.2101334137857043
1.9221428571428572,-1.4047850782788804,-0.5973176658342912,1.4047850782788804,0.5973176658342912,0.19891063523233146,-0.5548928743195749,-0.07774899694906663,0.04019763001382153,0.023522163100937233,-0.041447236636132305,-0.2893316944875772,-0.5973064185324357,0.01972493374677602,0.35666261932619037,0.18460422255490483,0.12383378998394153,0.5450327819206684,1.2101334137857052
1.9285714285714286,-1.4029002412172709,-0.6006693381736493,1.4029002412172709,0.6006693381736493,0.197438424970795,-0.5581694094527272,-0.0769560878114571,0.03960319086195449,0.024231172062370656,-0.04191055780763209,-0.29373321979630196,-0.6017821080052937,0.01957014189182556,0.3589682339734907,0.1877419503491295,0.12254750064030402,0.5408757288227806,1.2101334137857047
1.935,-1.4010602682800473,-0.604060501962534,1.4010602682800473,0.604060501962534,0.19594494986003363,-0.5614674376021558,-0.07614048622699607,0.03899660397627539,0.024922823746356276,-0.042353488803124846,-0.2981619604904298,-0.6061805613424667,0.01941039063048691,0.3614613081531797,0.1908749429214145,0.12121381525788189,0.5365833474532296,1.2101334137857056
1.9414285714285715,-1.3992648025644285,-0.6074910457066555,1.3992648025644285,0.6074910457066555,0.19443014184214055,-0.5647865469405592,-0.07530283652313441,0.03837842172849848,0.025595963983913735,-0.0427751374949557,-0.3026169113494287,-0.6104999097991891,0.019245858987346837,0.3641376538477012,0.19400168948757823,0.11983375891506033,0.5321603115353652,1.2101334137857052
1.9478571428571427,-1.3975134777336489,-0.6109608452437242,1.3975134777336489,0.6109608452437242,0.19289393920175243,-0.5681263224772789,-0.07444382362387851,0.03774921174403075,0.026249455029963016,-0.04317463555298075,-0.30709702859765214,-0.6147383752333284,0.019076728198060274,0.3669929183197404,0.19712070701518017,0.11840843875362511,0.5276113496971587,1.2101334137857043
1.9542857142857142,-1.395805918373525,-0.614469763892319,1.395805918373525,0.614469763892319,0.191336286645932,-0.5714863466205997,-0.07356417216599662,0.03710955583421264,0.026882179225227777,-0.043551141458120696,-0.31160123002152135,-0.6188942737062088,0.018903181203377934,0.37002259395563625,0.20023054284502517,0.11693904438799714,0.5229412325970458,1.2101334137857043
1.9607142857142856,-1.3941417403506369,-0.6180176526148163,1.3941417403506369,0.6180176526148163,0.18975713537572195,-0.574866199731553,-0.0726646452611464,0.03646004902043052,0.027493042795406944,-0.043903843415636676,-0.31612839517190083,-0.6229660188329553,0.018725402176497558,0.37322202826662815,0.2033297770594097,0.11542684732106258,0.5181547611386043,1.2101334137857047
1.967142857142857,-1.3925205511713141,-0.6216043501937903,1.3925205511713141,0.6216043501937903,0.18815644314976235,-0.5782654606663437,-0.07174604290807747,0.03580129865064731,0.02808097976984975,-0.044231962156532266,-0.3206773656599213,-0.6269521248722201,0.018543576085113044,0.37658643401114034,0.20641702458578248,0.11387319939466178,0.5132567557941206,1.2101334137857052
1.9735714285714285,-1.3909419503406741,-0.6252296834212732,1.3909419503406741,0.6252296834212732,0.1865341743404424,-0.5816837073045765,-0.0708092000633051,0.035133923606516064,0.02864495599827483,-0.04453475361810819,-0.32524694555449346,-0.630851209546081,0.018357888288842755,0.38011089940368137,0.20949093702796934,0.11227953031982174,0.5082520470342332,1.2101334137857056
1.98,-1.3894055297210612,-0.6288934673003003,1.3894055297210612,0.6288934673003003,0.18489029998307252,-0.5851205170606433,-0.06985498438738359,0.03445855359322818,0.029183973240646043,-0.044811511497806704,-0.32983590188928824,-0.6346619965815564,0.018168524171587114,0.3837903983781116,0.21255020422086762,0.1106473443626061,0.5031454668241193,1.2101334137857047
1.9864285714285714,-1.3879108738892911,-0.6325955052581649,1.3879108738892911,0.6325955052581649,0.18322479781859324,-0.5885754673757826,-0.06888429368889756,0.0337758285012179,0.0296970733021184,-0.04506156967711781,-0.33444296528643425,-0.638383317965922,0.01797566880767202,0.38761980087521725,0.21559355550816445,0.10897821627775095,0.4979418411245731,1.2101334137857058
1.9928571428571429,-1.38645756049219,-0.6363355893708238,1.38645756049219,0.6363355893708238,0.18153765233033636,-0.5920481361885415,-0.06789805309430608,0.03308639782494632,0.03018334218214053,-0.04528430451491661,-0.33906683070338434,-0.6420141159086977,0.01777950665987967,0.391593883126506,0.21861976074631323,0.10727378660027927,0.4926459833126064,1.210133413785705
1.9992857142857143,-1.3850451605999798,-0.64011350059791,1.3850451605999798,0.64011350059791,0.1798288547753225,-0.5955381023816204,-0.06689721197741345,0.032390920120359885,0.030641914204690108,-0.045479137011765265,-0.34370615830825285,-0.6455534445037606,0.017580221306819858,0.3957073379077844,0.22162763104142452,0.10553575642009937,0.48726268841639725,1.2101334137857056
2.005714285714286,-1.3836732390571205,-0.6439290090278093,1.3836732390571205,0.6439290090278093,0.1780984032105663,-0.5990449462033184,-0.06588274068543044,0.03169006248094007,0.03107197609435831,-0.04564553484880072,-0.3483595744879165,-0.6490004710858817,0.017377995196726285,0.39995478473772317,0.22461601922921937,0.10376588176987608,0.4817967280488867,1.2101334137857054
2.012142857142857,-1.3823413548302763,-0.6477818741322752,1.3823413548302763,0.6477818741322752,0.1763463025147745,-0.6025682496621254,-0.06485562710353428,0.030984500009098415,0.03147277096242946,-0.045783014305987114,-0.3530256729914437,-0.6523544772765384,0.017173009424309958,0.40433077999755485,0.22758382011098002,0.10196596776544133,0.4762528459117282,1.2101334137857043
2.0185714285714287,-1.381049061353113,-0.6516718450300439,1.381049061353113,0.6516718450300439,0.17457256440579116,-0.6061075968932648,-0.06381687310083435,0.03027491525970448,0.031843602165623784,-0.04589114206599387,-0.35770301621021827,-0.6556148597149135,0.01696544352724817,0.40882982694925524,0.23052997046151966,0.10013786263339927,0.47063575374153066,1.2101334137857047
2.025,-1.379795906867674,-0.6555986607589174,1.379795906867674,0.6555986607589174,0.17277720745403516,-0.6096625744963398,-0.06276749090338866,0.02956199763107284,0.032183837000863656,-0.04596953691011372,-0.36239013659414987,-0.6587811304707357,0.016755475298753257,0.4134463856299644,0.2334534488272718,0.0982834517598158,0.4649501275686533,1.2101334137857052
2.0314285714285716,-1.3785814347621053,-0.659562050555773,1.3785814347621053,0.659562050555773,0.1709602570921033,-0.6132327718435431,-0.06170849943971335,0.02884644267965663,0.03249291019954395,-0.0460178713129998,-0.3670855382018186,-0.6618529171368047,0.016543280612824653,0.41817488260099417,0.23635327513478932,0.09640465188339195,0.45920060416652997,1.2101334137857054
2.037857142857143,-1.3774051839045223,-0.6635617341439385,1.3774051839045223,0.6635617341439385,0.16912174562061869,-0.6168177813582023,-0.060640920703998714,0.028128951335583477,0.03277032718596257,-0.04603587294264544,-0.37178769838060205,-0.6648299626002061,0.016329033258990277,0.42300972052999924,0.2392285101315133,0.0945034055452819,0.45339177757891,1.2101334137857045
2.044285714285714,-1.3762666889728223,-0.6675974220273645,1.3762666889728223,0.6675974220273645,0.1672617122102902,-0.6204171987637772,-0.05956577618074177,0.027410228998037373,0.033015667066874664,-0.046023326070794554,-0.37649506957097306,-0.6677121244925032,0.01611290478370178,0.4279452875849231,0.24207825468154084,0.09258167589212278,0.44752819562711815,1.210133413785705
2.0507142857142857,-1.3751654807802502,-0.6716688157909974,1.3751654807802502,0.6716688157909974,0.1653802029000814,-0.6240306233036942,-0.05848408337204914,0.02669098449214219,0.03322858532038669,-0.045980072898522566,-0.38120608122773364,-0.6704993743207908,0.015895064335960014,0.43297596661863885,0.24490164894028957,0.09064144191128722,0.4416143563154895,1.2101334137857052
2.057142857142857,-1.3741010865965244,-0.6757756084067327,1.3741010865965244,0.6757756084067327,0.16347727059125824,-0.6276576579327406,-0.0573968524655603,0.025971928872219305,0.033408816156793995,-0.04590601479889912,-0.3859191418490164,-0.6731917962829189,0.01567567851530754,0.4380961441229714,0.24769787143141184,0.08868469415663219,0.43565470407468987,1.2101334137857052
2.0635714285714286,-1.3730730304643242,-0.6799174845443133,1.3730730304643242,0.6799174845443133,0.16155297503703347,-0.6312979094809781,-0.05630508317704195,0.02525377406005043,0.03355617452552606,-0.04580111347803572,-0.39063264110287144,-0.675789585772102,0.015454911220829277,0.4433002189313391,0.2504661380499075,0.08671343100303232,0.4296536258014268,1.2101334137857058
2.07,-1.3720808335109311,-0.684094120886494,1.3720808335109311,0.684094120886494,0.15960738282742554,-0.6349509887914101,-0.055209761796856105,0.02453723131116119,0.03367055774756129,-0.04566539205241122,-0.3953449520396858,-0.6782930475777598,0.015232923500460613,0.4485826106492573,0.25320570101396156,0.08472965544493122,0.42361544667755546,1.2101334137857056
2.0764285714285715,-1.371124014254805,-0.6883051864477864,1.371124014254805,0.6883051864477864,0.15764056736889664,-0.638616510832859,-0.05411185846443564,0.023823009506723627,0.03375194675577419,-0.0454989360386963,-0.4000544333778935,-0.6807025937914076,0.01500987340046903,0.4539377677926896,0.25591584778739984,0.08273537243331017,0.41754442577230644,1.210133413785706
2.0828571428571427,-1.3702020889068671,-0.6925503428960613,1.3702020889068671,0.6925503428960613,0.1556526088582902,-0.6422940947896972,-0.05301232468946622,0.023111813273474467,0.03380040693002418,-0.04530189424971818,-0.40475943184962854,-0.6830187414282571,0.014785915815558352,0.4593601756149764,0.25859589999315397,0.0807325867249236,0.4114447514526501,1.210133413785704
2.0892857142857144,-1.3693145716662447,-0.6968292448762747,1.3693145716662447,0.6968292448762747,0.1536435942505432,-0.6459833641302609,-0.051912091132268315,0.02240434093937479,0.03381608851889957,-0.04507447958712239,-0.40945828459242145,-0.6852421097770481,0.01456120234065274,0.4648443636041127,0.26124521233601544,0.07872330119680744,0.4053205366487696,1.2101334137857052
2.0957142857142856,-1.3684609750102352,-0.7011415403355644,1.3684609750102352,0.7011415403355644,0.15161361721965647,-0.6496839466558834,-0.05081206565088252,0.02170128233709811,0.033799226643048054,-0.04481696972005294,-0.4141493215730313,-0.6873734174925122,0.01433588112579732,0.4703849126337538,0.2638631715516412,0.07670951556493777,0.39917581403537206,1.2101334137857047
2.1021428571428573,-1.3676408099782285,-0.7054868708489551,1.3676408099782285,0.7054868708489551,0.1495627781123883,-0.6533954745326108,-0.049713131615415615,0.021003316473154197,0.033750140881495416,-0.044529707635216256,-0.41883086802935576,-0.6894134794465239,0.014110096736192151,0.4759764617528835,0.2664491953955128,0.07469322542703669,0.39301453121027213,1.2101334137857052
2.1085714285714285,-1.366853586449339,-0.7098648719449073,1.366853586449339,0.7098648719449073,0.14749118389418664,-0.657117584307701,-0.048616146486058255,0.020311109083999183,0.03366923444447677,-0.0442131020435297,-0.42350124691701646,-0.6913632033556746,0.01388399001952549,0.4816137146014671,0.2690027316842719,0.07267642154283085,0.386840545957135,1.2101334137857047
2.1149999999999998,-1.3660988134134944,-0.7142751734299564,1.3660988134134944,0.7142751734299564,0.14539894808689846,-0.6608499169130585,-0.047521940644845065,0.019625310105516942,0.03355699294236729,-0.043867627625244786,-0.4281587813476536,-0.6932235862043794,0.013657697983158575,0.4872914454416644,0.27152325739840144,0.07066108925266482,0.38065762169297407,1.2101334137857047
2.1214285714285714,-1.3653759992357402,-0.7187173997116894,1.3653759992357402,0.7187173997116894,0.14328619069787243,-0.6645921176577381,-0.04643131646730461,0.018946551085362598,0.0334139827630737,-0.04349382509508542,-0.43280179700699994,-0.6949957104838869,0.013431353683743463,0.4930045047970607,0.2740102778532765,0.06864920793325822,0.37446942320210974,1.2101334137857052
2.1278571428571427,-1.364684651913543,-0.723191170119345,1.364684651913543,0.723191170119345,0.1411530381401413,-0.6683438362116236,-0.04534504761599279,0.01827544257076655,0.03324084907405554,-0.04309230106786154,-0.4374286245419041,-0.6966807402685553,0.013205086131886779,0.4987478246953529,0.27646332594301526,0.0666427503878707,0.3682795127594652,1.2101334137857038
2.1342857142857143,-1.3640242793268824,-0.7276960992213425,1.3640242793268824,0.7276960992213425,0.13899962314346312,-0.672104726582324,-0.04426387853400177,0.017612571507129648,0.03303831346901526,-0.04266372770409747,-0.4420376019067399,-0.6982799171514984,0.01297902021443591,0.5045164235130867,0.27888196145881494,0.06464368206900813,0.36209134674479554,1.2101334137857054
2.1407142857142856,-1.363394389480975,-0.7322317971390915,1.363394389480975,0.7322317971390915,0.1368260846561109,-0.675874447087227,-0.04318852411505618,0.016958498683513658,0.03280717128069599,-0.04220884211651328,-0.44662707666120094,-0.6997945560621905,0.012753276636640477,0.510305410424466,0.2812657704819398,0.06265396004111715,0.3559082728381819,1.210133413785705
2.1471428571428572,-1.3627944907414773,-0.7367978698564824,1.3627944907414773,0.7367978698564824,0.13463256773740281,-0.6796526603225461,-0.042119669523431054,0.016313756263051385,0.0325482885854706,-0.04172844551726899,-0.4511954082128947,-0.7012260409888021,0.01252797188631836,0.5161099894594936,0.2836143648484567,0.06067553159502449,0.34973352788273027,1.2101334137857052
2.1535714285714285,-1.362224092062089,-0.7413939195245133,1.362224092062089,0.7413939195245133,0.13241922344109502,-0.6834390331310486,-0.04105797013771083,0.015678845434997077,0.032262598925145373,-0.04122340208889807,-0.4557409699999171,-0.7025758206279692,0.012303218221582021,0.5219254631801943,0.2859273816821247,0.05871033244293887,0.3435702364804483,1.210133413785706
2.16,-1.361682703204496,-0.746019544760578,1.361682703204496,0.746019544760578,0.1301862086898667,-0.6872332365700057,-0.04000405159076329,0.015054234225344926,0.0319510997744986,-0.04069463756213837,-0.46026215161006273,-0.7038454039843264,0.012079123683386076,0.5277472359867753,0.28820448298936485,0.056760284432659,0.33742141037690626,1.2101334137857054
2.1664285714285714,-1.3611698349506545,-0.7506743409420005,1.3611698349506545,0.7506743409420005,0.12793368614125775,-0.6910349458807287,-0.03895850987991385,0.014440355500576069,0.03161484878281848,-0.04014313748712071,-0.4647573608349694,-0.7050363559415255,0.011855792133543703,0.5335708170686758,0.2904453553095985,0.054827292738524845,0.3312899486689068,1.210133413785706
2.1728571428571426,-1.3606849993074663,-0.7553579004934936,1.3606849993074663,0.7553579004934936,0.12566182404552162,-0.6948438404608909,-0.037921911522533595,0.013837605196783283,0.03125495981828099,-0.039569945186943456,-0.4692250256589559,-0.7061502928255947,0.011633323318326866,0.5393918230182149,0.29264970941322743,0.05291324250346175,0.3251786388508001,1.2101334137857043
2.1792857142857143,-1.3602277097039472,-0.7600698131682732,1.3602277097039472,0.7600698131682732,0.12337079609596933,-0.6986596038406333,-0.03689479373391022,0.013246340803561395,0.030872598844342514,-0.03897615938551736,-0.4736635961835811,-0.7071888779804137,0.011411812957234648,0.5452059801268825,0.29481728003868224,0.05101999492364237,0.3190901586964982,1.2101334137857054
2.1857142857142855,-1.3597974811810454,-0.7648096663226658,1.3597974811810454,0.7648096663226658,0.12106078127247101,-0.702481923663288,-0.035877664608155974,0.012666880127428353,0.03046897965561722,-0.03836293150613048,-0.4780715464902354,-0.7081538173738318,0.011191352855823818,0.5510091263864522,0.2969478256604152,0.049149382788602106,0.3130270789502356,1.2101334137857052
2.192142857142857,-1.359393830574309,-0.7695770451841106,1.359393830574309,0.7695770451841106,0.11873196367885465,-0.7063104916713571,-0.034871003284589135,0.012099500356254516,0.030045359501237552,-0.037731462639808,-0.4824473764438512,-0.7090468552515234,0.010972031041076422,0.5567972132184431,0.29904112827890816,0.04730320550404264,0.306991866784311,1.210133413785705
2.1985714285714284,-1.3590162766896676,-0.7743715331125391,1.3590162766896676,0.7743715331125391,0.11638453237501668,-0.7101450036982142,-0.033875260087542096,0.011544437440046362,0.02960303462064662,-0.03708300018818957,-0.4867896134417231,-0.7098697698541696,0.01075393191707432,0.5625663069566976,0.3010969932252234,0.045483223646273344,0.30098688995751166,1.210133413785706
2.205,-1.3586643404726206,-0.7791927118552007,1.3586643404726206,0.7791927118552007,0.11401868120458503,-0.7139851596658349,-0.03289085662996491,0.011001885799332946,0.029143335716536278,-0.03641883418870901,-0.49109681411173656,-0.7106243692119312,0.010537136438400553,0.5683125901081798,0.3031152489724611,0.04369115310960785,0.2950144215954569,1.2101334137857056
2.2114285714285713,-1.3583375451711752,-0.7840401617950584,1.3583375451711752,0.7840401617950584,0.11163460861901332,-0.7178306635886957,-0.031918185876359015,0.010471998366259342,0.028667623386853528,-0.03574029333504519,-0.4953675659645976,-0.7113124870285478,0.010321722298168938,0.5740323624171623,0.3050957469479949,0.04192865892467697,0.2890766454958719,1.210133413785706
2.217857142857143,-1.3580354164929094,-0.788913462192966,1.3580354164929094,0.788913462192966,0.10923251749897547,-0.7216812235838636,-0.030957612164577552,0.009954886958108632,0.02817728353593589,-0.03504874070996289,-0.49960048900461024,-0.711935978665751,0.010107764127244677,0.5797220417574345,0.3070383613414125,0.040197348837140386,0.2831756618497173,1.2101334137857047
2.224285714285714,-1.3577574827565593,-0.793812191423867,1.3577574827565593,0.793812191423867,0.10681261497391364,-0.7255365518871498,-0.03000947118955935,0.009450622977891458,0.027673722783045352,-0.034345569251521345,-0.5037942373031302,-0.7124967172370534,0.009895333700993261,0.5853781648759422,0.3089429889041017,0.03849876674487492,0.27731349326078636,1.2101334137857052
2.230714285714286,-1.3575032750385572,-0.7987359272073447,1.3575032750385572,0.7987359272073447,0.1043751122405549,-0.7293963648751303,-0.029074069957356015,0.008959238430279813,0.027158363883410423,-0.03363219697853348,-0.5079475005384945,-0.7129965898184448,0.009684500149602055,0.5909973880100001,0.3108095487385612,0.03683438610129638,0.2714920909358469,1.2101334137857047
2.237142857142857,-1.357272327314946,-0.8036842468328472,1.357272327314946,0.8036842468328472,0.10192022438114028,-0.7332603830927208,-0.028151686719402717,0.008480727237556671,0.02663264117601325,-0.03291006200357431,-0.5120590055051677,-0.7134374937820391,0.009475330168089715,0.5965764873978446,0.3126379820759665,0.03520560339281233,0.26571334091908166,1.2101334137857052
2.2435714285714283,-1.3570641765991163,-0.8086567273799905,1.3570641765991163,0.8086567273799905,0.09944817018204322,-0.7371283312859609,-0.027242570902448016,0.008015046833832393,0.02609799606876241,-0.03218061736664366,-0.5161275175942421,-0.7138213332573882,0.00926788822194943,0.6021123597003732,0.3144282520431546,0.03361373180393516,0.2599790702382432,1.2101334137857063
2.25,-1.3568783630757881,-0.81365294593432,1.3568783630757881,0.81365294593432,0.0969591719533474,-0.7409999384395942,-0.026346943050190922,0.007562120013082285,0.02555587257101274,-0.03144532572418197,-0.5201518422460398,-0.7141500157239405,0.00906223674463461,0.6076020223488732,0.3161803434205806,0.03205999517816901,0.25429105283808284,1.2101334137857056
2.2564285714285712,-1.3567144302316592,-0.8186724797989491,1.3567144302316592,0.8186724797989491,0.09445345534984947,-0.7448749378190255,-0.02546499479599427,0.007121837001946973,0.025007712880832696,-0.030705653931319372,-0.5241308263745477,-0.714425448737045,0.008858436323196819,0.613042613830874,0.3178942623947164,0.030545522380733495,0.24865101517938215,1.210133413785706
2.262857142857143,-1.3565719249831167,-0.8237149067024858,1.3565719249831167,0.8237149067024858,0.09193124919383171,-0.7487530670162225,-0.024596888887255766,0.006694057725375885,0.02445495303307684,-0.02996306755689513,-0.5280633597621179,-0.7146495367889719,0.008656545868688699,0.6184313939231803,0.3195700363093829,0.029071342161680103,0.24306064139146083,1.210133413785704
2.269285714285714,-1.356450397801371,-0.8287798050036315,1.356450397801371,0.8287798050036315,0.08939278529981598,-0.7526340679991417,-0.023742759281819514,0.006278614231625757,0.023899018613532358,-0.029219025371486514,-0.5319483764214499,-0.7148241783056206,0.008456622768371475,0.6237657438778521,0.32120771342098525,0.027638378607139354,0.237521577879729,1.2101334137857056
2.275714285714286,-1.3563494028353509,-0.8338667538928478,1.3563494028353509,0.8338667538928478,0.08683829830139043,-0.7565176871642845,-0.022902711338830435,0.005875313239939547,0.023341320542477194,-0.028474973850436663,-0.5357848559208565,-0.7149512627789627,0.008258723017057205,0.6290431665641435,0.32280736266424065,0.026247447258267338,0.23203543729905296,1.2101334137857043
2.282142857142857,-1.3562684980326318,-0.8389753335914142,1.3562684980326318,0.8389753335914142,0.08426802548005075,-0.760403675392027,-0.022076822122828382,0.005483938775787795,0.022783250931843788,-0.02773234173216211,-0.5395718246672596,-0.7150326680347419,0.008062901325602816,0.6342612865659252,0.32436907343401844,0.0248992519596528,0.22660380182610929,1.2101334137857056
2.2885714285714287,-1.35620724525865,-0.844105125548207,1.35620724525865,0.844105125548207,0.08168220659588894,-0.7642917881044146,-0.021265140841770853,0.005104254855824547,0.022226179018293137,-0.026992534673251693,-0.5433083571406384,-0.7150702576345911,0.007869211204875406,0.6394178502317973,0.32589295539055296,0.023594382489792454,0.22122822567356337,1.210133413785706
2.295,-1.3561652104143775,-0.8492557126344428,1.3561652104143775,0.8492557126344428,0.07908108371982792,-0.7681817853251606,-0.020467689434756894,0.004736008187776453,0.02167144717599225,-0.0262569300389466,-0.5469935770723758,-0.7150658784114478,0.007677705024260299,0.644510725672076,0.32737913829375076,0.02233331300635903,0.2159102368135196,1.2101334137857054
2.3014285714285716,-1.3561419635525913,-0.8544266793366118,1.3561419635525913,0.8544266793366118,0.07646490106699382,-0.7720734317416555,-0.01968446332433124,0.004378930850447284,0.021120367012404818,-0.025526871866754623,-0.5506266585593613,-0.7150213581369776,0.007488434044230932,0.6495379026948069,0.32882777187263224,0.021116401326043897,0.21065133789222326,1.2101334137857063
2.307857142857143,-1.3561370789928144,-0.8596176119477472,1.3561370789928144,0.8596176119477472,0.07383390483073007,-0.7759664967688328,-0.018915432344795265,0.004032742921316805,0.02057421555126373,-0.024803666038401187,-0.5542068271050681,-0.7149385033196228,0.007301448423090091,0.6544974926709711,0.33023902573501307,0.01994388904243987,0.2054530063372797,1.2101334137857038
2.314285714285714,-1.3561501354349377,-0.8648280987571328,1.3561501354349377,0.8648280987571328,0.07118834301666181,-0.7798607546148132,-0.018160541853084633,0.003697155022952389,0.020034231508371636,-0.024088575691758766,-0.5577333605783907,-0.7148190971318441,0.007116797198616751,0.6593877283174079,0.3316130893209118,0.01881590246830336,0.20031669367908272,1.2101334137857058
2.3207142857142857,-1.3561807160714936,-0.8700577302384853,1.3561807160714936,0.8700577302384853,0.06852846527618142,-0.7837559843482763,-0.017419714027436178,0.003371870760371241,0.01950161166589232,-0.02338281690259815,-0.5612055900810665,-0.7146648974651301,0.006934528245713974,0.6642069633851133,0.3329501719030383,0.01773245437769377,0.19524382411985905,1.2101334137857045
2.327142857142857,-1.3562284086984744,-0.8753060992365784,1.3562284086984744,0.8753060992365784,0.06585452273866751,-0.7876519699675661,-0.01669284935109546,0.0030565890283501436,0.018977507353794918,-0.02268755466026505,-0.5646229007143739,-0.7144776351113626,0.006754688211859184,0.668953672239586,0.3342505026345142,0.01669344650475211,0.19023579240685298,1.2101334137857052
2.3335714285714286,-1.3562928058245614,-0.8805728011522408,1.3562928058245614,0.8805728011522408,0.06316676784174897,-0.7915485004715588,-0.01597982827812088,0.0027510061680072395,0.01846302104675428,-0.022003899159831773,-0.5679847322364064,-0.7142590120691525,0.006577322432335153,0.673626449320027,0.33551433064416303,0.01569867274971627,0.18529396107179946,1.2101334137857058
2.34,-1.3563735047785654,-0.8858574341255683,1.3563735047785654,0.8858574341255683,0.06046545415892996,-0.7954453699323398,-0.015280513070367768,0.0024548179592798623,0.017959203087931305,-0.021332902427175626,-0.5712905796015726,-0.7140106999737691,0.006402474827798674,0.6782240084641332,0.33674192517629,0.014747823027542096,0.18041965711773997,1.2101334137857054
2.3464285714285715,-1.3564701078148451,-0.8911595992171699,1.3564701078148451,0.8911595992171699,0.05775083622392018,-0.7993423775697496,-0.01459474979261828,0.002167721438304618,0.01746704855163575,-0.020675555290473848,-0.5745399933748956,-0.7137343386492812,0.006230187786909789,0.6827451820860316,0.33793357577099936,0.013840487689183896,0.17561416823949103,1.2101334137857058
2.3528571428571428,-1.3565822222164332,-0.8964789005871951,1.3565822222164332,0.8964789005871951,0.05502316935107962,-0.803239327827836,-0.013922370448315607,0.00188941653335172,0.016987494258577863,-0.020032784707178453,-0.577732580014611,-0.7134315347814798,0.006060502036994938,0.6871889201958797,0.3390895924790277,0.012976162438663445,0.17087873867213263,1.2101334137857034
2.3592857142857144,-1.3567094603955647,-0.9018149456718569,1.3567094603955647,0.9018149456718569,0.05228270945145513,-0.8071360304532422,-0.01326319523324885,0.0016196075183511922,0.016521415959313744,-0.01940545145066851,-0.580868002017684,-0.7131038607100751,0.005893456505930675,0.6915542892509697,0.34021030610269154,0.012154253663333864,0.1662145647687103,1.2101334137857056
2.3657142857142857,-1.3568514399912885,-0.9071673453571281,1.3568514399912885,0.9071673453571281,0.049529712843994496,-0.8110323005755042,-0.012617034883956059,0.001358004284519968,0.016069625701557094,-0.01879434815836056,-0.5839459779242012,-0.7127528533385314,0.005729088178355649,0.6958404708299498,0.341296068454072,0.01137408409614419,0.16162279040553848,1.2101334137857045
2.372142857142857,-1.3570077839638097,-0.91253571414925,1.3570077839638097,0.91253571414925,0.04676443606163442,-0.8149279587891948,-0.011983693090744351,0.0011043234378801286,0.01563286939961697,-0.018200197737102772,-0.5869662821778842,-0.7123800131597405,0.005567431949517434,0.7000467601235226,0.34234725261828514,0.010634898724037983,0.15710450231985976,1.2101334137857058
2.3785714285714286,-1.357178120685223,-0.9179196703416821,1.357178120685223,0.9179196703416821,0.04398713565209695,-0.8188228312377712,-0.011362968947223455,0.0008582892298705921,0.015211824623165896,-0.01762365212060919,-0.589928744841491,-0.7119868033955197,0.0054085204797583945,0.7041725642372167,0.34336425321025943,0.009935870863748301,0.15266072547448134,1.2101334137857058
2.385,-1.3573620840262712,-0.9233188361780872,1.3573620840262712,0.9233188361780872,0.041198067973374726,-0.8227167496989143,-0.010754659402801247,0.0006196343345113918,0.014807098624436582,-0.017065291368519617,-0.5928332511672743,-0.7115746492476753,0.0052523840526893985,0.7082174003038983,0.34434748661074854,0.009276108325719715,0.14829241854533853,1.2101334137857052
2.3914285714285715,-1.3575593134387884,-0.928732838010962,1.3575593134387884,0.928732838010962,0.038397488984038046,-0.8266095516710595,-0.010158561685779883,0.00038810048592213657,0.014419226622056023,-0.016525623095180894,-0.595679741024158,-0.7111449372580921,0.005099050439780754,0.7121808934060243,0.3452973911675232,0.00865465959484856,0.1440004696173098,1.210133413785706
2.3978571428571427,-1.3577694540334806,-0.9341613064554962,1.3577694540334806,0.9341613064554962,0.03558565402866509,-0.8305010804607191,-0.00957447566381234,0.00016343899227983834,0.014048670359618966,-0.016005082213675133,-0.5984682081846951,-0.7106990147750097,0.004948544773873448,0.7160627743098589,0.34621442734701874,0.008070519962729138,0.13978569216609685,1.2101334137857036
2.4042857142857144,-1.357992156652723,-0.939603876538268,1.357992156652723,0.939603876538268,0.03276281761885462,-0.8343911852701053,-0.009002206107645756,-5.458885536350767e-05,0.013695816956764313,-0.015504030978165065,-0.6011986994762051,-0.7102381895223282,0.004800889433867314,0.719862877016068,0.3470990778211179,0.007522637552660297,0.13564882139585924,1.2101334137857054
2.4107142857142856,-1.358227077938077,-0.945060187840386,1.358227077938077,0.945060187840386,0.029929233210445723,-0.8382797212844529,-0.008441564827643886,-0.00026621146267705615,0.01336097806845637,-0.015022759307626324,-0.6038713138017382,-0.7097637292684693,0.004656103942401633,0.7235811361332153,0.34795184747512037,0.007009919189533969,0.13159051098783478,1.2101334137857043
2.4171428571428573,-1.3584738803922376,-0.9505298846347066,1.3584738803922376,0.9505298846347066,0.02708515297772483,-0.8421665497583523,-0.00789237265070625,-0.00047164667994634943,0.013044389367927102,-0.014561485371259538,-0.6064862010376022,-0.7092768615910069,0.004514204878151394,0.7272175840825745,0.3487732633220281,0.006531236072150643,0.127611330308952,1.2101334137857052
2.4235714285714285,-1.358732232435183,-0.9560126160167811,1.358732232435183,0.9560126160167811,0.02423082758554737,-0.8460515381002909,-0.0073544612114486325,-0.0006711016022920401,0.012746210365388345,-0.014120356417529985,-0.6090435608151659,-0.708778773732986,0.00437520580383211,0.7307723481444428,0.3495638743109643,0.006085429218104174,0.12371176211219456,1.210133413785706
2.43,-1.3590018084542985,-0.9615080360292142,1.3590018084542985,0.9615080360292142,0.021366505960431565,-0.8499345599545352,-0.006827674531090215,-0.0008647724041756441,0.012466524573544047,-0.013699449827065231,-0.6115436411954376,-0.7082706125465859,0.004239117210787647,0.7342456473576279,0.3503242510174237,0.005671314657123456,0.11989220075353031,1.2101334137857054
2.4364285714285714,-1.359282288848306,-0.9670158037791363,1.359282288848306,0.9670158037791363,0.018492435061806336,-0.8538154952793804,-0.006311870362979465,-0.0010528441935999772,0.012205340027555892,-0.01329877437116821,-0.613986737245541,-0.70775348451955,0.004105946480595261,0.7376377892850456,0.35105498520558304,0.005287688359007857,0.11615295093606924,1.2101334137857058
2.4428571428571426,-1.359573360064855,-0.9725355835485475,1.359573360064855,0.9725355835485475,0.015608859654682547,-0.857694230420755,-0.005806921287086372,-0.001235490872952864,0.01196259016441219,-0.012918271658276869,-0.6163731895266735,-0.7072284558796248,0.0039756978638076325,0.740949166659387,0.3517566892546181,0.004933330889537516,0.1124942269821611,1.2101334137857038
2.4492857142857143,-1.3598747146316692,-0.9780670448972975,1.3598747146316692,0.9780670448972975,0.012716022085103841,-0.8615706581800944,-0.005312715539064182,-0.0014128749948722555,0.011738135063787212,-0.012557817751385257,-0.6187033825033752,-0.7066965527721143,0.003848372475674312,0.7441802539235127,0.35242999544271664,0.004607011794013575,0.10891615262546232,1.2101334137857052
2.4557142857142855,-1.3601860511811914,-0.9836098627585274,1.3601860511811914,0.9836098627585274,0.009814162059778076,-0.8654446778753745,-0.0048291575661925604,-0.001585147606255024,0.011531763048426055,-0.012217224941983264,-0.62097774288408,-0.7061587615055767,0.0037239683083212147,0.7473316036807625,0.35307555508579713,0.004307493715589908,0.10541876130355537,1.2101334137857047
2.462142857142857,-1.3605070744686822,-0.9891637175264244,1.3605070744686822,0.9891637175264244,0.00690351643131758,-0.8693161953941855,-0.0043561683040749186,-0.0017524480734401181,0.011343192639641212,-0.011896243666180738,-0.6231967379028137,-0.705616028860675,0.003602480258732206,0.7504038430705221,0.3536940375290819,0.0040335362583015216,0.10200199692779974,1.2101334137857052
2.4685714285714284,-1.3608374953837918,-0.994728295136174,1.3608374953837918,0.994728295136174,0.003984318990525321,-0.8731851232377109,-0.003893685176143656,-0.0019149038878542059,0.011172074858843396,-0.01159456455219778,-0.6253608735517491,-0.7050692624572253,0.0034839001715449235,0.7533976700844421,0.3542861289937608,0.00378389961072523,0.09866571509677766,1.2101334137857058
2.475,-1.3611770309556357,-1.000303287136043,1.3611770309556357,1.000303287136043,0.0010568002671263593,-0.877051380554526,-0.0034416618197784256,-0.0020726304516315475,0.011017995863486835,-0.011311820588840997,-0.6274706927739561,-0.7045193311745904,0.0033682168956077198,0.7563138498384145,0.35485253128229255,0.003557347946868488,0.09540968471812965,1.2101334137857052
2.4814285714285713,-1.3615254043514453,-1.0058883907515437,1.3615254043514453,1.0058883907515437,-0.001878812659693749,-0.8809148931631541,-0.0030000675492283927,-0.002225730847413897,0.01088047990173935,-0.011047589407396165,-0.629526773625261,-0.7039670656207112,0.003255416353054291,0.7591532108150207,0.3553939603492589,0.003352652623498807,0.09223358999792748,1.2101334137857058
2.487857142857143,-1.3618823448688941,-1.011483308941682,1.3618823448688941,1.011483308941682,-0.004822296339669227,-0.8847755935623969,-0.002568886569454102,-0.0023742955989862666,0.010758992567025876,-0.010801395671034554,-0.631529727413609,-0.7034132586452739,0.003145481619580397,0.7619166410905936,0.35591114474699004,0.00316859519316002,0.08913703275496045,1.2101334137857043
2.494285714285714,-1.3622475879222187,-1.0170877504473008,1.3622475879222187,1.0170877504473008,-0.007773431117570423,-0.8886334209285369,-0.0021481169580807903,-0.0025184024311024032,0.01065294433078509,-0.010572713567136714,-0.6334801968236842,-0.7028586658927594,0.003038393014588234,0.7646050845602657,0.3564048239570722,0.003003970251111681,0.08611953501725592,1.2101334137857052
2.500714285714286,-1.3626208750222872,-1.0227014298315822,1.3626208750222872,1.0227014298315822,-0.010732001285997949,-0.8924883210986074,-0.0017377694383903372,-0.002658116041203875,0.010561694328210136,-0.010360969400565207,-0.6353788540339705,-0.7023040063913906,0.002934128199787297,0.7672195371736548,0.3568757466219421,0.0028575881338997106,0.08318054185620818,1.2101334137857047
2.507142857142857,-1.3630019537507745,-1.0283240675127698,1.3630019537507745,1.0283240675127698,-0.013697795223937532,-0.8963402465390562,-0.001337865966392831,-0.002793487894770562,0.01048455437025922,-0.01016554428582719,-0.637226398832681,-0.7017499631743278,0.0028326622849523973,0.7697610431928407,0.3573246686912587,0.0027282774837589776,0.08031942441784692,1.2101334137857052
2.5135714285714283,-1.3633905777286317,-1.033955389789227,1.3633905777286317,1.033955389789227,-0.016670605520311268,-0.9001891562992519,-0.0009484381609879503,-0.0029245560607889945,0.01042079315187172,-0.009985776938817005,-0.6390235567384118,-0.7011971839297642,0.002733967939490391,0.7722306914834851,0.35775235150086626,0.0026148876916991938,0.07753548310965522,1.2101334137857058
2.52,-1.3637865065790444,-1.0395951288569376,1.3637865065790444,1.0395951288569376,-0.019650229081932848,-0.9040350159494325,-0.0005695256053523338,-0.003051345102089198,0.010369640625602018,-0.009820966568237343,-0.6407710771306507,-0.7006462816769357,0.002638015508624839,0.7746296118489147,0.3581595598020794,0.002516291227798912,0.07482795090691223,1.2101334137857052
2.5264285714285712,-1.3641895058850877,-1.0452430228195906,1.3641895058850877,1.0452430228195906,-0.02263646722545202,-0.9078777975028514,-0.00020117405087386348,-0.0031738660375479795,0.010330292507921094,-0.009670375868142966,-0.6424697313946919,-0.700097835465392,0.0025447731330494553,0.7769589714161258,0.3585470597607389,0.002431385864578196,0.072195996744263,1.2101334137857058
2.532857142857143,-1.364599347142291,-1.0508988156914103,1.364599347142291,1.0508988156914103,-0.025629125753058535,-0.911717479322032,0.00015656644462715434,-0.003292116392840229,0.01030191488469499,-0.009533234113028578,-0.6441203110849404,-0.6995523910952006,0.002454206871019729,0.7792199710817769,0.3589156169458561,0.0023590967956829477,0.06963872896238821,1.2101334137857043
2.539285714285714,-1.3650158077063395,-1.056562257392883,1.3650158077063395,1.056562257392883,-0.028628015011901837,-0.9155540460092105,0.0005036434135472086,-0.0034060803549152497,0.010283648882386,-0.009408740356142512,-0.6457236261100396,-0.6990104618560884,0.002366280821993221,0.7814138420253584,0.3592659943273079,0.0022983786485514164,0.0671551987844878,1.2101334137857054
2.545714285714286,-1.3654386707361335,-1.0622331037395794,1.3654386707361335,1.0622331037395794,-0.03163294993736702,-0.9193874882812038,0.0008400038774123522,-0.0035157290465206814,0.01027461537069551,-0.009296066732270288,-0.6472805029428708,-0.6984725292837902,0.0022809572509934583,0.7835418422960345,0.35959895030290534,0.0022482173872006702,0.06474440379956403,1.2101334137857047
2.552142857142857,-1.3658677251324345,-1.0679111164242396,1.3658677251324345,1.0679111164242396,-0.03464375008053032,-0.9232178028291051,0.0011655962197613782,-0.003621020932479009,0.010273919664257477,-0.009194361863704887,-0.648791782858017,-0.6979390439321631,0.0021981967130708393,0.7856052534788553,0.3599152367729889,0.0022076320977985416,0.0624052914360624,1.2101334137857052
2.5585714285714287,-1.366302765472331,-1.073596062992342,1.366302765472331,1.073596062992342,-0.03766023962028471,-0.9270449921633579,0.0014803720028354816,-0.0037219023708314316,0.010280656190529138,-0.009102754368660123,-0.6502583201990619,-0.6974104261598133,0.0021179581772651705,0.7876053774455164,0.3602155972814681,0.0021756766482379933,0.060136762410483095,1.2101334137857058
2.565,-1.3667435919397464,-1.07928771681134,1.3667435919397464,1.07928771681134,-0.040682247360784976,-0.9308690644449022,0.0017842877031635155,-0.0038183083166105584,0.010293913093757549,-0.009020356468314606,-0.6516809806777947,-0.6968870669301915,0.002040199149655926,0.7895435331942193,0.36050076523943786,0.002151441210587281,0.057937674141460574,1.2101334137857052
2.571428571428571,-1.3671900102522234,-1.0849858570337985,1.3671900102522234,1.0849858570337985,-0.04370960671501048,-0.9346900333032255,0.0020773063419552784,-0.003910163184985294,0.010312776745962003,-0.008946267687799728,-0.6530606397072658,-0.6963693286242302,0.0019648757951414406,0.7914210537827698,0.36077146224680934,0.002134053634608205,0.055806844121518144,1.2101334137857054
2.577857142857143,-1.3676418315842067,-1.0906902685546398,1.3676418315842067,1.0906902685546398,-0.04674215567536085,-0.9385079176422529,0.0023593989896546026,-0.003997381877069677,0.010336336138195979,-0.008879578644259041,-0.6543981807705245,-0.6958575458646937,0.0018919430576859605,0.7932392833586306,0.3610283965253598,0.0021226806599694984,0.0537430532417442,1.210133413785704
2.584285714285714,-1.3680988724870495,-1.096400741962722,1.3680988724870495,1.096400741962722,-0.04977973677231356,-0.9423227414351286,0.00263054612845828,-0.004079870967348544,0.01036368712835322,-0.008819374912373692,-0.6556944938268096,-0.6953520263514649,0.001821354778866991,0.7949995742893147,0.3612722614739886,0.002116528954908208,0.05174504906749365,1.210133413785705
2.5907142857142857,-1.3685609548059676,-1.1021170734869954,1.3685609548059676,1.1021170734869954,-0.052822197022255254,-0.946134533509007,0.002890738857963824,-0.004157530050372243,0.010393936523438828,-0.008764740956637809,-0.6569504737569828,-0.6948530517069823,0.0017530638145696836,0.7967032843962347,0.36150373435587846,0.002114845970140133,0.049811549063451505,1.2101334137857047
2.597142857142857,-1.369027905594156,-1.1078390649374577,1.369027905594156,1.1078390649374577,-0.05586938786565397,-0.949943327321045,0.0031399799360972667,-0.004230253237773477,0.010426205978663774,-0.008714764115682005,-0.6581670188499988,-0.6943608783310233,0.0016870221497819124,0.7983517742948605,0.36172347512326564,0.002116920597968817,0.04794124376961022,1.2101334137857052
2.6035714285714286,-1.3694995570242932,-1.1135665236411654,1.3694995570242932,1.1135665236411654,-0.05892116509678919,-0.9537491607268236,0.00337828464783163,-0.004297930796468425,0.010459635697094388,-0.00866853862341226,-0.6593450293322821,-0.6938757382639426,0.0016231810114067787,0.799946404843853,0.3619321253848779,0.00212208362875417,0.04613279992822033,1.2101334137857054
2.61,-1.3699757462976396,-1.1192992623735414,1.3699757462976396,1.1192992623735414,-0.06197738878625704,-0.9575520757424462,0.0036056815010200925,-0.004360450912637349,0.01049338791810837,-0.008625169647945862,-0.6604854059419281,-0.6933978400573854,0.0015614909790828083,0.8014885347056243,0.3621303075171356,0.0021297079990897495,0.04438486356385537,1.210133413785705
2.6164285714285715,-1.3704563155509546,-1.1250370992852405,1.3704563155509546,1.1250370992852405,-0.06503792319747217,-0.9613521183015733,0.003822212750595321,-0.0044177015645555165,0.010526650185143038,-0.008583777328121222,-0.6615890485497276,-0.6929273696513646,0.0015019020939728088,0.8029795180206042,0.3623186239187358,0.0021392088289074684,0.04269606301745806,1.2101334137857054
2.6228571428571428,-1.3709411117614347,-1.130779857824828,1.3709411117614347,1.130779857824828,-0.06810263669834586,-0.9651493380086177,0.004027934756328954,-0.004469572483975184,0.010558638386415894,-0.008543500785215014,-0.6626568548290578,-0.6924644912564533,0.0014443639654858381,0.8044207021972802,0.3624976564057283,0.0021500432476730335,0.04106501193502273,1.2101334137857043
2.6292857142857144,-1.3714299866498918,-1.1365273666575437,1.3714299866498918,1.1365273666575437,-0.07117140166927266,-0.9689437878893055,0.0042229181835017286,-0.004515957182287231,0.010588599565649384,-0.008503502085361155,-0.6636897189767353,-0.6920093482396857,0.0013888258758954547,0.8058134258198978,0.3626679657415766,0.002161710013025856,0.0394903122112048,1.2101334137857052
2.6357142857142857,-1.3719227965823786,-1.1422794595804178,1.3719227965823786,1.1422794595804178,-0.07424409440848646,-0.9727355241397371,0.004407248056832546,-0.004556755017271987,0.010615814501547506,-0.008462970127741335,-0.6646885304869204,-0.6915620640126151,0.0013352368827667912,0.8071590166754349,0.3628300912957209,0.002173748928359874,0.03797055688618896,1.2101334137857047
2.642142857142857,-1.37241940247047,-1.148035975434021,1.37241940247047,1.148035975434021,-0.07732059503575076,-0.9765246058750269,0.004581023683235941,-0.0045918732719477315,0.010639600058601609,-0.008421124431218539,-0.6656541729801665,-0.6911227429198118,0.00128354591912021,0.808458789901255,0.36298455082104264,0.002185740069066127,0.03650433299434137,1.210133413785705
2.6485714285714286,-1.3729196696704102,-1.1537967580111275,1.3729196696704102,1.1537967580111275,-0.08040078739525451,-0.9803110948785069,0.004744358458150971,-0.004621229218486798,0.010659311312510774,-0.008377218792848556,-0.6665875230896176,-0.690691471125959,0.0012337018911875702,0.8097140462544983,0.3631318403406434,0.0021973028300035645,0.03509022436056004,1.2101334137857054
2.655,-1.3734234678813333,-1.159561655962573,1.3734234678813333,1.159561655962573,-0.08348455895845748,-0.9840950553523894,0.004897379574237135,-0.004644752137137549,0.010674343456611276,-0.008330544790213595,-0.6674894494062823,-0.6902683174995647,0.0011856537736244803,0.810926070503983,0.3632724341319131,0.00220809480959422,0.03372681434021484,1.2101334137857052
2.6614285714285715,-1.3739306710427601,-1.1653305227006086,1.3739306710427601,1.1653305227006086,-0.0865718007275159,-0.9878765536706867,0.005040227650817371,-0.004662385261331724,0.010684133496480614,-0.008280435100410629,-0.6683608114851518,-0.689853334491216,0.0011393507019921204,0.8120961299449999,0.36340678479575195,0.002217810548236582,0.032412688496716774,1.2101334137857054
2.6678571428571427,-1.374441157231578,-1.1711032163000243,1.374441157231578,1.1711032163000243,-0.08966240713978074,-0.991655658135068,0.005173056303388483,-0.004674087620191522,0.01068816174122906,-0.008226266608901092,-0.6692024589137384,-0.6894465590042191,0.001094742062303806,0.8132254730369858,0.3635353233980723,0.002226180140699734,0.03114643720994675,1.2101334137857047
2.6742857142857144,-1.3749548085587064,-1.1768795993973504,1.3749548085587064,1.1768795993973504,-0.092756275973732,-0.9954324387342335,0.005296031673112577,-0.004679835750115082,0.010685953101078728,-0.00816746328220796,-0.6700152304444006,-0.6890480132554209,0.001051777577416613,0.814315328163652,0.36365845967019317,0.002232967743750546,0.029926658208109216,1.210133413785705
2.6807142857142856,-1.375471511065644,-1.182659539088416,1.375471511065644,1.182659539088416,-0.09585330825658551,-0.9992069669072695,0.005409331934352695,-0.004679625249881138,0.010677078200555969,-0.008103498780480261,-0.6707999531915171,-0.688657705623997,0.0010104073900171588,0.815366902514651,0.36377658225554654,0.0022379700011029005,0.02875195901440428,1.210133413785705
2.6871428571428573,-1.375991154621096,-1.1884429068245654,1.375991154621096,1.1884429068245654,-0.0989534081736721,-1.0029793153113455,0.00551314679915898,-0.004673472154099501,0.010661154317607075,-0.00803389878701168,-0.6715574418943115,-0.6882756314860007,0.0009705821419618335,0.8163813810874373,0.36389005898960924,0.002241014408514788,0.027620959300143685,1.2101334137857052
2.6935714285714285,-1.3765136328178729,-1.1942295783078085,1.3765136328178729,1.1942295783078085,-0.1020564829795815,-1.0067495575940066,0.005607677034121955,-0.0046614141042234875,0.010637846157632922,-0.007958243034912384,-0.6722884982457545,-0.6879017740325268,0.0009322530497058868,0.8173599258074387,0.36399923720173744,0.002241957641540455,0.0265322931349886,1.210133413785705
2.6999999999999997,-1.3770388428702476,-1.2000194333852032,1.3770388428702476,1.2000194333852032,-0.10516244291094737,-1.0105177681702326,0.005693134004797554,-0.004643511297807427,0.010606866471660203,-0.007876167013021315,-0.672993910287651,-0.687536105069422,0.0008953719755777013,0.818303674764206,0.36410444402774655,0.002240683868139492,0.025484611125613014,1.210133413785705
2.7064285714285714,-1.3775666855119504,-1.2058123559427318,1.3775666855119504,1.2058123559427318,-0.1082712011006534,-1.0142840220043354,0.005769739259591701,-0.004619847201028499,0.010567976526436196,-0.007787363336517105,-0.6736744518716277,-0.6871785857965921,0.0008598914946531733,0.8192137415606888,0.36420598672388266,0.0022371030671472733,0.024476582433986212,1.2101334137857052
2.7128571428571426,-1.3780970648949804,-1.2116082337989516,1.3780970648949804,1.2116082337989516,-0.11138267349316545,-1.0180483943967127,0.005837724162722045,-0.004590529012894397,0.010520986433227955,-0.00769158277070787,-0.6743308821853695,-0.6868291675651007,0.0008257649570054331,0.8200912147723188,0.3643041529741557,0.002231149372150771,0.023506896667079266,1.2101334137857045
2.7192857142857143,-1.378629888489396,-1.2174069585986818,1.378629888489396,1.2174069585986818,-0.11449677876062456,-1.021810960775408,0.005897329583398441,-0.004555687873204534,0.010465755340913811,-0.007588634899789081,-0.674963945343075,-0.6864877926104216,0.0007929465451301544,0.8209371575121255,0.36439921118450197,0.0022227794584966185,0.02257426563058089,1.2101334137857052
2.7257142857142855,-1.3791650669842466,-1.2232084257069704,1.3791650669842466,1.2232084257069704,-0.11761343821929313,-1.0255717964923843,0.005948805644547651,-0.004515478811144263,0.010402191497041875,-0.007478388436158513,-0.6755743700387215,-0.686154394760403,0.0007613913263678631,0.8217526070976653,0.36449141075943725,0.00221197098872673,0.021677424939875335,1.2101334137857045
2.732142857142857,-1.3797025141897963,-1.2290125341035916,1.3797025141897963,1.2290125341035916,-0.12073257574592,-1.0293309766243999,0.005992411532548965,-0.004470080434503333,0.010330252179508035,-0.007360771169127213,-0.6761628692603876,-0.6858289001167063,0.0007310553001871722,0.8225385748151686,0.3645809823581424,0.0021987211294881037,0.020815135482905745,1.210133413785705
2.7385714285714284,-1.3802421469411759,-1.2348191862782907,1.3802421469411759,1.2348191862782907,-0.12385411769358107,-1.0330885757783541,0.00602841536507987,-0.004419694364787739,0.010249943499242464,-0.007235769555933566,-0.6767301400635294,-0.6855112277087116,0.0007018954402188951,0.8232960457759224,0.3646681381294608,0.0021830451499303253,0.019986184730391297,1.2101334137857047
2.745,-1.380783885003597,-1.240628288127003,1.380783885003597,1.240628288127003,-0.1269779928065703,-1.036844667900989,0.0060570941123184755,-0.004364544426543615,0.010161320073219522,-0.007103427961211611,-0.6772768634008054,-0.6852012901191058,0.0006738697309796143,0.8240259788596308,0.36475307192660744,0.0021649751090170284,0.019189387890449387,1.2101334137857045
2.7514285714285713,-1.3813276509792474,-1.246439748849234,1.3813276509792474,1.246439748849234,-0.13010413213393948,-1.0405993260928357,0.0060787335632287165,-0.004304875603676946,0.010064484565238343,-0.006963847554807066,-0.6778037040057622,-0.6848989940806127,0.0006469371992592747,0.824729306739203,0.3648359595045477,0.00214455863610099,0.01842358890585307,1.2101334137857045
2.757857142857143,-1.3818733702159725,-1.2522534808467967,1.3818733702159725,1.2522534808467967,-0.13323246894134547,-1.044352622426352,0.006093628326258667,-0.004240952778958354,0.009959587090608324,-0.006817184881085723,-0.6783113103274526,-0.6846042410435503,0.0006210579401918239,0.8254069359812373,0.36491695870459495,0.002121857806261929,0.017687661293610078,1.2101334137857043
2.7642857142857142,-1.3824209707178405,-1.258069399624064,1.3824209707178405,1.258069399624064,-0.13636293862091903,-1.0481046277682267,0.006102081851775575,-0.004173059275909411,0.009846824479802584,-0.0066636501159262635,-0.6788003145128476,-0.6843169277141374,0.0005961931380725602,0.826059747216303,0.36499620963217394,0.0020969481092144473,0.01698050882801325,1.2101334137857047
2.7707142857142855,-1.3829703830576776,-1.2638874236899003,1.3829703830576776,1.2638874236899003,-0.13949547859896094,-1.0518554116059025,0.006104406460932493,-0.004101495225716729,0.009726439394802286,-0.006503505030628577,-0.6792713324337486,-0.684036946563683,0.0005723050820233191,0.8266885953730377,0.3650738348353804,0.0020699175077399223,0.016301066069546316,1.2101334137857045
2.777142857142857,-1.3835215402916399,-1.2697074744613976,1.3835215402916399,1.2697074744613976,-0.1426300282413569,-1.0556050418784315,0.0061009233651514476,-0.004026575783321874,0.00959871929165116,-0.006337060684161955,-0.6797249637547795,-0.6837641863090065,0.000549357176653899,0.8272943099700382,0.3651499394925617,0.002040865579526621,0.015648298743578152,1.210133413785705
2.7835714285714284,-1.3840743778758868,-1.2755294761695402,1.3840743778758868,1.2755294761695402,-0.1457665287567086,-1.0593535848118576,0.006091962658204732,-0.003948629219720876,0.009463995221745982,-0.006164674867698926,-0.6801617920389641,-0.6834985323646193,0.0005273139478990445,0.8278776954595423,0.36522461161855624,0.0020099027338051235,0.015021203973801273,1.2101334137857052
2.79,-1.3846288335854038,-1.2813533557669043,1.3846288335854038,1.2813533557669043,-0.14890492309729286,-1.063101104759411,0.006077863263277449,-0.003867994917978097,0.009322640464809198,-0.005986749326792621,-0.6805823848873617,-0.6832398672673734,0.0005061410442518861,0.8284395316169774,0.36529792229928804,0.001977149492703806,0.01441881037673549,1.2101334137857047
2.7964285714285713,-1.3851848474350044,-1.2871790428374708,1.3851848474350044,1.2871790428374708,-0.15204515585806586,-1.0668476640468731,0.006058972816703198,-0.0037850213017903292,0.00917506898644154,-0.0058037267881059455,-0.6809872941092372,-0.6829880710744314,0.000485805233642751,0.8289805739705682,0.36536992596497503,0.0019427358256174688,0.013840178024544148,1.2101334137857047
2.802857142857143,-1.3857423616025475,-1.2930064695086307,1.3857423616025475,1.2930064695086307,-0.15518717317405462,-1.0705933228235756,0.006035647470616359,-0.0037000637255452285,0.009021733713817098,-0.005616087818460107,-0.6813770559192945,-0.6827430217355375,0.0004662743962408432,0.8295015542653804,0.36544066071209536,0.0019068005238734296,0.013284398284355353,1.2101334137857045
2.809285714285714,-1.3863013203543715,-1.298835570365433,1.3863013203543715,1.298835570365433,-0.1583309226165827,-1.0743381389195623,0.006008251598060914,-0.0036134823541318205,0.008863124624271005,-0.005424347544269931,-0.6817521911585792,-0.6825045954406764,0.0004475175134819462,0.830003180956378,0.36551014868369724,0.0018694906025013306,0.01275059354312829,1.2101334137857047
2.815714285714286,-1.3868616699729615,-1.30466628236712,1.3868616699729615,1.30466628236712,-0.16147635308889052,-1.07808216770954,0.005977157384713926,-0.003525640060602963,0.008699766642374101,-0.005229052259818574,-0.6821132055357818,-0.6822726669442797,0.0004295046536395196,0.8304861397253444,0.36557839651740165,0.0018309607153733016,0.012237916827585292,1.2101334137857045
2.822142857142857,-1.3874233586868319,-1.3104985447659714,1.3874233586868319,1.3104985447659714,-0.16462341472180428,-1.0818254619843002,0.005942744294412121,-0.00343690036728915,0.008532217343397368,-0.005030775951895839,-0.6824605898858105,-0.6820471098672026,0.0004122069542772764,0.8309510940167835,0.3656453958688633,0.0017913725706409675,0.011745551329416895,1.2101334137857045
2.8285714285714287,-1.3879863366026197,-1.3163322990284825,1.3879863366026197,1.3163322990284825,-0.16777205877020068,-1.0855680718303664,0.0059053983966898815,-0.003347625455247431,0.00836106446225745,-0.0048301167681320395,-0.6827948204426826,-0.6818277969777207,0.00039559660192349554,0.8313986855882523,0.36571112401792705,0.0017508943334673527,0.01127270984605822,1.2101334137857047
2.835,-1.3885505556393574,-1.3221674887588646,1.3885505556393574,1.3221674887588646,-0.17092223751108182,-1.0893100445186636,0.005865511548306421,-0.003258174263542743,0.00818692320987709,-0.004627693454661226,-0.6831163591239727,-0.6816146004528085,0.00037964680931807103,0.8318295350708965,0.36577554456264133,0.0017097000044672128,0.010818634147699607,1.2101334137857047
2.841428571428571,-1.3891159694649018,-1.3280040596248737,1.3891159694649018,1.3280040596248737,-0.1740739041441407,-1.0930514244030431,0.005823480423049814,-0.003168900697757441,0.008010433400926721,-0.0044241417875704545,-0.6834256538242666,-0.6814073921209568,0.00036433179057945457,0.8322442425363233,0.36583860820498404,0.0016679687633062456,0.010382594281091102,1.210133413785705
2.847857142857143,-1.389682533434475,-1.3338419592859387,1.389682533434475,1.3338419592859387,-0.1772270126957285,-1.0967922528295146,0.005779705387450863,-0.0030801519639720404,0.00783225639956599,-0.004220111020756714,-0.6837231387152904,-0.6812060436877477,0.000349626734635113,0.832643388066305,0.3659002536302318,0.0016258842685618422,0.009963887820605687,1.2101334137857043
2.854285714285714,-1.3902502045312788,-1.3396811373235649,1.3902502045312788,1.3396811373235649,-0.1803815179271609,-1.100532568057032,0.005734589223824379,-0.002992267040790773,0.007653071892769065,-0.004016260370548635,-0.6840092345506179,-0.681010426945377,0.0003355077772522001,0.833027532322171,0.36596040847971334,0.0015836339069969208,0.00956183907682322,1.2101334137857045
2.8607142857142858,-1.3908189413091372,-1.3455215451739837,1.3908189413091372,1.3455215451739837,-0.1835373752483034,-1.104272405190676,0.0056885357046959385,-0.0029055752993704794,0.007473574503059229,-0.0038132555557271255,-0.6842843489730824,-0.6808204139672417,0.0003219519719887918,0.8333972171111194,0.3660189904151049,0.0015414079870885652,0.009175798272391717,1.2101334137857045
2.867142857142857,-1.3913887038371058,-1.3513631360629987,1.3913887038371058,1.3513631360629987,-0.1866945406373418,-1.108011796128023,0.0056419480273339805,-0.002820395276741894,0.007294470255983221,-0.0036117654085464994,-0.6845488768232603,-0.680635877288655,0.00030893726037560157,0.8337529659470323,0.36607590826966496,0.001499398874400558,0.008805140694606825,1.2101334137857047
2.8735714285714287,-1.3919594536460047,-1.357205864942989,1.3919594536460047,1.357205864942989,-0.18985297056762118,-1.111750769519445,0.005595227119257759,-0.002737033605448971,0.007116472919571629,-0.0034124585706998526,-0.6848032004476108,-0.6804566900746655,0.0002964424416133324,0.8340952846037362,0.3661310632804745,0.001457800068116963,0.008449265833376891,1.2101334137857043
2.88,-1.3925311536768084,-1.3630496884320122,1.3925311536768084,1.3630496884320122,-0.19301262194235416,-1.1154893507430124,0.005548769829938532,-0.0026557840980380716,0.0069403002362923094,-0.003216000285103557,-0.6850476900050797,-0.6802827262758805,0.0002844471420544223,0.8344246616589788,0.3661843503931142,0.0014168052208766344,0.008107596512734839,1.2101334137857045
2.8864285714285716,-1.393103768230839,-1.3688945647549593,1.393103768230839,1.3688945647549593,-0.196173452037934,-1.1192275618945742,0.005502967026311643,-0.0025769269822934456,0.006766670070013321,-0.003023049292379815,-0.6852827037711771,-0.6801138607731059,0.0002729317847115528,0.8347415690277149,0.3662356596287004,0.0013766071060553665,0.007779578023233955,1.2101334137857045
2.892857142857143,-1.3936772629216987,-1.374740453686697,1.3936772629216987,1.374740453686697,-0.19933541845647648,-1.122965421793487,0.005458201612624471,-0.002500728279929783,0.006596296492761215,-0.0028342548385545036,-0.6855085884387316,-0.6799499695115293,0.0002618775590112253,0.8350464624835897,0.3662848775013819,0.0013373965389172626,0.00746467726181554,1.2101334137857045
2.899285714285714,-1.3942516046288864,-1.3805873164971452,1.3942516046288864,1.3805873164971452,-0.20249847908810317,-1.1267029460043425,0.005414846497801733,-0.0024274393184298563,0.006429885838119498,-0.00265025379816087,-0.685725679414705,-0.6797909296250874,0.000251266390985907,0.83533978216778,0.3663318884727102,0.0012993612602500032,0.0071623818849642935,1.2101334137857045
2.9057142857142857,-1.3948267614530296,-1.386435115898225,1.3948267614530296,1.386435115898225,-0.20566259208335103,-1.130440146874907,0.005373262534878866,-0.0023572963639635243,0.006268132749294128,-0.002471667915423144,-0.6859343011125982,-0.6796366195515797,0.00024108091406953243,0.8356219530846006,0.36637657642836513,0.0012626847926665136,0.006872199480072208,1.2101334137857045
2.912142857142857,-1.3954027026726818,-1.3922838159926167,1.3954027026726818,1.3922838159926167,-0.20882771583593876,-1.1341770335903354,0.005333796459353859,-0.002290520360520692,0.0061117162515476955,-0.0022991011639359703,-0.6861347672401349,-0.6794869191390104,0.00023130444063792444,0.8358933855835055,0.366418826161232,0.0012275452817545312,0.006593656759212468,1.2101334137857043
2.9185714285714286,-1.3959793987026203,-1.3981333822242739,1.3959793987026203,1.3981333822242739,-0.2119938089759922,-1.1379136122435851,0.005296778853439875,-0.0022273167597807726,0.005961295878954362,-0.00213313722443559,-0.6863273810820155,-0.6793417097435727,0.00022192093440657066,0.8361544758273066,0.366458524844621,0.0011941143351582666,0.006326298778618905,1.210133413785705
2.925,-1.3965568210535892,-1.4039837813306235,1.3965568210535892,1.4039837813306235,-0.21516083037364941,-1.1416498859217736,0.005262522164355682,-0.0021678754244770517,0.005817507886195828,-0.0019743370786375744,-0.6865124357776465,-0.6792008743196275,0.00021291498377581797,0.8364056062465945,0.36649556347861917,0.0011625558740141933,0.006069688186476771,1.2101334137857045
2.9314285714285715,-1.3971349422934345,-1.4098349812964064,1.3971349422934345,1.4098349812964064,-0.21832873915283113,-1.1453858548080873,0.005231318804259392,-0.002112370587943153,0.005680961575752913,-0.0018232367166098288,-0.686690214593829,-0.6790642975019742,0.00020427177618812724,0.8366471459804932,0.36652983829276603,0.0011330250116003142,0.005823404500845228,1.2101334137857045
2.9378571428571427,-1.3977137360095757,-1.4156869513090888,1.3977137360095757,1.4156869513090888,-0.22149749471479124,-1.149121516298667,0.005203439358931346,-0.002060960852366,0.0055522357703913575,-0.001680344954577099,-0.6868609911924535,-0.6789318656806631,0.00019597707354046778,0.8368794513039798,0.3665612520884405,0.0011056669744143454,0.005587043418869941,1.2101334137857045
2.9442857142857144,-1.3982931767727653,-1.4215396617158031,1.3982931767727653,1.4215396617158031,-0.2246670567709165,-1.152856865133757,0.0051791309311725675,-0.0020137892086650056,0.005431875459848787,-0.0015461413598217737,-0.6870250298933037,-0.6788034670685696,0.00018801718867468434,0.837102866042104,0.36658971550493724,0.0010806160808381805,0.005360216157825281,1.210133413785705
2.9507142857142856,-1.3988732401020867,-1.427393083981751,1.3988732401020867,1.427393083981751,-0.22783738538410164,-1.1565918935422463,0.005158615642988505,-0.001970983062122914,0.005320388649124482,-0.0014210742796961317,-0.6871825859320929,-0.6786789917619158,0.00018037896294978705,0.8373177219714925,0.36661514819426233,0.0010579947919995068,0.005142548827950444,1.2101334137857047
2.9571428571428573,-1.3994539024311439,-1.4332471906500317,1.3994539024311439,1.4332471906500317,-0.23100844101788842,-1.1603265913985927,0.005142089318662673,-0.001932654248989696,0.005218243434001979,-0.001305558971975642,-0.6873339057138865,-0.6785583317939118,0.00017304974488481246,0.8375243392095754,0.36663747989079887,0.0010379128487475135,0.004933681836582892,1.2101334137857047
2.9635714285714285,-1.4000351410754026,-1.439101955302836,1.4000351410754026,1.439101955302836,-0.23418018459244333,-1.164060946390992,0.005129720367937851,-0.0018988990314376863,0.005125865327128666,-0.0011999758347838636,-0.6874792270620637,-0.6784413811816783,0.000166017369846287,0.8377230265919952,0.366656651363664,0.0010204665073918905,0.004733269322653565,1.2101334137857047
2.9699999999999998,-1.4006169342006374,-1.444957352523967,1.4006169342006374,1.444957352523967,-0.2373525775463466,-1.167794944199548,0.005121648885682091,-0.0018697980601627996,0.0050436348554489694,-0.0011046687350947093,-0.6876187794629663,-0.678328035966607,0.00015927014074353416,0.8379140820386626,0.3666726152412575,0.001005737885493957,0.004540978620290517,1.2101334137857045
2.9764285714285714,-1.4011992607924477,-1.4508133578626383,1.4011992607924477,1.4508133578626383,-0.24052558190307546,-1.1715285686830978,0.005117985980926222,-0.0018454162965852343,0.0049718854468682756,-0.0010199434361445635,-0.6877527843063763,-0.6782181942483221,0.0001527968096855333,0.8380977929089236,0.36668533669957404,0.0009937944272075002,0.00435648974999942,1.2101334137857045
2.9828571428571427,-1.4017821006268085,-1.4566699477985086,1.4017821006268085,1.4566699477985086,-0.2436991603410103,-1.1752618020732668,0.00511881334463388,-0.0018258028892341293,0.004910901620957117,-0.0009460661253853444,-0.6878814551219332,-0.6781117562124154,0.00014658656054638167,0.8382744363462807,0.36669479400796506,0.000984688495756977,0.004179494935701739,1.2101334137857045
2.9892857142857143,-1.4023654342416148,-1.4625270997079163,1.4023654342416148,1.4625270997079163,-0.2468732762657468,-1.1789946251742836,0.005124183061696665,-0.0018109910018160695,0.004860917495094705,-0.0008832620460860315,-0.6880049978115899,-0.6780086241521394,0.0001406289923816323,0.8384442796130852,0.36670097892837183,0.0009784570984655598,0.0040096981457820235,1.2101334137857045
2.9957142857142856,-1.4029492429091937,-1.4683847918312662,1.4029492429091937,1.4683847918312662,-0.25004789388347676,-1.1827270175670332,0.005134117668842565,-0.001800997593424451,0.0048221156141510435,-0.0008317142372513431,-0.688123610878167,-0.6779087024842649,0.00013491410363515867,0.8386075804155878,0.3667038969663501,0.0009751217475327306,0.003846814656233954,1.2101334137857047
3.0021428571428572,-1.403533508609749,-1.4742430032415454,1.403533508609749,1.4742430032415454,-0.25322297827421403,-1.1864589578158264,0.00514861045613472,-0.0017958231543199646,0.004794626108101777,-0.0007915623880236506,-0.6882374856500442,-0.6778118977593253,0.00012943227707526398,0.8387645872196915,0.36670356747466076,0.0009746884573677596,0.0036905706339845877,1.2101334137857045
3.0085714285714285,-1.4041182140057065,-1.480101713813914,1.4041182140057065,1.480101713813914,-0.25639849546365745,-1.1901904236763572,0.005167626006000292,-0.0017954514036247222,0.004778526178657204,-0.0007629018142855089,-0.6883468065019926,-0.6777181186664928,0.00012417426539964612,0.8389155395577171,0.3667000236124679,0.0009771478769969174,0.0035407027385226685,1.2101334137857045
3.015,-1.4047033424169393,-1.4859609041963577,1.4047033424169393,1.4859609041963577,-0.2595744124925475,-1.1939213923033611,0.005191100959957863,-0.0017998489580133567,0.004773839912364235,-0.0007457825665271352,-0.6884517510721279,-0.6776272760333563,0.0001191311774509395,0.8390606683264477,0.3666933121655085,0.0009824755537087072,0.003396957740039799,1.2101334137857047
3.0214285714285714,-1.4052888777968362,-1.4918205557813502,1.4052888777968362,1.4918205557813502,-0.2627506974824309,-1.197651840456524,0.005218944999773281,-0.0018089649830421127,0.004780538414390449,-0.0007402086793254773,-0.6885524904749346,-0.6775392828208863,0.00011429446498798213,0.8392001960766788,0.3666834932347002,0.0009906323219094622,0.0032590921524161282,1.2101334137857047
3.027857142857143,-1.405874804709195,-1.4976806506785079,1.405874804709195,1.4976806506785079,-0.2659273196968503,-1.2013817447032669,0.005251042026607564,-0.0018227308409949562,0.004798540254040587,-0.0007461375738205282,-0.6886491895102952,-0.6774540541138948,0.0001096559099622813,0.8393343372944729,0.3666706398025993,0.0010015648091005703,0.0031268718795315832,1.2101334137857045
3.0342857142857143,-1.4064611083059095,-1.5035411716881946,1.4064611083059095,1.5035411716881946,-0.2691042495970756,-1.2051110816171102,0.005287251518879709,-0.001841059751014927,0.004827712210063752,-0.0007634796253471003,-0.688742006868431,-0.6773715071073161,0.00010520761225417532,0.8394632986742696,0.36665483718887526,0.0010152060490065474,0.003000071873553122,1.2101334137857045
3.0407142857142855,-1.407047774305432,-1.5094021022760555,1.407047774305432,1.5094021022760555,-0.272281458891622,-1.2088398279704256,0.005327410047189683,-0.0018638464788489533,0.004867870301273812,-0.0007920979089828729,-0.6888310953306567,-0.677291561088644,0.00010094197782867339,0.8395872793839929,0.36663618240741835,0.0010314761902626202,0.002878475804030758,1.2101334137857047
3.047142857142857,-1.4076347889719776,-1.5152634265484448,1.4076347889719776,1.5152634265484448,-0.2754589205789355,-1.2125679609204936,0.005371332922726652,-0.0018909670744801052,0.00491878108556218,-0.0008318081358478002,-0.6889166019658357,-0.6772141374168772,9.685170727683271e-05,0.8397064713222581,0.3666147834388962,0.0010502832877229296,0.0027618757368276315,1.210133413785705
3.0535714285714284,-1.4082221390954595,-1.521125129228716,1.4082221390954595,1.521125129228716,-0.27863660898276377,-1.216295458187906,0.0054188159541183,-0.0019222786766515576,0.0049801632085296685,-0.0008823787930223088,-0.688998668322421,-0.6771391594983257,9.29297847142166e-05,0.8398210593677767,0.3665907584334579,0.0010715241623757946,0.0026500718220943986,1.2101334137857047
3.06,-1.4088098119721202,-1.5269871956343573,1.4088098119721202,1.5269871956343573,-0.28181449977989387,-1.2200222982264934,0.005469637286834337,-0.001957619403223592,0.0050516891813093085,-0.0009435314993141087,-0.6890774306159662,-0.6770665527596366,8.916946701386089e-05,0.8399312216210411,0.3665642348588144,0.001095085315161772,0.0025428719906874712,1.2101334137857047
3.0664285714285713,-1.4093977953858443,-1.532849611654928,1.4093977953858443,1.532849611654928,-0.2849925700200764,-1.223748460384074,0.005523559298856229,-0.001996808345971772,0.005132987366011274,-0.001014941588345177,-0.6891530199119993,-0.676996244618396,8.556427335651696e-05,0.8400371296383591,0.3665353486091628,0.0011208438795815914,0.0024400916586013667,1.210133413785705
3.072857142857143,-1.4099860775901276,-1.538712363730785,1.4099860775901276,1.538712363730785,-0.2881707981381187,-1.2274739250534814,0.00558033052648292,-0.002039645687522822,0.005223644146424038,-0.001096238929231521,-0.6892255623041572,-0.6769281644516552,8.210797508594472e-05,0.840138948658327,0.3665042430903095,0.0011486685979240807,0.002341553439144079,1.2101334137857045
3.079285714285714,-1.4105746472906793,-1.5445754388325563,1.4105746472906793,1.5445754388325563,-0.29134916395827126,-1.2311986738134426,0.0056396875949768655,-0.0020859129565534403,0.005323206261292969,-0.0011870089934316484,-0.6892951790874955,-0.6768622435627222,7.879458586173103e-05,0.8402368378208099,0.3664710682958464,0.0011784208063162088,0.0022470868627320084,1.2101334137857045
3.085714285714286,-1.4111634936286392,-1.5504388244413523,1.4111634936286392,1.5504388244413523,-0.29452764869117337,-1.234922689559028,0.005701357129721103,-0.00213537343580554,0.005431183277433951,-0.001286794174709994,-0.6893619869269035,-0.6767984151465429,7.561835210561865e-05,0.8403309503785318,0.36643597988860965,0.0012099554142730592,0.002156528104290085,1.2101334137857047
3.092142857142857,-1.4117526061643855,-1.5563025085296682,1.4117526061643855,1.5563025085296682,-0.29770623492375475,-1.2386459566215087,0.005765057625617943,-0.002187772734719778,0.0055470501805166845,-0.0013950953665784445,-0.6894260980205754,-0.6767366142539818,7.257374374114313e-05,0.8404214339013678,0.3663991383003974,0.0012431218655794014,0.002069719718359972,1.2101334137857045
3.0985714285714283,-1.4123419748619135,-1.5621664795429735,1.4123419748619135,1.5621664795429735,-0.30088490660260486,-1.2423684608775822,0.005830501254148307,-0.002242839536312256,0.005670250061927835,-0.001511373799532777,-0.689487620258506,-0.6766767777552869,6.965544522826525e-05,0.8405084304734683,0.36636070786186736,0.0012777650682935504,0.0019865103820753877,1.2101334137857047
3.105,-1.4129315900737673,-1.5680307263819457,1.4129315900737673,1.5680307263819457,-0.30406364901142247,-1.2460901898480266,0.005897395590373202,-0.0023002865244787112,0.005800196881392224,-0.0016350531373277477,-0.6895466573760081,-0.6766188443030052,6.685834689708993e-05,0.8405920768833466,0.36632085597277575,0.001313726283347514,0.001906754646234858,1.2101334137857045
3.111428571428571,-1.4135214425264984,-1.5738952383853342,1.4135214425264984,1.5738952383853342,-0.307242448743241,-1.2498111327859416,0.0059654452447333445,-0.0023598114949112364,0.00593627828629224,-0.0017655218288631911,-0.6896033091022667,-0.6765627542945876,6.41775365855736e-05,0.8406725048070858,0.3662797523211434,0.0013508439627527042,0.0018303126947228705,1.2101334137857047
3.117857142857143,-1.4141115233066388,-1.5797600053134289,1.4141115233066388,1.5797600053134289,-0.3104212936681928,-1.253531280754816,0.00603435338755086,-0.002421098649351768,0.006077858470223224,-0.001902135709220944,-0.6896576713039722,-0.6765084498348927,6.160829158665765e-05,0.8407498409848472,0.36623756815805925,0.0013889545302560216,0.0017570501125419348,1.2101334137857043
3.124285714285714,-1.414701823847165,-1.585625017332105,1.414701823847165,1.585625017332105,-0.31360017289761,-1.2572506266967114,0.006103823157541413,-0.002483820069142268,0.006224281055231776,-0.002044220840123112,-0.6897098361240953,-0.6764558746987765,5.91460709103659e-05,0.8408242073908703,0.36619447563275825,0.0014278930993606362,0.0016868376627154561,1.2101334137857047
3.130714285714286,-1.4152923359144343,-1.5914902649974314,1.4152923359144343,1.5914902649974314,-0.31677907674529493,-1.2609691654909199,0.006173558948535685,-0.002547637360879143,0.006374871983850407,-0.00219107657733188,-0.6897598921158915,-0.6764049742939212,5.678650786529272e-05,0.8408957213971793,0.3661506471908513,0.0014674941253935783,0.00161955107228048,1.2101334137857047
3.137142857142857,-1.415883051595581,-1.5973557392408118,1.415883051595581,1.5973557392408118,-0.3199579966867787,-1.2646868940034643,0.0062432675724492384,-0.002612203462879917,0.006528942409363959,-0.00234197884897983,-0.6898079243722396,-0.6763556956240324,5.4525402963364774e-05,0.8409644959312301,0.36610625503624955,0.0015075919906587102,0.0015550708275662284,1.2101334137857045
3.1435714285714287,-1.416473963286347,-1.603221431354645,1.416473963286347,1.603221431354645,-0.323136925317384,-1.2684038111278397,0.006312659299176833,-0.00267716459839785,0.00668579157437269,-0.0024961836263873876,-0.6898540146504388,-0.6763079872525034,5.235871714958742e-05,0.8410306396277413,0.366061470655742,0.001548021523341338,0.001493281978880063,1.2101334137857047
3.15,-1.4170650636793378,-1.6090873329784785,1.4170650636793378,1.6090873329784785,-0.3263158563098509,-1.272119917817382,0.006381448777653173,-0.0027421623578257814,0.006844709669986911,-0.00265293056572361,-0.6898982414926061,-0.6762617992666222,5.028256535717866e-05,0.841094256974965,0.3660164644030337,0.00158861845303046,0.0014340739546754304,1.2101334137857047
3.1564285714285716,-1.4176563457526847,-1.6149534360856461,1.4176563457526847,1.6149534360856461,-0.3294947843722413,-1.275835217109644,0.006449355844889053,-0.0028068358895345868,0.007004980669671088,-0.0028114467965661832,-0.6899406803418249,-0.6762170832423692,4.829321038611918e-05,0.8411554484556679,0.36597140513752624,0.0016292198073142687,0.0013773403851960384,1.2101334137857045
3.162857142857143,-1.4182478027590975,-1.6208197329703598,1.4182478027590975,1.6208197329703598,-0.3326737052067514,-1.2795497141431227,0.006516106232425982,-0.002870824176368374,0.007165885133516503,-0.0029709508310863672,-0.6899814036542108,-0.6761737922098329,4.63870571010487e-05,0.8412143106830909,0.36592645991156214,0.0016696642555320328,0.0013229789355190546,1.2101334137857043
3.169285714285714,-1.418839428215297,-1.626686216235249,1.418839428215297,1.626686216235249,-0.33585261546997697,-1.2832634161666452,0.006581432181993018,-0.002933768372565333,0.00732670298034563,-0.003130656565540569,-0.6900204810070656,-0.6761318806192511,4.456064694229927e-05,0.8412709365321649,0.36588179369847595,0.0017097924072157018,0.0012708911478477934,1.2101334137857043
3.1757142857142857,-1.4194312158918097,-1.6325528787793284,1.4194312158918097,1.6325528787793284,-0.3390315127350733,-1.2869763325416703,0.006645072983728078,-0.002995314174423605,0.007486716226181981,-0.003289777344373331,-0.6900579792032928,-0.6760913043076656,4.281065274143861e-05,0.8413254152662535,0.36583756915290555,0.001749447073721667,0.001220982292823596,1.210133413785704
3.182142857142857,-1.420023159803115,-1.6384197137863752,1.420023159803115,1.6384197137863752,-0.34221039545613235,-1.2906884747376994,0.006706775452023905,-0.0030551141965533715,0.007645211688897624,-0.0034475300558022594,-0.6900939623722552,-0.6760520204661652,4.113387383085871e-05,0.8413778326596969,0.3657939463938392,0.0017884735026038585,0.0011731612295645183,1.2101334137857045
3.1885714285714286,-1.4206152541981325,-1.6442867147137112,1.4206152541981325,1.6442867147137112,-0.34538926293499644,-1.2943998563209387,0.006766294354657488,-0.003112830325194569,0.007801483659377493,-0.0036031392272627156,-0.6901284920672488,-0.6760139876076796,3.9527231434729084e-05,0.8414282711164124,0.3657510828005996,0.0018267195946275454,0.0011273402740649078,1.2101334137857043
3.195,-1.4212074935510373,-1.6501538752813654,1.4212074935510373,1.6501538752813654,-0.34856811529058435,-1.2981104929362752,0.006823392811535732,-0.003168136019743926,0.007954836540184695,-0.0037558410885849833,-0.6901616273597669,-0.6759771655352771,3.798776432711048e-05,0.8414768097848109,0.3657091328116252,0.0018640361137300162,0.0010834350755385357,1.2101334137857045
3.2014285714285715,-1.4217998725523924,-1.6560211894616164,1.4217998725523924,1.6560211894616164,-0.3517469534307041,-1.3018204022825763,0.006877842679170779,-0.0032207185342167494,0.008104587452744748,-0.003904887571047755,-0.6901934249307189,-0.6759415153109138,3.651262474140371e-05,0.8415235246692602,0.3656682477161407,0.0019002769000697462,0.0010413645002339807,1.2101334137857047
3.2078571428571427,-1.422392386100591,-1.6618886514688922,1.422392386100591,1.6618886514688922,-0.35492577902619016,-1.3055296040812474,0.006929424936513631,-0.003270281031276163,0.00825006881394878,-0.004049550210987711,-0.6902239391587653,-0.6759069992245776,3.509907451417386e-05,0.8415684887383271,0.3656285754291899,0.0019352990959747378,0.0010010505222126074,1.2101334137857043
3.2142857142857144,-1.422985029293597,-1.667756255750028,1.422985029293597,1.667756255750028,-0.3581045944871006,-1.3092381200379348,0.006977930086695679,-0.003316544563046239,0.008390630882586667,-0.004189123927741159,-0.6902532222059155,-0.6758735807637698,3.37444814454361e-05,0.8416117720299994,0.3655902602412551,0.001968963393902925,0.0009624181205472192,1.2101334137857047
3.2207142857142856,-1.4235777974209771,-1.67362399697486,1.4235777974209771,1.67362399697486,-0.3612834029405987,-1.3129459737972031,0.007023158587814768,-0.0033592498948226877,0.008525644275277197,-0.004322930647084302,-0.6902813241005268,-0.6758412245832703,3.2446315856949917e-05,0.8416534417540751,0.3655534425346484,0.002001134314600369,0.0009253951823805217,1.2101334137857043
3.227142857142857,-1.4241706859562124,-1.6794918700271586,1.4241706859562124,1.6794918700271586,-0.3644622082100529,-1.3166531908899721,0.007064921323916927,-0.003398159150422121,0.008654502450505079,-0.004450322743325493,-0.6903082928178313,-0.6758098964751342,3.120214732969369e-05,0.841693562391895,0.3655182584601579,0.0020316805223826386,0.0008899124112691188,1.2101334137857047
3.2335714285714285,-1.4247636905492893,-1.6853598699958803,1.4247636905492893,1.6853598699958803,-0.3676410147948099,-1.3203597986734799,0.007103040125217226,-0.00343305726057025,0.00877662415816645,-0.004570686275278555,-0.6903341743581012,-0.6757795633388725,3.0009641601806894e-05,0.841732195793557,0.36548483956881334,0.0020604751830933447,0.0008559032402409321,1.2101334137857047
3.2399999999999998,-1.4253568070195541,-1.6912279921667375,1.4253568070195541,1.6912279921667375,-0.37081982785003226,-1.3240658262635008,0.007137348343948017,-0.003463753199110596,0.008891455850527726,-0.00468344399402616,-0.6903590128225534,-0.6757501931517816,2.8866557608495437e-05,0.8417694012727484,0.36545331239534773,0.0020873963686092686,0.0008233037489992904,1.2101334137857047
3.2464285714285714,-1.425950031348832,-1.697096232014079,1.425950031348832,1.697096232014079,-0.3739986531659509,-1.3277713044585708,0.007167691489519458,-0.0034900809951898455,0.008998474048928578,-0.0047880581031219775,-0.6903828504870793,-0.67572175493939,2.777074464600902e-05,0.8418052356992977,0.36542379799165847,0.002112327510023352,0.0007920525847251803,1.2101334137857045
3.2528571428571427,-1.426543359674797,-1.7029645851930653,1.426543359674797,1.7029645851930653,-0.37717749714584947,-1.3314762656559516,0.0071939279237722914,-0.003511900513221284,0.009097187658878087,-0.004884032754882647,-0.6904057278738717,-0.6756942187460008,2.6720139642621578e-05,0.8418397535895391,0.3653964114104309,0.0021351578997803136,0.0007620908859540409,1.2101334137857045
3.2592857142857143,-1.4271367882845936,-1.708833047532143,1.4271367882845936,1.708833047532143,-0.38035636678210494,-1.3351807437591239,0.007215929613963844,-0.003529097996378745,0.009187140224378205,-0.004970916269745245,-0.690427683821011,-0.6756675556053225,2.5712764520478887e-05,0.8418730071945545,0.36537126114107765,0.0021557832410403926,0.0007333622090320516,1.2101334137857045
3.2657142857142856,-1.427730313608698,-1.714701615025799,1.427730313608698,1.714701615025799,-0.3835352696296084,-1.338884774076618,0.007233582938321556,-0.0035415863729156426,0.00926791211068227,-0.005048303068700084,-0.6904487555500561,-0.675641737511187,2.4746723633516915e-05,0.8419050465863458,0.3653484485019219,0.00217410624073866,0.0007058124566981423,1.2101334137857043
3.2721428571428572,-1.4283239322150183,-1.7205702838276018,1.4283239322150183,1.7205702838276018,-0.3867142137759414,-1.3425883932120652,0.007246789535756436,-0.003549305328773009,0.009339122602864658,-0.005115835312461721,-0.6904689787316806,-0.6756167373883646,2.3820201267819643e-05,0.8419359197419737,0.3653280669946068,0.002190037240750016,0.0006793898083739316,1.2101334137857045
3.2785714285714285,-1.4289176408032218,-1.726439050243505,1.4289176408032218,1.726439050243505,-0.38989320780772235,-1.3462916389454107,0.007255467188824208,-0.0035522211531961913,0.00940043190617053,-0.005173204243971238,-0.69048838754938,-0.6755925290634993,2.2931459192431808e-05,0.8419656726256811,0.3653102016282829,0.0022034948799455637,0.0006540446517948083,1.2101334137857045
3.285,-1.429511436199291,-1.7323079107254278,1.429511436199291,1.7323079107254278,-0.3930722607726257,-1.3499945501053363,0.0072595507261875615,-0.003550326367875671,0.009451543032591485,-0.005220151234323735,-0.6905070147612702,-0.6755690872361928,2.207883425003499e-05,0.8419943492690094,0.365294928222917,0.002214406778119594,0.0006297295156585248,1.2101334137857045
3.2914285714285714,-1.4301053153502963,-1.7381768618650835,1.4301053153502963,1.7381768618650835,-0.39625138213665195,-1.3536971664330135,0.007258992928674367,-0.0035436391531271805,0.009492203557007263,-0.005256468535104105,-0.690524891759988,-0.6755463874502771,2.126073597857425e-05,0.8420219918489025,0.36528231270241857,0.002222710231363927,0.0006063990030197239,1.2101334137857045
3.2978571428571426,-1.4306992753193823,-1.7440459003880688,1.4306992753193823,1.7440459003880688,-0.39943058173634377,-1.3573995284374407,0.007253765421039913,-0.003532202587517901,0.009522207225292907,-0.0052819997430005525,-0.6905420486307022,-0.6755244060653225,2.0475644256513565e-05,0.842048640763788,0.36527241038953023,0.0022283529071780365,0.0005840097252081682,1.2101334137857045
3.3042857142857143,-1.4312933132809647,-1.7499150231481944,1.4312933132809647,1.7499150231481944,-0.4026098697257528,-1.361101677242722,0.007243859529959918,-0.003516083719878339,0.009541395396175434,-0.005296639985272869,-0.6905585142072345,-0.6755031202284353,1.972210696597934e-05,0.8420743347076126,0.3652652653154262,0.0022312935265683376,0.0005625202360974522,1.2101334137857045
3.3107142857142855,-1.4318874265161246,-1.7557842271220518,1.4318874265161246,1.7557842271220518,-0.40578925651808695,-1.3648036544277673,0.007229287087746788,-0.0034953724945086307,0.009549658298344347,-0.005300335836803256,-0.6905743161262924,-0.6754825078464026,1.8998737669664122e-05,0.8420991107418064,0.3652609095576087,0.0022315025196885095,0.0005418909666009852,1.2101334137857045
3.317142857142857,-1.4324816124082032,-1.7616535094038195,1.4324816124082032,1.7616535094038195,-0.4089687527221145,-1.3685055018590344,0.007210081160606266,-0.0034701805520843633,0.009546936084422867,-0.0052930849816784364,-0.6905894808798093,-0.6754625475582474,1.830421329882125e-05,0.8421230043651488,0.3652593626201325,0.002228962641106201,0.0005220841593172257,1.2101334137857047
3.3235714285714284,-1.4330758684385847,-1.7675228672002847,1.4330758684385847,1.7675228672002847,-0.4121483690735163,-1.3722072615170406,0.007186296680179836,-0.003440639929633754,0.009533219663824593,-0.005274935633686527,-0.6906040338653924,-0.6754432187082595,1.7637271851156373e-05,0.842146049581505,0.3652606308702295,0.0022236695306784102,0.0005030638032918312,1.2101334137857047
3.33,-1.433670192182664,-1.7733922978260903,1.433670192182664,1.7733922978260903,-0.4153281163615393,-1.3759089753175167,0.007158010957512171,-0.0034069016835605584,0.009508551297416372,-0.005245985731561236,-0.6906179994348748,-0.6754245013195663,1.6996710098713037e-05,0.8421682789654034,0.3652647070451789,0.002215632206218085,0.0004847955689043639,1.2101334137857047
3.3364285714285713,-1.434264581305992,-1.7792617986991859,1.434264581305992,1.7792617986991859,-0.4185080053514187,-1.3796106849281797,0.00712532405951413,-0.0033691344595913144,0.009473024938116113,-0.00520638192561382,-0.6906314009409753,-0.6754063760683111,1.6381381307085253e-05,0.8421897237254246,0.3652715698426918,0.002204873474662802,0.00046724674292540185,1.2101334137857047
3.342857142857143,-1.4348590335605942,-1.785131367336488,1.4348590335605942,1.785131367336488,-0.4216880467031789,-1.3833124315822298,0.00708835902936874,-0.0033275230330270635,0.009426786303133936,-0.005156318372958939,-0.6906442607820704,-0.6753888242584987,1.5790192968344953e-05,0.8422104137653812,0.3652811836072324,0.002191430249268407,0.0004503861638225054,1.2101334137857047
3.349285714285714,-1.4354535467814538,-1.7910010013497304,1.4354535467814538,1.7910010013497304,-0.4248682508875344,-1.387014255889764,0.007047261934351986,-0.003282266841545027,0.009370032665655273,-0.005096035358668781,-0.6906566004450864,-0.6753718277975715,1.5222104551047874e-05,0.8422303777432649,0.3652934981234442,0.0021753537615719696,0.0004341841574236006,1.2101334137857047
3.355714285714286,-1.436048118883155,-1.7968706984415088,1.436048118883155,1.7968706984415088,-0.428048628099724,-1.3907161976484015,0.007002201726654789,-0.003233578531436934,0.009303012355851414,-0.005025817760023829,-0.6906684405465274,-0.6753553691727681,1.4676125271407058e-05,0.8422496431279506,0.365308448526542,0.0021567096581434552,0.00041861247306868287,1.2101334137857047
3.362142857142857,-1.4366427478566801,-1.8027404564015002,1.4366427478566801,1.8027404564015002,-0.4312291881722014,-1.3944182956544855,0.006953369905856074,-0.003181682536002405,0.009226023964022036,-0.00494599337042325,-0.6906798008716587,-0.6753394314283144,1.415131189044121e-05,0.842268236253649,0.365325955337622,0.0021355779740309124,0.0004036442204028393,1.2101334137857047
3.3685714285714283,-1.4372374317663519,-1.8086102731028624,1.4372374317663519,1.8086102731028624,-0.4344099404871845,-1.3981205875162825,0.006900979974396136,-0.0031268137027822855,0.009139415241186055,-0.004856931098775128,-0.6906907004118695,-0.6753239981434914,1.3646766542281892e-05,0.8422861823721104,0.3653459246301651,0.002112052976454263,0.0003892538069750724,1.2101334137857047
3.375,-1.437832168746918,-1.814480146498797,1.437832168746918,1.814480146498797,-0.4375908938901179,-1.4018231094706426,0.0068452666810683615,-0.00306921598346193,0.009043581695813744,-0.0047590390590011265,-0.690701157400249,-0.6753090534116112,1.3161634599219992e-05,0.842303505702587,0.36536824833171583,0.0020862428745823574,0.0003754168768195012,1.2101334137857047
3.3814285714285712,-1.438426957000769,-1.8203500746192687,1.438426957000769,1.8203500746192687,-0.4407720566051419,-1.4055258962046024,0.0067864850509083965,-0.0030091411975579,0.008938964888450243,-0.004652762563028417,-0.6907111893454115,-0.6752945818199304,1.2695102579183813e-05,0.8423202294795743,0.36539280466261687,0.002058269393314789,0.0003621102501987713,1.2101334137857047
3.387857142857143,-1.4390217947952861,-1.8262200555678836,1.4390217947952861,1.8262200555678836,-0.4439534361536799,-1.4092289806834126,0.0067249092035346365,-0.0029468478779834323,0.00882605042931452,-0.004538582029171046,-0.6907208130636171,-0.675280568430519,1.2246396101350758e-05,0.8423363759983549,0.3654194587113729,0.0020282672112871838,0.00034931186468957693,1.2101334137857045
3.394285714285714,-1.4396166804603068,-1.832090087518905,1.4396166804603068,1.832090087518905,-0.44713503927723536,-1.4129323939864395,0.006660830965892974,-0.002882600203316452,0.008705365687488916,-0.0044170108161157556,-0.6907300447092335,-0.6752669987620927,1.1814777895503542e-05,0.8423519666583835,0.36544806314375855,0.0019963832657755175,0.000337000717787155,1.2101334137857047
3.400714285714286,-1.4402116123857116,-1.8379601687144127,1.4402116123857116,1.8379601687144127,-0.4503168718654797,-1.416636165152364,0.006594558288701976,-0.0028166670187556014,0.008577477223351901,-0.004288592991225212,-0.6907388998035989,-0.6752538587728105,1.1399545870396492e-05,0.8423670220045535,0.36547845904067666,0.0019627759292797664,0.00032515681119466624,1.2101334137857045
3.407142857142857,-1.4408065890191168,-1.843830297461589,1.4408065890191168,1.843830297461589,-0.45349893889063625,-1.4203403210350076,0.0065264134799163445,-0.002749320944292453,0.008442987959577618,-0.004153901039979734,-0.690747393262342,-0.6752411348440295,1.1000031246116158e-05,0.8423815617663991,0.36551047685721305,0.0019276140651378476,0.00031376109695444677,1.2101334137857043
3.4135714285714287,-1.4414016088636739,-1.8497004721301338,1.4414016088636739,1.8497004721301338,-0.45668124434911656,-1.4240448861710615,0.006456731271416479,-0.0026808375661203,0.008302534108698759,-0.004013533521987514,-0.6907555394212248,-0.6752288137650002,1.0615596754822506e-05,0.842395604895291,0.36554393749349234,0.0018910759713620638,0.00030279542555935324,1.2101334137857047
3.42,-1.441996670475966,-1.8555706911497916,1.441996670475966,1.8555706911497916,-0.45986379121125076,-1.4277498826608532,0.0063858567386298895,-0.002611494704243894,0.008156781878494414,-0.0038681126772662938,-0.6907633520605752,-0.6752168827184787,1.0245634913764668e-05,0.8424091695996901,0.3655786534656884,0.0018533482241590822,0.0002922424961669711,1.2101334137857045
3.426428571428571,-1.4425917724639985,-1.8614409530079972,1.4425917724639985,1.8614409530079972,-0.4630465813798589,-1.431455330063195,0.0063141430953250425,-0.002541571747020898,0.008006423978899226,-0.00371828198522834,-0.6907708444283805,-0.6752053292672252,9.889566373763172e-06,0.8424222733785349,0.3656144301639043,0.0018146244342477985,0.00028208580901752133,1.2101334137857047
3.432857142857143,-1.4431869134852782,-1.8673112562476217,1.4431869134852782,1.8673112562476217,-0.46622961565827514,-1.435161245305192,0.006241949388243703,-0.002471349041220027,0.007852175956512497,-0.003564703677574812,-0.6907780292621143,-0.6751941413413503,9.546838345659847e-06,0.842434933052834,0.36565106718204243,0.0017751039306931526,0.0002723096201347374,1.210133413785704
3.439285714285714,-1.443782092244975,-1.873181599464821,1.443782092244975,1.873181599464821,-0.4694128937282947,-1.4388676426077478,0.006169638118221483,-0.0024011073244115063,0.007694772384840691,-0.0034080562052968264,-0.6907849188093675,-0.6751833072264672,9.216923106508645e-06,0.8424471647955492,0.3656883597034686,0.001734990388320498,0.000262898898366309,1.2101334137857045
3.4457142857142857,-1.4443773074941613,-1.87905198130698,1.4443773074941613,1.87905198130698,-0.4725964141383778,-1.442574533427349,0.0060975728157265,-0.0023311271853582107,0.007534962939841365,-0.003249031659345656,-0.6907915248473625,-0.6751728155526026,8.899316586495521e-06,0.8424589841598501,0.3657260999254008,0.001694490415657636,0.0002538392847960721,1.2101334137857045
3.452142857142857,-1.444972558028129,-1.884922400470742,1.444972558028129,1.884922400470742,-0.47578017430226166,-1.44628192641451,0.0060261155998042135,-0.0022616885371138065,0.007373508391690356,-0.0030883331440181485,-0.690797858701418,-0.675162655283814,8.59353703684882e-06,0.8424704061058275,0.365764078504194,0.0016538121211455718,0.0002451170545375664,1.2101334137857047
3.4585714285714286,-1.4455678426847711,-1.8907928557001308,1.4455678426847711,1.8907928557001308,-0.47896417050800233,-1.4499898273891214,0.005955624749615024,-0.00219307008734087,0.007211176544241514,-0.0029266721020584138,-0.690803931262442,-0.6751528157084616,8.299123778231513e-06,0.8424814450257534,0.36580208600349723,0.001613163675559248,0.00023671908089471094,1.2101334137857047
3.465,-1.446163160343034,-1.8966633457847426,1.446163160343034,1.8966633457847426,-0.48214839793727593,-1.4536982393327305,0.005886452317649591,-0.0021255487904245675,0.007048738154056612,-0.0027647655906030614,-0.6908097530035195,-0.6751432864300787,8.015636028419597e-06,0.8424921147679724,0.3658399143272336,0.0015727518886443448,0.00022863280185409844,1.2101334137857043
3.4714285714285715,-1.4467585099214302,-1.9025338695580232,1.4467585099214302,1.9025338695580232,-0.48533285069463306,-1.4574071623976284,0.005818941812885592,-0.0020593992666620977,0.0068869628606235585,-0.00260333350762543,-0.6908153339956651,-0.6751340573587854,7.742651807393918e-06,0.8425024286595132,0.3658773581197916,0.0015327808175472344,0.00022084618885251204,1.2101334137857043
3.4778571428571428,-1.4473538903766083,-1.9084044258956097,1.4473538903766083,1.9084044258956097,-0.4885175218462349,-1.461116593932435,0.005753425980922842,-0.0019948931748673946,0.006726615158810384,-0.002443095769292824,-0.6908206839228035,-0.6751251187031899,7.47976691738036e-06,0.8425123995275039,0.3659142161165152,0.0014934504239403111,0.0002133477177450259,1.2101334137857045
3.4842857142857144,-1.447949300701983,-1.9142750137137465,1.447949300701983,1.9142750137137465,-0.4917024034674609,-1.464826528523707,0.005690224706234311,-0.0019322985263773575,0.0065684504434789055,-0.0022847694397881125,-0.6908258120960412,-0.6751164609627243,7.226593994820685e-06,0.8425220397194721,0.3659502924287004,0.0014549552956499999,0.00020612634188207964,1.2101334137857045
3.4907142857142857,-1.4485447399264124,-1.9201456319677586,1.4485447399264124,1.9201456319677586,-0.49488748669864796,-1.468536958052944,0.005629643059595282,-0.0018718789302482077,0.006413211154836711,-0.0021290658163796946,-0.690830727467286,-0.6751080749203614,6.9827616308217535e-06,0.8425313611226115,0.36598539774855665,0.0014174834473456913,0.00019917146719062792,1.2101334137857043
3.497142857142857,-1.4491402071129305,-1.9260162796505933,1.4491402071129305,1.9260162796505933,-0.4980727618081033,-1.4722478717682193,0.005571969510809971,-0.0018138927619755934,0.006261623051099356,-0.001976687474239987,-0.6908354386422662,-0.675099951635664,6.747913556214489e-06,0.8425403751820864,0.3660193504613827,0.0013812152130937055,0.0001924729291417629,1.2101334137857045
3.5035714285714286,-1.4497357013575232,-1.9318869557914158,1.4497357013575232,1.9318869557914158,-0.501258218261439,-1.4759592563695367,0.005517474324133875,-0.0017585922504197399,0.006114391633075271,-0.0018283252770899753,-0.6908399538930015,-0.675092082438121,6.521707887101446e-06,0.8425490929184473,0.3660519776538858,0.001346322241891947,0.00018602097147959776,1.2101334137857047
3.51,-1.4503312217879527,-1.93775765945426,1.4503312217879527,1.93775765945426,-0.5044438447961936,-1.4796710961069068,0.005466408150200697,-0.0017062224806938364,0.0059721987426539945,-0.0016846553617952257,-0.6908442811697678,-0.6750844589207254,6.303816426526178e-06,0.8425575249442232,0.36608311600979104,0.0013129666051115436,0.00017980622657880568,1.2101334137857045
3.5164285714285715,-1.450926767562623,-1.943628389736736,1.450926767562623,1.943628389736736,-0.5076296295006566,-1.4833833728900412,0.005419000824880003,-0.0016570203136503673,0.005835699354598298,-0.0015463361069418672,-0.6908484281125966,-0.6750770729337592,6.093924017793519e-06,0.8425656814797504,0.3661126125860005,0.0012813000226586406,0.00017381969729520416,1.2101334137857047
3.5228571428571427,-1.4515223378694868,-1.9494991457687822,1.4515223378694868,1.9494991457687822,-0.510815559895766,-1.4870960664084962,0.005375460381824366,-0.0016112132256925903,0.005705518578195987,-0.0014140050974517317,-0.6908524020623455,-0.6750699165787475,5.891727944926977e-06,0.8425735723682947,0.36614032546485453,0.001251463212382673,0.00016805274017265735,1.2101334137857045
3.5292857142857144,-1.4521179319249937,-1.9553699267114724,1.4521179319249937,1.9553699267114724,-0.5140016230189511,-1.4908091542610469,0.005335972281561065,-0.0015690180758840373,0.005582248882210961,-0.0012882760994024321,-0.690856210071371,-0.6750629822025555,5.696937375763362e-06,0.842581207090517,0.36616612428049977,0.0012235853648175931,0.00016249704987019865,1.2101334137857043
3.5357142857142856,-1.4527135489730734,-1.9612407317558618,1.4527135489730734,1.9612407317558618,-0.5171878055087888,-1.494522612093038,0.00530069885658753,-0.0015306398101114418,0.005466447553795136,-0.0011697360610058987,-0.6908598589138304,-0.6750562623915999,5.509272843326654e-06,0.842588594778329,0.3661898906195104,0.0011977837431871945,0.00015714464467785232,1.2101334137857043
3.5421428571428573,-1.453309188284158,-1.9671115601218845,1.453309188284158,1.9671115601218845,-0.520374093689389,-1.4982364137404656,0.005269778967902774,-0.0014962701152890089,0.005358634398648082,-0.0010589421577354254,-0.6908633550956391,-0.6750497499661563,5.328465761244157e-06,0.8425957442281753,0.3662115182984498,0.001174163406085819,0.00015198785299354143,1.2101334137857045
3.5485714285714285,-1.4539048491542366,-1.9729824110572856,1.4539048491542366,1.9729824110572856,-0.5235604736534654,-1.5019505313795378,0.005243327865424834,-0.0014660860389115432,0.00525928968711404,-0.0009564189010168926,-0.6908667048640997,-0.6750434379747451,5.1542579692430775e-06,0.8426026639137839,0.36623091352294657,0.001152817048331919,0.00014701930064212027,1.2101334137857045
3.5549999999999997,-1.454500530903946,-1.978853283836602,1.454500530903946,1.978853283836602,-0.5267469313431358,-1.5056649356805136,0.005221437241208227,-0.0014402485919386982,0.005168852347755222,-0.0008626553314939405,-0.6908699142172248,-0.6750373196885828,4.9864013049962995e-06,0.8426093619984089,0.36624799493510085,0.001133824953269977,0.00014223189892482272,1.2101334137857045
3.5614285714285714,-1.4550962328776915,-1.9847241777601765,1.4550962328776915,1.9847241777601765,-0.5299334526275782,-1.5093795959646579,0.005204175461732761,-0.0014189013548608388,0.005087718407442968,-0.0007781023189146605,-0.6908729889127635,-0.6750313885960919,4.824657198920282e-06,0.8426158463465971,0.36626269355770347,0.0011172550481061232,0.00013761883329783728,1.2101334137857047
3.5678571428571426,-1.4556919544428002,-1.99059509215321,1.4556919544428002,1.99059509215321,-0.5331200233767772,-1.5130944803632216,0.005191587963009697,-0.0014021691084780844,0.005016239674523495,-0.0007031699915498911,-0.6908759344769474,-0.6750256383974614,4.668796288859136e-06,0.8426221245355003,0.36627495264535354,0.0011031630522617007,0.00013317355258902458,1.2101334137857047
3.5742857142857143,-1.4562876949887045,-1.9964660263648548,1.4562876949887045,1.9964660263648548,-0.5363066295307287,-1.5168095559774453,0.005183697790138561,-0.0013901565121302497,0.004954722659344284,-0.0006382253185288924,-0.6908787562129637,-0.675020062999258,4.518598051939805e-06,0.8426282038657484,0.36628472745388857,0.0010915927073949286,0.00012888975867267842,1.2101334137857045
3.5807142857142855,-1.4568834539261535,-2.0023369797673336,1.4568834539261535,2.0023369797673336,-0.5394932571635765,-1.5205247890386575,0.005180506261503643,-0.0013829468527514963,0.00490342772469637,-0.0005835898685716513,-0.6908814592091644,-0.6750146565090869,4.3738504512634794e-06,0.842634091371908,0.366291984940444,0.0010825760768184462,0.0001247613965339904,1.2101334137857043
3.587142857142857,-1.4574792306864532,-2.0082079517551024,1.4574792306864532,2.0082079517551024,-0.5426798925423243,-1.52424014506767,0.005181993736565018,-0.0013806008883539215,0.0048625684569652975,-0.0005395377682827449,-0.6908840483470188,-0.6750094132303052,4.234349595452892e-06,0.8426397938325316,0.3662967034072252,0.0010761339012818315,0.00012078264466582753,1.2101334137857045
3.5935714285714284,-1.4580750247207346,-2.014078941744036,1.4580750247207346,2.014078941744036,-0.5458665221798725,-1.5279555890327448,0.005188120465771929,-0.0013831558091744762,0.00483231124776,-0.0005062938825020247,-0.6908865283088143,-0.6750043276567929,4.099899409449202e-06,0.8426453177798153,0.36629887210231804,0.0010722759978194715,0.0001169479057519507,1.2101334137857047
3.6,-1.4586708354992453,-2.0199499491706505,1.4586708354992453,2.0199499491706505,-0.549053132882303,-1.5316710855055573,0.005198827500981637,-0.0013906243388548422,0.004812775074775048,-0.00048403223804666156,-0.6908889035851119,-0.6749993944677851,3.9703113152932635e-06,0.8426506695088716,0.36629849079092364,0.0010710016883082193,0.0001132517976012859,1.2101334137857047
3.6064285714285713,-1.4592666625106683,-2.025820973491352,1.4592666625106683,2.025820973491352,-0.5522397117904457,-1.5353865988146516,0.005214037645288218,-0.0014029939966379219,0.0048040314702216536,-0.0004728747106850031,-0.6908911784819598,-0.6749946085227748,3.845403921958536e-06,0.8426558550866297,0.36629556931003154,0.001072300244735428,0.00010968914430805379,1.2101334137857047
3.612857142857143,-1.4598625052614653,-2.031692014181716,1.4598625052614653,2.031692014181716,-0.5554262464159112,-1.539102093196026,0.005233656422065718,-0.0014202265397447972,0.004806104664962913,-0.00047288999331754247,-0.6908933571278701,-0.674989964856491,3.7250027236019564e-06,0.8426608803603683,0.3662901271189246,0.001076151338789936,0.00010625496762170615,1.2101334137857045
3.619285714285714,-1.460458363275241,-2.037563070735789,1.460458363275241,2.037563070735789,-0.558612724671884,-1.5428175329405651,0.005257573044537602,-0.001442257602638718,0.00481897189669406,-0.00048409286095374497,-0.6908954434805623,-0.6749854586739604,3.6089398058796714e-06,0.8426657509658905,0.36628219285689934,0.0010825254843957156,0.00010294447851917606,1.210133413785705
3.6257142857142854,-1.4610542360921317,-2.0434341426654243,1.4610542360921317,2.0434341426654243,-0.5617991348990855,-1.5465328825381437,0.005285661368855972,-0.001468996547390288,0.00484256387094833,-0.0005064437457125348,-0.6908974413334793,-0.6749810853456601,3.4970535601999125e-06,0.8426704723353484,0.3662718039184616,0.0010913844629157129,9.97530689787833e-05,1.2101334137857045
3.632142857142857,-1.4616501232682149,-2.0493052294996366,1.4616501232682149,2.0493052294996366,-0.564985465887411,-1.550248106818302,0.005317780816115159,-0.0015003265359275746,0.004876765364551217,-0.0005398486318749549,-0.6908993543220787,-0.6749768404027675,3.3891884060099253e-06,0.842675049704726,0.36625900605464534,0.0011026817223714418,9.667630396194064e-05,1.210133413785705
3.6385714285714283,-1.4622460243749384,-2.0551763307839774,1.4622460243749384,2.0551763307839774,-0.5681717068938167,-1.553963171087469,0.005353777250959362,-0.0015361048319650137,0.0049214159620553895,-0.0005841592782642985,-0.690901185929906,-0.6749727195325124,3.2851945213571983e-06,0.8426794881209865,0.36624385300760853,0.0011163627434964839,9.370991361308284e-05,1.210133413785705
3.645,-1.462841938998572,-2.0610474460799435,1.462841938998572,2.0610474460799435,-0.5713578476571025,-1.5576780412627664,0.005393483807436867,-0.0015761633364759372,0.004976310916983337,-0.0006391737716174653,-0.6909029394944546,-0.6749687185736385,3.1849275821135944e-06,0.8426837924488974,0.3662264061836978,0.001132365367416666,9.084978569267198e-05,1.2101334137857045
3.6514285714285712,-1.463437866739674,-2.066918574964395,1.463437866739674,2.066918574964395,-0.5745438784102621,-1.5613926840024637,0.00543672165553648,-0.0016203093570233342,0.005041202131007089,-0.0007046374113562301,-0.6909046182128171,-0.674964833511976,3.0882485103325798e-06,0.8426879673775386,0.36620673436832585,0.001150620081579806,8.809195826048669e-05,1.2101334137857047
3.657857142857143,-1.4640338072125791,-2.072789717029005,1.4640338072125791,2.072789717029005,-0.5777297898911038,-1.5651070668331875,0.005483300704855861,-0.0016683266074527326,0.005115799245640616,-0.0007802439226612793,-0.6909062251471372,-0.6749610604761291,2.995023232265386e-06,0.8426920174265069,0.36618491348403104,0.0011710502625386081,8.543261262795912e-05,1.2101334137857047
3.664285714285714,-1.4646297600449032,-2.078660871879718,1.4646297600449032,2.078660871879718,-0.5809155733518315,-1.5688211582739873,0.005533020245024081,-0.0017199764304880864,0.0051997708425937225,-0.0008656369910817077,-0.6909077632298647,-0.6749573957332802,2.9051224465947715e-06,0.8426959469518296,0.3661610263910018,0.0011935723762741901,8.286806659916902e-05,1.2101334137857047
3.670714285714286,-1.4652257248770622,-2.0845320391362385,1.4652257248770622,2.0845320391362385,-0.5841012205682635,-1.5725349279573653,0.0055856695252080694,-0.0017749992324053452,0.005292745750294144,-0.000960412108764571,-0.6909092352688246,-0.6749538356851089,2.818421403418154e-06,0.8426997601515955,0.3661351627275715,0.001218096138518534,8.03947680191051e-05,1.2101334137857047
3.677142857142857,-1.4658217013618102,-2.090403218431525,1.4658217013618102,2.090403218431525,-0.5872867238493104,-1.5762483467473387,0.005641028278212055,-0.0018331161150121717,0.005394314455693436,-0.001064118718648606,-0.6909106439521052,-0.6749503768638279,2.734799694499232e-06,0.8427034610713223,0.36610741878611464,0.0012445246396204483,7.800928864725054e-05,1.2101334137857045
3.6835714285714287,-1.46641768916379,-2.096274409411313,1.46641768916379,2.096274409411313,-0.5904720760472891,-1.5799613868545817,0.005698867196934256,-0.0018940306873527087,0.005504030621602105,-0.0011762626402382669,-0.6909119918527724,-0.6749470159283297,2.654141055221299e-06,0.8427070536090707,0.3660778974182971,0.0012727544399654545,7.570831837173208e-05,1.210133413785705
3.69,-1.4670136879590998,-2.1021456117336434,1.4670136879590998,2.1021456117336434,-0.5936572705695541,-1.5836740219486243,0.005758948373585791,-0.0019574310362469216,0.005621412711109889,-0.0012963087573000746,-0.6909132814334206,-0.6749437496604438,2.576333178614943e-06,0.8427105415203195,0.3660467079619206,0.0013026756436873435,7.34886597772504e-05,1.2101334137857047
3.696428571428571,-1.4676096974348734,-2.108016825068416,1.4676096974348734,2.108016825068416,-0.5968423013918465,-1.58738622726704,0.005821025713908841,-0.002022991832431951,0.005745945721510034,-0.0014236839453879758,-0.6909145150505647,-0.674940574961297,2.501267541722841e-06,0.842713928422623,0.3660139661804107,0.0013341719595947083,7.134722307646471e-05,1.210133413785705
3.702857142857143,-1.4682057172888725,-2.1138880490969494,1.4682057172888725,2.1138880490969494,-0.6000271630736511,-1.5910979797214648,0.005884845340298551,-0.0020903765468950936,0.005877083030887808,-0.0015577802147476835,-0.6909156949588828,-0.6749374888477726,2.4288392444578586e-06,0.8427172178000581,0.3659797942049231,0.0013671207593123507,6.92810214110777e-05,1.210133413785705
3.709285714285714,-1.468801747229093,-2.1197592835115606,1.468801747229093,2.1197592835115606,-0.6032118507757335,-1.5948092580002153,0.005950145998949653,-0.002159239750303866,0.006014248360978701,-0.0016979580421421405,-0.6909168233153171,-0.6749344884490621,2.358946860994078e-06,0.8427204130074847,0.3659443204682724,0.0014013931434226764,6.728716652513997e-05,1.210133413785705
3.7157142857142857,-1.4693977869733845,-2.1256305280151544,1.4693977869733845,2.1256305280151544,-0.606396360279919,-1.5985200426671984,0.006016659486801737,-0.0022292294674231467,0.006156837860024587,-0.0018435498637399718,-0.6909179021830394,-0.6749315710033019,2.2914923036025497e-06,0.84272351727463,0.3659076796194779,0.001436854026787774,6.536286480902844e-05,1.2101334137857047
3.722142857142857,-1.4699938362490783,-2.131501782320829,1.4699938362490783,2.131501782320829,-0.6095806880110299,-1.602230316256694,0.006084111114360038,-0.0022999895577196353,0.006304222309188881,-0.0019938636999271278,-0.690918933535289,-0.6749287338542868,2.2263806987225496e-06,0.8427265337100178,0.36587001240755435,0.0014733622544241586,6.350541370871572e-05,1.210133413785705
3.7285714285714286,-1.4705898947926304,-2.137373046151491,1.4705898947926304,2.137373046151491,-0.6127648310607992,-1.6059400633635312,0.006152220220164751,-0.0023711620934170068,0.006455749455603779,-0.0021481868823800634,-0.6909199192590898,-0.6749259744482536,2.163520274934288e-06,0.8427294653047522,0.3658314655234025,0.0015107707590592202,6.171219849099783e-05,1.210133413785705
3.735,-1.4711859623492738,-2.143244319239484,1.4711859623492738,2.143244319239484,-0.6159487872134273,-1.6096492707280754,0.006220700751955966,-0.0024423897067276873,0.0066107464742858,-0.002305789853387606,-0.690920861158852,-0.6749232903307271,2.102822262380823e-06,0.8427323149361791,0.3657921913891638,0.0015489267710104412,5.9980689351624196e-05,1.210133413785705
3.7414285714285715,-1.4717820386726814,-2.149115601326229,1.4717820386726814,2.149115601326229,-0.61913255497236,-1.6133579273153833,0.0062892619283444985,-0.002513317879075804,0.006768522560033566,-0.002465930007677946,-0.6909217609598652,-0.6749206791434182,2.0442008030767745e-06,0.84273508537143,0.3657523478852453,0.0015876720901797671,5.83084388498023e-05,1.210133413785705
3.7478571428571428,-1.4723781235246394,-2.1549868921618747,1.4723781235246394,2.1549868921618747,-0.6223161335877367,-1.617066024387799,0.006357608993178016,-0.0025835971466292265,0.006928371649026687,-0.0026278555475814504,-0.6909226203116874,-0.6749181386211701,1.9875728714407246e-06,0.8427377792708732,0.36571209800631954,0.0016268434288625626,5.669307964938745e-05,1.2101334137857047
3.754285714285714,-1.4729742166747322,-2.1608581915049614,1.4729742166747322,2.1608581915049614,-0.6254995230838809,-1.6207735555702252,0.006425444072597042,-0.002652885198606383,0.0070895752680609145,-0.002790809323455463,-0.690923440791434,-0.6749156665889414,1.932858204293199e-06,0.8427403991914744,0.3656716094390773,0.0016662728326092893,5.5132322544089954e-05,1.2101334137857052
3.7607142857142857,-1.4735703179000357,-2.1667294991220913,1.4735703179000357,2.1667294991220913,-0.6286827242861136,-1.6244805169072498,0.006492467142543562,-0.0027208488470660723,0.007251405507589026,-0.002954032632577125,-0.6909242239069718,-0.6749132609588232,1.8799792394933342e-06,0.8427429475900863,0.3656310540560105,0.0017057881848661556,5.362395474187059e-05,1.2101334137857047
3.767142857142857,-1.4741664269848207,-2.172600814787614,1.4741664269848207,2.172600814787614,-0.631865738846112,-1.6281869069112838,0.006558377111443288,-0.002787165850007548,0.007413128112381908,-0.003116768951619478,-0.690924971100022,-0.6749109197270816,1.8288610623087126e-06,0.8427454268266755,0.36559060732153126,0.001745213799116924,5.216583838124341e-05,1.210133413785705
3.7735714285714286,-1.4747625437202667,-2.1784721382833183,1.4747625437202667,2.1784721382833183,-0.6350485692649978,-1.6318927266008678,0.006622873020132695,-0.00285152657238435,0.007574005681609103,-0.003278267579643344,-0.6909256837491713,-0.6749086409712207,1.7794313585775815e-06,0.8427478391674934,0.3655504476085072,0.001784371100453248,5.075590925108948e-05,1.210133413785705
3.78,-1.4753586679041852,-2.1843434693981374,1.4753586679041852,2.1843434693981374,-0.6382312189133004,-1.6355979795282962,0.006685655357661526,-0.002913635473278174,0.007733300967546276,-0.003437787170983409,-0.690926363172798,-0.6749064228470638,1.7316203736733048e-06,0.8427501867882039,0.36551075542558525,0.00182307939623153,4.9392175684047175e-05,1.2101334137857047
3.7864285714285715,-1.4759547993407516,-2.190214807927862,1.4759547993407516,2.190214807927862,-0.641413692046959,-1.6393026717957555,0.006746427488519749,-0.0029732124108112867,0.007890280259828582,-0.0035945991397558995,-0.6909270106319118,-0.6749042635858469,1.6853608762665631e-06,0.8427524717769708,0.3654717125577336,0.0018611567334073495,4.8072717593084275e-05,1.210133413785705
3.7928571428571427,-1.4765509378402464,-2.1960861536748637,1.4765509378402464,2.1960861536748637,-0.6445959938185218,-1.643006812059206,0.006804897183567886,-0.0030299937599529347,0.008044216839757479,-0.0037479909202892537,-0.6909276273329084,-0.6749021614913244,1.6405881258735582e-06,0.8427546961375124,0.3654335011246115,0.0018984208379600857,4.679568562062005e-05,1.2101334137857047
3.7992857142857144,-1.4771470832188074,-2.2019575064478287,1.4771470832188074,2.2019575064478287,-0.6477781302827679,-1.6467104115193185,0.006860778243608891,-0.003083733342107417,0.008194394486735694,-0.0038972690705599204,-0.6909282144302403,-0.6749001149368848,1.597239843178705e-06,0.8427568617921279,0.36539630256360955,0.00193469012959787,4.5559300369560064e-05,1.2101334137857052
3.8057142857142856,-1.4777432352981894,-2.2078288660614995,1.4777432352981894,2.2078288660614995,-0.6509601083960074,-1.650413483898846,0.006913792201747467,-0.003134203168553921,0.008340111016890849,-0.00404176220815382,-0.6909287730290038,-0.6748981223626769,1.5552561821534943e-06,0.8427589705846945,0.365360296546275,0.001969784803048713,4.4361851686613654e-05,1.210133413785705
3.8121428571428573,-1.4783393939055334,-2.2137002323364303,1.4783393939055334,2.2137002323364303,-0.65414193600843,-1.6541160454059392,0.006963670087495795,-0.0031811940035301094,0.008480681831682409,-0.004180823771208968,-0.6909293041874403,-0.6748961822727476,1.5145797030123288e-06,0.8427610242836432,0.3653256598389681,0.0020035279651247828,4.320169796884005e-05,1.210133413785705
3.8185714285714285,-1.4789355588731452,-2.2195716050987455,1.4789355588731452,2.2195716050987455,-0.6573236218489351,-1.657818114683005,0.0070101542333936215,-0.0032245157554178726,0.008615443452759788,-0.004313834598991291,-0.6909298089193538,-0.6748942932321941,1.475155345108281e-06,0.8427630245849066,0.3652925651200876,0.0020357468152443748,4.207726546626528e-05,1.210133413785705
3.8249999999999997,-1.4795317300382833,-2.225442984179914,1.4795317300382833,2.225442984179914,-0.6605051755020231,-1.6615197127408727,0.007053000102421288,-0.003263997707615673,0.008743757017639655,-0.004440205329401395,-0.6909302881964418,-0.6748924538643324,1.4369303989186717e-06,0.8427649731148433,0.36526117976788575,0.0020662738554210014,4.098704755483966e-05,1.2101334137857047
3.8314285714285714,-1.4801279072429547,-2.2313143694165296,1.4801279072429547,2.2313143694165296,-0.6636866073764317,-1.6652208628781517,0.007091978112863821,-0.0032994886029071705,0.008865011709723009,-0.004559378612730586,-0.690930742950538,-0.674890662847889,1.3998544763468324e-06,0.8427668714331322,0.3652316646340195,0.0020949481145968347,3.992960395633854e-05,1.210133413785705
3.8378571428571426,-1.480724090333721,-2.2371857606500987,1.480724090333721,2.2371857606500987,-0.6668679286653504,-1.6689215905858423,0.007126875435893474,-0.003330856597203287,0.008978628095326943,-0.004670831142957696,-0.6909311740757684,-0.6748889189142184,1.3638794786439486e-06,0.8427687210356384,0.36520417281896367,0.0021216163712183826,3.890355988417135e-05,1.210133413785705
3.8442857142857143,-1.4813202791615128,-2.2430571577268434,1.4813202791615128,2.2430571577268434,-0.6700491512981998,-1.6726219234374142,0.007157497740287485,-0.0033579891001413635,0.009084061340002576,-0.004774075509603433,-0.6909315824306163,-0.674887220844554,1.328959561342057e-06,0.8427705233572426,0.3651788484660488,0.002146134357316534,3.790760509672169e-05,1.2101334137857047
3.8507142857142855,-1.4819164735814512,-2.248928560497506,1.4819164735814512,2.248928560497506,-0.6732302878840908,-1.6763218909647295,0.007183670858407858,-0.0033807925210097367,0.009180804276419723,-0.004868661874405326,-0.6909319688398965,-0.674885567467299,1.2950510956866134e-06,0.8427722797746328,0.3651558255911548,0.0021683679270744468,3.694049284280746e-05,1.210133413785705
3.857142857142857,-1.482512673452681,-2.2547999688171694,1.482512673452681,2.2547999688171694,-0.6764113516472658,-1.680021524520375,0.007205242347774386,-0.003399191939148325,0.009268390296560227,-0.004954179478265727,-0.6909323340966386,-0.6748839576553645,1.262112626156838e-06,0.84277399160905,0.3651352269650627,0.0021881941729054236,3.600103868688902e-05,1.210133413785705
3.8635714285714284,-1.4831088786382103,-2.260671382545079,1.4831088786382103,2.260671382545079,-0.6795923563549382,-1.6837208571271072,0.007222082923301142,-0.003413130717965864,0.009346396041786666,-0.005030257984503353,-0.6909326789638763,-0.674882390323562,1.2301048237681427e-06,0.842775660128985,0.3651171630650725,0.002205502472442285,3.508811920488511e-05,1.2101334137857047
3.87,-1.4837050890047572,-2.266542801544482,1.4837050890047572,2.266542801544482,-0.6827733162381241,-1.6874199233152993,0.007234087736580191,-0.0034225700813405114,0.009414443865705856,-0.0050965686649255175,-0.6909330041763441,-0.6748808644260599,1.198990434958914e-06,0.8427772865528204,0.36510173111175237,0.002220195450587337,3.420067054474178e-05,1.2101334137857047
3.8764285714285713,-1.484301304422608,-2.2724142256824655,1.484301304422608,2.2724142256824655,-0.6859542459061766,-1.691118758949413,0.007241177480369091,-0.003427488670231388,0.009472204046429728,-0.005152825435237726,-0.6909333104420791,-0.6748793789539085,1.1687342259727361e-06,0.8427788720514067,0.36508901420563433,0.002232189841814442,3.333768684920955e-05,1.2101334137857043
3.882857142857143,-1.484897524765481,-2.2782856548298103,1.484897524765481,2.2782856548298103,-0.6891351602558682,-1.6948174010446713,0.007243299298650433,-0.003427882096019367,0.009519396726898536,-0.005198785746094858,-0.6909335984439302,-0.6748779329326464,1.1393029227532959e-06,0.8427804177505746,0.3650790805773483,0.002241417239240174,3.249821854151026e-05,1.2101334137857045
3.8892857142857142,-1.4854937499103968,-2.284157088860849,1.4854937499103968,2.284157088860849,-0.6923160743759765,-1.6985158875752282,0.0072404274854658435,-0.0034237625052196633,0.009555793564520075,-0.005234251335520326,-0.6909338688409736,-0.6748765254199912,1.1106651464771743e-06,0.84278192473357,0.3650719829629495,0.0022478247187073625,3.168137047785464e-05,1.2101334137857047
3.8957142857142855,-1.4860899797375602,-2.2900285276533316,1.4860899797375602,2.2900285276533316,-0.6954970034484228,-1.702214257275244,0.007232563958523036,-0.0034151581682604504,0.009581219073913514,-0.005259068847697722,-0.6909341222698351,-0.6748751555036256,1.0827913449424721e-06,0.8427833940434105,0.3650677581144881,0.002251375327832519,3.088629997358345e-05,1.2101334137857047
3.902142857142857,-1.4866862141302446,-2.2958999710883017,1.4866862141302446,2.2958999710883017,-0.6986779626470886,-1.70591254943437,0.007219738497321754,-0.003402113102317786,0.009595551649931913,-0.0052731303220230515,-0.6909343593459222,-0.6748738222990828,1.0556537201332734e-06,0.8427848266851548,0.36506642645354626,0.002252048432290867,3.011221471279748e-05,1.2101334137857047
3.9085714285714284,-1.487282452974686,-2.3017714190499743,1.487282452974686,2.3017714190499743,-0.7018589670354908,-1.7096108036892133,0.007202008738740221,-0.0033846867358215916,0.009598724261025997,-0.005276373555242831,-0.6909345806645658,-0.6748725249477385,1.0292261523533161e-06,0.8427862236280842,0.3650679918734755,0.0022498399135915284,2.935837055355705e-05,1.2101334137857047
3.915,-1.4878786961599828,-2.3076428714256267,1.4878786961599828,2.3076428714256267,-0.7050400314645305,-1.713309059812407,0.007179459927159227,-0.003362953619143598,0.009590724806762011,-0.005268782338076237,-0.6909347868020759,-0.6748712626149158,1.0034841214048215e-06,0.8427875858077866,0.365072441693489,0.002244762215186069,2.862406924322313e-05,1.210133413785705
3.9214285714285713,-1.4884749435780023,-2.3135143281054913,1.4884749435780023,2.3135143281054913,-0.7082211704715361,-1.7170073575009377,0.007152204419862052,-0.0033370031831903716,0.009571596136653366,-0.00525038656638793,-0.6909349783167109,-0.6748700344881047,9.784046253457287e-07,0.8427889141281435,0.36507974676544774,0.00223684423605339,2.7908656060230347e-05,1.210133413785705
3.927857142857143,-1.4890711951232927,-2.319385788982657,1.4890711951232927,2.319385788982657,-0.7114023981818164,-1.7207057361653888,0.007120380952330477,-0.003306939544664461,0.009541435731044044,-0.00522126222555574,-0.6909351557495675,-0.6748688397753022,9.53966097408356e-07,0.8427902094632154,0.3650898617317311,0.002226131073358203,2.7211517400067083e-05,1.2101334137857047
3.934285714285714,-1.4896674506930005,-2.3252572539529757,1.4896674506930005,2.3252572539529757,-0.7145837282138937,-1.7244042347217328,0.007084153672019581,-0.003272881353734852,0.009500395048488727,-0.005181531245217287,-0.6909353196253911,-0.6748676777034736,9.301483217024957e-07,0.8427914726590233,0.3651027254300503,0.0022126836183067908,2.6532078324421834e-05,1.210133413785705
3.940714285714286,-1.490263710186794,-2.3311287229149737,1.490263710186794,2.3311287229149737,-0.7177651735895435,-1.7281028913872807,0.007043710952512391,-0.00323496167734385,0.009448678547233165,-0.005131361220378893,-0.6909354704533122,-0.6748665475171374,9.069323483408657e-07,0.8427927045352256,0.36511826143894077,0.0021965780114456225,2.5869800092872007e-05,1.210133413785705
3.947142857142857,-1.49085997350679,-2.337000195769769,1.49085997350679,2.337000195769769,-0.7209467466496683,-1.731801743482314,0.0069992640037750626,-0.003193327908515782,0.009386542392111324,-0.00507096499353127,-0.6909356087275133,-0.6748654484770722,8.84300408641925e-07,0.8427939058866886,0.3651363787551941,0.0021779049661250333,2.5224177696973317e-05,1.2101334137857047
3.9535714285714283,-1.4914562405574885,-2.342871672420995,1.4914562405574885,2.342871672420995,-0.7241284589769595,-1.7355008272388628,0.006951045296894185,-0.003148141690091087,0.009314292860861629,-0.005000600091561141,-0.6909357349278297,-0.6748643798591473,8.622358310496013e-07,0.8427950774849549,0.3651569725927505,0.002156768970583404,2.4594737416096348e-05,1.2101334137857047
3.96,-1.4920525112457075,-2.348743152774727,1.4920525112457075,2.348743152774727,-0.7273103213261652,-1.7392001776179695,0.006899306824756208,-0.0030995788391139107,0.00923228446705744,-0.004920568010334127,-0.6909358495202895,-0.6748633409532719,8.407229583976624e-07,0.8427962200796026,0.36517992529054155,0.0021332873811465785,2.3981034413957194e-05,1.210133413785705
3.966428571428571,-1.4926487854805235,-2.3546146367394094,1.4926487854805235,2.3546146367394094,-0.7304923435626615,-1.74289982813668,0.006844318222225127,-0.003047829256712428,0.009140917819192651,-0.004831213339365353,-0.6909359529575966,-0.6748623310624629,8.197470671101084e-07,0.8427973343995095,0.36520510731535105,0.002107589420450453,2.3382650393642505e-05,1.210133413785705
3.972857142857143,-1.4932450631732177,-2.3604861242257966,1.4932450631732177,2.3604861242257966,-0.7336745346098874,-1.7465998107058587,0.0067863647712654174,-0.002993096807145672,0.009040637237710978,-0.004732922718716409,-0.6909360456795627,-0.6748613495020238,7.992942888870373e-07,0.8427984211540123,0.3652323783444681,0.002079815095896515,2.27991913276155e-05,1.2101334137857043
3.979285714285714,-1.493841344237221,-2.3663576151468866,1.493841344237221,2.3663576151468866,-0.7368569024060384,-1.750300155479773,0.00672574531781036,-0.002935599149039326,0.008931928153649597,-0.004626123620345322,-0.6909361281134924,-0.6748603955988345,7.793515353732811e-07,0.8427994810339731,0.36526158841192224,0.0020501140545318786,2.223028527756665e-05,1.2101334137857047
3.9857142857142858,-1.494437628588066,-2.3722291094178662,1.494437628588066,2.3722291094178662,-0.7400394538702764,-1.7540008907182634,0.006662770127891891,-0.002875567501689008,0.008815314313858154,-0.004511282946501597,-0.690936200674526,-0.6748594686907406,7.599064262438062e-07,0.8428005147127534,0.36529257910152824,0.002018644391105837,2.1675580317016776e-05,1.2101334137857043
3.992142857142857,-1.4950339161433395,-2.378100606956052,1.4950339161433395,2.378100606956052,-0.7432221948785308,-1.7577020426621153,0.0065977587108592434,-0.0028132463296469934,0.008691354818898708,-0.004388905438552896,-0.6909362637659456,-0.6748585681260431,7.40947221074383e-07,0.8428015228471015,0.3653251847696315,0.0019855714264039523,2.1134742567559645e-05,1.2101334137857045
3.9985714285714287,-1.4956302068226375,-2.3839721076808416,1.4956302068226375,2.3839721076808416,-0.746405130248837,-1.7614036354221285,0.006531037637163871,-0.002748892929608515,0.008560641020163134,-0.004259531890617571,-0.6909363177794475,-0.6748576932630737,7.224627552920117e-07,0.8428025060779568,0.36535923378054636,0.0019510664728442102,2.0607454357361492e-05,1.2101334137857047
4.005,-1.4962265005475237,-2.3898436115136614,1.4962265005475237,2.3898436115136614,-0.7495882637359745,-1.765105690882179,0.006462938377368955,-0.0026827769049623433,0.008423793302987216,-0.00412373716385347,-0.6909363630953869,-0.6748568434698561,7.04442380426182e-07,0.842803465031177,0.3653945497380684,0.0019153056039509426,2.0093412508285745e-05,1.2101334137857045
4.011428571428572,-1.4968227972414874,-2.39571511837792,1.4968227972414874,2.39571511837792,-0.7527715980350468,-1.7688082286164328,0.006393795187680633,-0.002615179515109943,0.008281457782211163,-0.003982127998913897,-0.6909364000829978,-0.6748560181238411,6.868759088058386e-07,0.8428044003181947,0.3654309526971826,0.0018784684435715318,1.9592326755687993e-05,1.2101334137857043
4.017857142857142,-1.4974190968299057,-2.40158662819896,1.4974190968299057,2.40158662819896,-0.7559551347934907,-1.772511265820702,0.006323943065527598,-0.0025463928887913753,0.00813430293601831,-0.0038353406260415532,-0.690936429100593,-0.67485521661171,6.697535627741687e-07,0.8428053125366076,0.36546826034109897,0.001840736989695199,1.910391830271299e-05,1.2101334137857045
4.024285714285714,-1.498015399240006,-2.407458140904019,1.498015399240006,2.407458140904019,-0.7591388746308982,-1.7762148172577963,0.006253715796338634,-0.0024767190933366575,0.007983016202784956,-0.0036840381746195555,-0.6909364504957461,-0.6748544383292377,6.530659284200888e-07,0.8428062022707077,0.3655062891101468,0.0018022944863412189,1.862791850870549e-05,1.2101334137857045
4.030714285714286,-1.4986117044008287,-2.413329656422182,1.4986117044008287,2.413329656422182,-0.7623228171659092,-1.779918895216577,0.006183444110270299,-0.002406469054371873,0.007828300564429876,-0.0035289078862302476,-0.6909364646054609,-0.6748536826812105,6.368039137622805e-07,0.8428070700919572,0.3655448552705025,0.0017633243555352654,1.816406770944524e-05,1.2101334137857045
4.037142857142857,-1.4992080122431921,-2.4192011746843423,1.4992080122431921,2.4192011746843423,-0.7655069610493664,-1.7836235094843151,0.006113453964381425,-0.0023359613239594588,0.007670871137928532,-0.0033706581381664517,-0.6909364717563293,-0.6748529490813866,6.20958711256287e-07,0.842807916559414,0.3655837759126964,0.0017240091994292026,1.7712114164949198e-05,1.2101334137857047
4.043571428571428,-1.4998043226996596,-2.4250726956231627,1.4998043226996596,2.4250726956231627,-0.76869130400284,-1.7873286673318345,0.00604406496293838,-0.0022655206980506356,0.007511451794964797,-0.003210015286729472,-0.6909364722646817,-0.6748522369524989,6.055217644465847e-07,0.8428087422201138,0.365622869871597,0.0016845298808647155,1.7271813129134935e-05,1.2101334137857045
4.05,-1.5004006357045045,-2.4309442191730395,1.5004006357045045,2.4309442191730395,-0.7718758428615947,-1.7910343735108405,0.0059755889248874405,-0.0021954766878373574,0.007350771827435836,-0.003047720342684443,-0.6909364664367317,-0.674851545726287,5.904847385352374e-07,0.8428095476094127,0.365661958561829,0.0016450646884286733,1.6842926034140244e-05,1.2101334137857045
4.0564285714285715,-1.5009969511936783,-2.4368157452700596,1.5009969511936783,2.4368157452700596,-0.7750605736210344,-1.7947406302627569,0.005908328604283179,-0.0021261618528117094,0.007189562674410213,-0.002884525493848864,-0.6909364545687162,-0.6748508748435574,5.758394946039043e-07,0.8428103332512971,0.36570086672463303,0.0016057885899934733,1.642521978107185e-05,1.2101334137857047
4.062857142857143,-1.5015932691047775,-2.4426872738519694,1.5015932691047775,2.4426872738519694,-0.7782454914856737,-1.7984474373383534,0.005842576566019922,-0.002057910006709255,0.0070285547238470025,-0.00272119049250309,-0.6909364369470349,-0.6748502237542624,5.61578067196562e-07,0.8428110996586603,0.3657394230843631,0.0015668725765531197,1.601846612810215e-05,1.2101334137857045
4.069285714285714,-1.5021895893770132,-2.4485588048581346,1.5021895893770132,2.4485588048581346,-0.7814305909196909,-1.802154792027398,0.005778614215704549,-0.001991054310871107,0.00686847419996341,-0.002558478927999121,-0.6909364138483884,-0.6748495919175954,5.476926449487299e-07,0.8428118473335564,0.3657774609150537,0.00152848309592828,1.5622441166218175e-05,1.2101334137857045
4.075714285714286,-1.5027859119511793,-2.4544303382295123,1.5027859119511793,2.4544303382295123,-0.7846158656981641,-1.8058626891975658,0.005716710979577995,-0.0019259252723048202,0.006710040145056893,-0.002397154407131149,-0.6909363855399175,-0.6748489788020958,5.341755539407127e-07,0.8428125767674304,0.3658148185193998,0.001490781574001694,1.5236924872720796e-05,1.2101334137857047
4.082142857142857,-1.5033822367696217,-2.460301873908611,1.5033822367696217,2.460301873908611,-0.7878013089581476,-1.809571121341833,0.005657123627039279,-0.0018628486667901622,0.006553961502138907,-0.00223797666726466,-0.6909363522793446,-0.6748483838857611,5.210192434446731e-07,0.8428132884413264,0.36585133962465954,0.0014539240189863003,1.4861700732380604e-05,1.2101334137857047
4.088571428571428,-1.5039785637762073,-2.466173411839459,1.5039785637762073,2.466173411839459,-0.7909869132488305,-1.8132800786336112,0.005600095726009725,-0.00180214340940257,0.006400934302967274,-0.0020816976488200007,-0.6909363143151168,-0.6748478066561607,5.082162737444991e-07,0.8428139828260831,0.3658868737015327,0.0014180607026724127,1.4496555416480664e-05,1.2101334137857047
4.095,-1.504574892916295,-2.472044951967575,1.504574892916295,2.472044951967575,-0.7941726705801091,-1.8169895489889099,0.005545857218720951,-0.00174411939707712,0.0062516389639821895,-0.0019290575554756861,-0.6909362718865545,-0.6748472466105505,4.957593057147496e-07,0.8428146603825105,0.36592127621382464,0.001383335910859241,1.4141278510240616e-05,1.2101334137857045
4.101428571428571,-1.505171224136705,-2.477916494239931,1.505171224136705,2.477916494239931,-0.7973585724690051,-1.8206995181348635,0.005494624103743063,-0.0016890753491872962,0.006106737691152375,-0.0017807809315061494,-0.6909362252240013,-0.6748467032559837,4.836410918648348e-07,0.8428153215615564,0.3659544088079052,0.0013498877539633845,1.3795662279762157e-05,1.2101334137857047
4.107857142857143,-1.5057675573856895,-2.4837880386049256,1.5057675573856895,2.4837880386049256,-0.8005446099834952,-1.824409969684032,0.005446598208507963,-0.0016372966731943535,0.005966871993334785,-0.0016375727864965037,-0.6909361745489804,-0.6748461761094169,4.718544685760461e-07,0.8428159668044598,0.36598613945205116,0.0013178480277231959,1.345950147032674e-05,1.2101334137857045
4.114285714285714,-1.506363892612902,-2.489659585012349,1.506363892612902,2.489659585012349,-0.8037307737834287,-1.8281208852139412,0.005401967035530888,-0.001589053382915012,0.0058326603026406946,-0.0015001147980261249,-0.6909361200743543,-0.6748456646978093,4.6039234928574165e-07,0.8428165965428953,0.3660163425365093,0.0012873421131713125,1.3132593128723168e-05,1.2101334137857047
4.1207142857142856,-1.5069602297693707,-2.495531133413357,1.5069602297693707,2.495531133413357,-0.8069170541583432,-1.8318322443514226,0.005360903665042344,-0.00154459809691436,0.005704695699596546,-0.0013690616228344645,-0.6909360620044908,-0.6748451685582136,4.492477184030479e-07,0.8428172111991067,0.3660448989455096,0.0012584889046448966,1.2814736443228207e-05,1.2101334137857045
4.127142857142857,-1.5075565688074668,-2.5014026837604373,1.5075565688074668,2.5014026837604373,-0.8101034410621208,-1.8355440248613761,0.0053235666966626695,-0.0015041641439150128,0.005583543740359707,-0.0012450373464247084,-0.690936000535432,-0.6748446872378586,4.384136257718808e-07,0.842817811186033,0.36607169611258294,0.0012314007544926811,1.2505732595847946e-05,1.2101334137857047
4.133571428571429,-1.508152909680877,-2.507274236007381,1.508152909680877,2.507274236007381,-0.8132899241445537,-1.8392562027396873,0.005290100213223074,-0.0014679638010504227,0.005469740383177616,-0.0011286321001453396,-0.6909359358550713,-0.6748442202942199,4.2788318153016543e-07,0.8428183969074257,0.36609662807029747,0.0012061834233590841,1.2205384622456516e-05,1.210133413785705
4.14,-1.508749252344574,-2.513145790109253,1.508749252344574,2.513145790109253,-0.8164764927800089,-1.8429687523100862,0.005260633750772868,-0.0014361866890818481,0.005363790011414706,-0.0010203988733288036,-0.6909358681433327,-0.674843767295082,4.1764955124707077e-07,0.8428189687579568,0.36611959550498885,0.0011829360254812168,1.1913497277490716e-05,1.2101334137857043
4.146428571428571,-1.5093455967547889,-2.519017346022365,1.5093455967547889,2.519017346022365,-0.8196631360935013,-1.846681646324838,0.005235282260193954,-0.0014089983466102234,0.005266163550968855,-0.0009208505462901676,-0.6909357975723583,-0.6748433278185896,4.077059512523906e-07,0.8428195271233211,0.3661405058262126,0.0011617509592697927,1.1629876900856612e-05,1.2101334137857043
4.152857142857143,-1.5099419428689822,-2.5248889037042446,1.5099419428689822,2.5248889037042446,-0.8228498429845704,-1.850394856069198,0.005214146047591217,-0.0013865390027912538,0.005177296680614026,-0.0008304571678392118,-0.6909357243066994,-0.6748429014532865,3.9804564410264517e-07,0.8428200723803285,0.3661592732595526,0.0011427138145374367,1.1354331285640693e-05,1.2101334137857043
4.159285714285714,-1.5105382906458147,-2.5307604631136082,1.5105382906458147,2.5307604631136082,-0.8260366021494704,-1.8541083514696581,0.0051973106828978495,-0.0013689225649482618,0.005097588134851386,-0.0007496434982963836,-0.6909356485035133,-0.6748424877981456,3.8866193415809046e-07,0.842820604896989,0.36617581896998364,0.0011259032491857672,1.1086669546125948e-05,1.2101334137857047
4.1657142857142855,-1.5111346400451207,-2.536632024210334,1.5111346400451207,2.536632024210334,-0.8292234021022276,-1.8578221012060334,0.005184846868377013,-0.001356235834475868,0.005027398099939083,-0.0006787868364223786,-0.6909355703127665,-0.6748420864625859,3.795481632687065e-07,0.8428211250325898,0.36619007122153024,0.0011113908295979494,1.0826701986341128e-05,1.210133413785704
4.172142857142857,-1.5117309910278791,-2.5425035869554318,1.5117309910278791,2.5425035869554318,-0.8324102311951878,-1.8615360728274863,0.005176810261693935,-0.0013485379604833768,0.004967046705271222,-0.0006182151452556391,-0.6909354898774425,-0.674841697066481,3.706977065930304e-07,0.8428216331377661,0.3662019655770292,0.0010992408309389277,1.057423997015527e-05,1.2101334137857043
4.178571428571429,-1.5123273435561857,-2.548375151311017,1.5123273435561857,2.548375151311017,-0.8355970776397109,-1.8652502328726133,0.005173241250759102,-0.001345860137334764,0.0049168126135745996,-0.0005682054889689284,-0.6909354073337549,-0.6748413192401548,3.6210396858960025e-07,0.842822129554562,0.3662114451401307,0.0010895099952172185,1.0329095794406879e-05,1.2101334137857045
4.185,-1.5129236975932245,-2.5542467172402827,1.5129236975932245,2.5542467172402827,-0.8387839295276727,-1.8689645469937137,0.005174164680779873,-0.0013482055480302222,0.0048769317150636265,-0.00052898278913726,-0.6909353228113665,-0.674840952624368,3.537603792393743e-07,0.842822614616485,0.3662184608395411,0.0010822472471113426,1.009108256711496e-05,1.2101334137857047
4.191428571428571,-1.5135200531032413,-2.560118284707476,1.5135200531032413,2.560118284707476,-0.8419707748544385,-1.8726789800853598,0.005179589536761596,-0.0013555495517229156,0.0048475959321467605,-0.0005007189055273489,-0.6909352364336127,-0.6748405968702934,3.456603905679241e-07,0.8428230886485537,0.36622297175362023,0.0010774933694374625,9.860014093123963e-06,1.2101334137857047
4.197857142857143,-1.5141164100515145,-2.5659898536778645,1.5141164100515145,2.5659898536778645,-0.8451576015439338,-1.8763934964173532,0.00518950858762052,-0.001367840109835494,0.004828952142778667,-0.00048353204303283636,-0.6909351483177308,-0.6748402516394809,3.37797473544561e-07,0.8428235519673393,0.3662249454714893,0.0010752806421061186,9.635704769774976e-06,1.2101334137857045
4.204285714285715,-1.5147127684043284,-2.5718614241177145,1.5147127684043284,2.5718614241177145,-0.8483443974763996,-1.8801080597721185,0.0052038980009572085,-0.0013849984414054217,0.004821101232005266,-0.0004774864828051754,-0.6909350585750936,-0.6748399166038117,3.3016511544166597e-07,0.8428240048809997,0.3662243584848228,0.001075632450386693,9.417969495364795e-06,1.2101334137857045
4.210714285714285,-1.5153091281289448,-2.5777329959942614,1.5153091281289448,2.5777329959942614,-0.8515311505193464,-1.883822633586521,0.005222716939870893,-0.001406919895127566,0.004824097282383514,-0.0004825926326115556,-0.6909349673114473,-0.6748395914454425,3.227568177367882e-07,0.84282444768931,0.36622119660289365,0.0010785628699077386,9.206623593114244e-06,1.2101334137857045
4.217142857142857,-1.5159054891935761,-2.5836045692756873,1.5159054891935761,2.5836045692756873,-0.8547178485621365,-1.8875371810980273,0.005245907155758775,-0.0014334750219901415,0.004837946915141406,-0.0004988073879359365,-0.6909348746271543,-0.6748392758567383,3.155660946409873e-07,0.8428248806836869,0.3662154553816455,0.001084076237618822,9.001482753376383e-06,1.2101334137857047
4.223571428571429,-1.5165018515673572,-2.5894761439310896,1.5165018515673572,2.5894761439310896,-0.8579044795545243,-1.8912516654950324,0.005273392592683564,-0.0014645108299797596,0.0048626087946092335,-0.0005260347928298053,-0.6909347806174394,-0.674838969540195,3.0858647233005973e-07,0.8428253041472114,0.36620714055638015,0.001092166719116546,8.802362996585857e-06,1.2101334137857043
4.2299999999999995,-1.517098215220318,-2.595347719930455,1.517098215220318,2.595347719930455,-0.8610910315493783,-1.894966050071099,0.005305079020664566,-0.0014998521995838751,0.004897993309081819,-0.0005641269865600779,-0.6909346853726391,-0.6748386722083497,3.018114889502358e-07,0.8428257183546478,0.36619626846635955,0.0011028178840380876,8.60908065927778e-06,1.2101334137857047
4.236428571428571,-1.5176945801233575,-2.601219297244638,1.5176945801233575,2.601219297244638,-0.8642774927496745,-1.8986802983827353,0.005340853716209932,-0.001539303437043819,0.004943962441416475,-0.0006128854199683827,-0.6909345889784544,-0.6748383835836818,2.952346954599974e-07,0.8428261235724616,0.36618286645885406,0.0011160023019840203,8.421452405181562e-06,1.210133413785705
4.242857142857143,-1.5182909462482137,-2.607090875845328,1.5182909462482137,2.607090875845328,-0.8674638515597273,-1.9023943744102285,0.005380585209092207,-0.0015826499407751416,0.005000329842581362,-0.0006720623234352914,-0.6909344915162049,-0.6748381033985003,2.888496573593287e-07,0.8428265200588381,0.36616697325958414,0.0011316811720193827,8.239295263061473e-06,1.2101334137857047
4.2492857142857146,-1.5188873135674388,-2.612962455705027,1.5188873135674388,2.612962455705027,-0.8706500966404902,-1.9061082427209466,0.005424123114480919,-0.0016296599554032679,0.005066861120846127,-0.0007413624066948157,-0.6909343930630859,-0.6748378313948205,2.826499573455815e-07,0.8428269080637019,0.366148639296285,0.0011498039990253527,8.062426692588956e-06,1.2101334137857047
4.255714285714285,-1.5194836820543707,-2.618834036797021,1.5194836820543707,2.618834036797021,-0.8738362169686222,-1.9098218686343995,0.005471298069201805,-0.0016800863874808492,0.005143274358533051,-0.000820444769646718,-0.6909342936924242,-0.6748375673242283,2.766291989222457e-07,0.8428272878287391,0.3661279269622143,0.0011703083300721785,7.890664679122162e-06,1.210133413785705
4.262142857142857,-1.5200800516831072,-2.6247056190953577,1.5200800516831072,2.6247056190953577,-0.8770222018988805,-1.9135352183882397,0.005521921789947575,-0.0017336686570437701,0.005229240866925242,-0.0009089250023889715,-0.6909341934739359,-0.6748373109477322,2.7078101097253814e-07,0.8428276595874238,0.36610491080689794,0.0011931195635251474,7.723827857816913e-06,1.2101334137857045
4.268571428571429,-1.5206764224284772,-2.6305772025748153,1.5206764224284772,2.6305772025748153,-0.8802080412292762,-1.9172482593042728,0.005575787269991607,-0.001790134559804214,0.0053243861885102885,-0.0010063774524034343,-0.6909340924739822,-0.6748370620356025,2.6509905329621263e-07,0.8428280235650499,0.3660796776421214,0.0012181508428663183,7.561735667068456e-06,1.2101334137857045
4.275,-1.5212727942660162,-2.6364487872108797,1.5212727942660162,2.6364487872108797,-0.8833937252683182,-1.9209609599534656,0.005632669129021312,-0.0018492021159456885,0.005428291353713174,-0.0011123376367423627,-0.6909339907558232,-0.6748368203671969,2.595770230927787e-07,0.8428283799787701,0.3660523265523131,0.0012453030460905716,7.404208530810395e-06,1.2101334137857043
4.281428571428571,-1.5218691671719382,-2.6423203729797167,1.5218691671719382,2.6423203729797167,-0.8865792449035512,-1.92467329031883,0.005692324128494627,-0.0019105813830939697,0.0055404943971410665,-0.0012263047774759119,-0.6909338883798697,-0.6748365857307757,2.5420866236020067e-07,0.8428287290376427,0.3660229687998097,0.001274464880183663,7.251068068758948e-06,1.210133413785705
4.287857142857143,-1.5224655411231098,-2.6481919598581505,1.5224655411231098,2.6481919598581505,-0.88976459167052,-1.9283852219550086,0.005754491862310666,-0.001973976213038821,0.005660492135909465,-0.0013477444393363166,-0.6909337854039308,-0.6748363579233001,2.489877661642184e-07,0.842829070942688,0.36599172761710574,0.001305513088577649,7.1021373332604744e-06,1.2101334137857047
4.2942857142857145,-1.523061916097025,-2.6540635478236316,1.523061916097025,2.6540635478236316,-0.8929497578212002,-1.9320967281433135,0.005818895629455028,-0.0020390859343325705,0.00578774220977303,-0.0014760912495907607,-0.6909336818834559,-0.6748361367502214,2.4390819171850774e-07,0.8428294058869562,0.3659587378801552,0.0013383127775222889,6.957241070942281e-06,1.2101334137857047
4.300714285714285,-1.5236582920717776,-2.659935136854216,1.5236582920717776,2.659935136854216,-0.8961347363909029,-1.9358077840409438,0.005885243492321815,-0.002105606945388494,0.005921665380140215,-0.0016107516813704558,-0.6909335778717722,-0.6748359220252541,2.389638682044781e-07,0.8428297340556065,0.3659241456586687,0.0013727178654223797,6.816206007016872e-06,1.2101334137857045
4.307142857142857,-1.524254669026039,-2.6658067269285404,1.524254669026039,2.6658067269285404,-0.8993195212626091,-1.9395183668230815,0.0059532295205945275,-0.002173234206011366,0.006061648081677627,-0.001751106883385796,-0.6909334734203135,-0.6748357135701382,2.3414880724435696e-07,0.8428300556259986,0.3658881076417911,0.0014085716567653957,6.678861149629111e-06,1.2101334137857047
4.313571428571429,-1.52485104693903,-2.6716783180257955,1.52485104693903,2.6716783180257955,-0.9025041072276839,-1.9432284558165571,0.006022535217447952,-0.0022416626180726687,0.006207045217483836,-0.0018965155404892823,-0.690933368578842,-0.6748355112143881,2.2945711393225582e-07,0.8428303707677989,0.36585079043956725,0.001445707540227223,6.545038111364549e-06,1.2101334137857045
4.32,-1.5254474257904982,-2.677549910125701,1.5254474257904982,2.677549910125701,-0.9056884900419397,-1.9469380326238188,0.006092831120890429,-0.0023105882895993524,0.006357183185377311,-0.002046316751559763,-0.6909332633956603,-0.6748353147950301,2.2488299831473133e-07,0.8428306796431011,0.36581236976316056,0.0014839498079985097,6.414571444639574e-06,1.2101334137857047
4.326428571428571,-1.5260438055606929,-2.6834215032084834,1.5260438055606929,2.6834215032084834,-0.9088726664760364,-1.9506470812359575,0.006163778569732342,-0.00237970967962304,0.006511363119949622,-0.0021998329130079866,-0.6909331579178134,-0.674835124156328,2.204207872040428e-07,0.842830982406561,0.36577302948898127,0.001523114591175192,6.287298987445422e-06,1.2101334137857047
4.332857142857143,-1.5266401862303434,-2.6892930972548537,1.5266401862303434,2.6892930972548537,-0.9120566343592736,-1.9543555881336254,0.006235031620224822,-0.002448728624349949,0.006668864332044376,-0.0023563725981462858,-0.6909330521912791,-0.674834939149498,2.16064936198692e-07,0.8428312792055472,0.3657329606141587,0.0015630109037830385,6.163062215661501e-06,1.2101334137857045
4.339285714285714,-1.5272365677806339,-2.695164692245981,1.5272365677806339,2.695164692245981,-0.9152403926158993,-1.9580635423747499,0.006306239096060319,-0.0025173512484011873,0.006828947924399575,-0.0025152334246527504,-0.6909329462611467,-0.6748347596324141,2.1181004177793325e-07,0.842831570180309,0.36569236011302275,0.0016034417857751864,6.041706597919705e-06,1.2101334137857047
4.345714285714285,-1.5278329501931829,-2.7010362881634715,1.5278329501931829,2.7010362881634715,-0.9184239412931579,-1.9617709356680684,0.006377046751742483,-0.002585288767470721,0.006990860559835682,-0.002675704904015967,-0.6909328401717818,-0.674834585469304,2.076508533329935e-07,0.8428318554641562,0.36565142970608633,0.0016442055335132673,5.923081948888127e-06,1.2101334137857047
4.352142857142857,-1.5284293334500214,-2.7069078849893486,1.5284293334500214,2.7069078849893486,-0.921607281580419,-1.965477762431622,0.006447099526403531,-0.0026522581916368308,0.0071538383557759235,-0.00283707126872713,-0.6909327339669784,-0.6748344165304371,2.0358228499196145e-07,0.8428321351836591,0.3656103745550092,0.0016850970042597607,5.807042776674368e-06,1.2101334137857047
4.3585714285714285,-1.5290257175335715,-2.712779482706028,1.5290257175335715,2.712779482706028,-0.9247904158188421,-1.9691840198354735,0.006516043863287364,-0.00271798294046043,0.00731711087720072,-0.0029986142742623517,-0.6909326276900947,-0.6748342526918064,1.995994270953997e-07,0.8428324094588603,0.36556940189834325,0.00172590897988112,5.693448620058808e-06,1.2101334137857047
4.365,-1.5296221024266268,-2.7186510812962994,1.5296221024266268,2.7186510812962994,-0.9279733475011945,-1.9728897078280903,0.006583530068110139,-0.0027821933831047867,0.007479905198287975,-0.0031596159743386572,-0.6909325213841753,-0.6748340938348046,1.9569755717810426e-07,0.8428326784035026,0.3655287196442877,0.0017664335735433244,5.582164371226549e-06,1.210133413785705
4.371428571428571,-1.5302184881123329,-2.724522680743305,1.5302184881123329,2.724522680743305,-0.9311560812615763,-1.9765948291459736,0.006649214678419775,-0.002844627317962752,0.0076414500019121945,-0.0033193614688377727,-0.6909324150920569,-0.6748339398458961,1.9187215031563365e-07,0.8428329421252706,0.36548853493752453,0.0018064636623299245,5.473060579770982e-06,1.210133413785705
4.377857142857143,-1.5308148745741699,-2.7303942810305264,1.5308148745741699,2.7303942810305264,-0.9343386228549689,-1.9802993893062961,0.006712762815292222,-0.0029050304072787067,0.007800979685333841,-0.0034771416245593266,-0.6909323088564582,-0.6748337906162872,1.881188886980774e-07,0.8428332007260456,0.3654490527178711,0.0018457943280540269,5.366013733866131e-06,1.2101334137857045
4.384285714285714,-1.5314112617959341,-2.736265882141756,1.5314112617959341,2.736265882141756,-0.9375209791266864,-1.984003396582482,0.00677385048854944,-0.002963156582706991,0.007957738440073584,-0.0036322557694013335,-0.6909322027200532,-0.6748336460415951,1.8443367030038122e-07,0.8428334543021722,0.3654104742887466,0.0018842242882712366,5.260906514719108e-06,1.2101334137857047
4.390714285714286,-1.532007649761722,-2.742137484061089,1.532007649761722,2.742137484061089,-0.9407031579719674,-1.9877068619628433,0.00683216682703139,-0.003018768437718914,0.00811098427406758,-0.0037840143606801425,-0.6909320967255289,-0.6748335060215181,1.8081261652720114e-07,0.842833702944735,0.36537299591339745,0.0019215572995515539,5.157628020682894e-06,1.2101334137857047
4.397142857142857,-1.5326040384559143,-2.7480090867729015,1.5326040384559143,2.7480090867729015,-0.9438851682861081,-1.9914097990925668,0.0068874162064469615,-0.0030716376222268563,0.008259992944794566,-0.00393174162811957,-0.6909319909156263,-0.6748333704595088,1.7725207872176625e-07,0.8428339467398461,0.365336807456375,0.0019576035155259046,5.0560739577635325e-06,1.2101334137857047
4.4035714285714285,-1.5332004278631621,-2.7538806902618393,1.5332004278631621,2.7538806902618393,-0.9470670199056818,-1.9951122241995076,0.006939320248679745,-0.0031215452538579298,0.008404061773012218,-0.004074778191571514,-0.6909318853331654,-0.6748332392624502,1.7374864344096726e-07,0.842834185768939,0.3653020910870624,0.0019921807829100116,4.956146793646534e-06,1.210133413785705
4.41,-1.533796817968372,-2.7597522945127992,1.533796817968372,2.7597522945127992,-0.9502487235415294,-1.9988141560044195,0.006987619668480457,-0.0031682823588156765,0.00854251330823597,-0.004212483652738935,-0.6909317800210546,-0.6748331123403406,1.7029913641463528e-07,0.8428344201090686,0.36526902006092116,0.0020251158598422548,4.857755872847289e-06,1.210133413785705
4.416428571428571,-1.5343932087566954,-2.7656238995109166,1.5343932087566954,2.7656238995109166,-0.9534302907043474,-2.0025156156164106,0.0070320759458320035,-0.003211650353462956,0.008674698818888318,-0.004344239159157558,-0.6909316750222855,-0.6748329896059843,1.669006251236615e-07,0.8428346498332173,0.3652377575927961,0.002056245542200619,4.760817491097733e-06,1.2101334137857052
4.422857142857143,-1.534989600213515,-2.7714955052415555,1.534989600213515,2.7714955052415555,-0.9566117336237937,-2.006216626414545,0.007072472805051867,-0.003251461575599025,0.008800001582202044,-0.004469449937459631,-0.6909315703799123,-0.6748328709746928,1.6355041994992452e-07,0.8428348750106012,0.36520845583501005,0.0020854176851661235,4.665254927636204e-06,1.2101334137857052
4.429285714285714,-1.535585992324436,-2.777367111690293,1.535585992324436,2.777367111690293,-0.9597930651621362,-2.00991721391665,0.007108617485026155,-0.003287539871776208,0.00891783995160552,-0.004587547791419072,-0.6909314661370186,-0.6748327563639972,1.6024607387122518e-07,0.842835095706979,0.3651812549710314,0.002112492109259885,4.5709984346784674e-06,1.210133413785705
4.435714285714286,-1.5361823850752743,-2.7832387188429113,1.5361823850752743,2.7832387188429113,-0.9629742987235438,-2.0136174056364897,0.007140341788117347,-0.0033197212445057155,0.00902767018186178,-0.00469799355882217,-0.6909313623366714,-0.674832645693374,1.5698538069347662e-07,0.8428353119849586,0.36515628243362763,0.0021373413819346316,4.4779851839208835e-06,1.2101334137857047
4.442142857142857,-1.5367787784520508,-2.7891103266853863,1.5367787784520508,2.7891103266853863,-0.966155448160168,-2.017317230930576,0.0071675028993538024,-0.003347854559973925,0.009128988995571324,-0.004800279519322137,-0.6909312590218623,-0.6748325388839836,1.537663718347272e-07,0.8428355239043018,0.36513365225398187,0.002159851468250739,4.3861591705966826e-06,1.210133413785705
4.448571428571428,-1.537375172440981,-2.7949819352038823,1.537375172440981,2.7949819352038823,-0.9693365276762005,-2.0210167208359304,0.0071899839708350404,-0.003371802314261086,0.009221335877438864,-0.0048939317439073236,-0.6909311562354394,-0.6748324358584268,1.5058731169414423e-07,0.8428357315222222,0.36511346454624777,0.0021799222461587704,4.295471076159714e-06,1.210133413785705
4.455,-1.5379715670284704,-2.800853544384738,1.5379715670284704,2.800853544384738,-0.9725175517310888,-2.0247159079001973,0.007207694470497171,-0.0033914414527445786,0.009304295086280995,-0.004978512374701013,-0.6909310540200302,-0.6748323365405153,1.4744669166046695e-07,0.8428359348936795,0.36509580512945183,0.0021974678844823756,4.205878091306565e-06,1.210133413785705
4.461428571428572,-1.538567962201107,-2.8067251542144667,1.538567962201107,2.8067251542144667,-0.9756985349430933,-2.028414826005516,0.007220570297956069,-0.0034066642346022554,0.009377497377871236,-0.005053621822242274,-0.6909309524179545,-0.6748322408550623,1.443432228322928e-07,0.8428361340716624,0.3650807452864615,0.0022124170838795673,4.117343701575526e-06,1.2101334137857052
4.4678571428571425,-1.5391643579456578,-2.8125967646797436,1.5391643579456578,2.8125967646797436,-0.9788794919943195,-2.032113510187577,0.0072285736738499536,-0.003417379131503042,0.009440621435008024,-0.0051189008658222585,-0.6909308514711331,-0.6748321487276899,1.4127582753988168e-07,0.8428363291074643,0.36506834165745516,0.002224713183347044,4.029837438270028e-06,1.2101334137857047
4.474285714285714,-1.5397607542490637,-2.818468375767408,1.5397607542490637,2.818468375767408,-0.9820604375383056,-2.035811996451278,0.007231692812738185,-0.0034235117468731546,0.009493395004523545,-0.00517403264100533,-0.6909307512209889,-0.6748320600846561,1.382436297740992e-07,0.8428365200509463,0.36505863626305873,0.002234314137101821,3.943334597919227e-06,1.210133413785705
4.480714285714286,-1.5403571510984368,-2.824339987464452,1.5403571510984368,2.824339987464452,-0.9852413861111675,-2.0395103215843644,0.0072299413925530406,-0.003425005740018269,0.009535595743734877,-0.005218744497394382,-0.690930651708346,-0.6748319748527019,1.3524594464001788e-07,0.8428367069507884,0.3650516566504678,0.00224119236851475,3.857815933829875e-06,1.210133413785705
4.487142857142857,-1.5409535484810575,-2.8302115997580217,1.5409535484810575,2.8302115997580217,-0.9884223520472057,-2.0432085229703847,0.007223357836853384,-0.003421823737158414,0.009567051782041149,-0.0052528097086609995,-0.6909305529733244,-0.6748318929589167,1.3228226696471966e-07,0.8428368898547262,0.36504741615380554,0.0022453345098495396,3.7732673236268638e-06,1.210133413785705
4.493571428571428,-1.5415499463843725,-2.836083212635413,1.5415499463843725,2.836083212635413,-0.9916033493997752,-2.046906638402239,0.007212004428254585,-0.0034139482101201604,0.009587642005614924,-0.005276049016372337,-0.6909304550552342,-0.6748318143306244,1.2935225919515403e-07,0.842837068809774,0.36504591425858735,0.0022467410379264944,3.6896794168498916e-06,1.210133413785705
4.5,-1.5421463447959938,-2.8419548260840695,1.5421463447959938,2.8419548260840695,-0.9947843918680747,-2.0506047058975,0.007195966273761781,-0.0034013823021043234,0.009597296075751636,-0.00528833198877761,-0.6909303579924699,-0.6748317388952894,1.2645573872801858e-07,0.842837243862433,0.36504713705862013,0.002245425817384774,3.6070472668366903e-06,1.2101334137857047
4.506428571428572,-1.5427427437036978,-2.8478264400915796,1.5427427437036978,2.8478264400915796,-0.9979654927304044,-2.054302763516602,0.007175350144138215,-0.00338415057941725,0.009595994193271023,-0.005289578175855106,-0.6909302618224055,-0.6748316665804392,1.2359266481505675e-07,0.8428374150588808,0.36505105779269675,0.0022414155641759916,3.525369951144745e-06,1.2101334137857047
4.5128571428571425,-1.5433391430954249,-2.8536980546456787,1.5433391430954249,2.8536980546456787,-1.0011466647842773,-2.0580008491848973,0.007150283210573991,-0.003362299687847106,0.00958376662306343,-0.005279758042337088,-0.6909301665812915,-0.6748315973136093,1.2076312518665113e-07,0.8428375824451485,0.3650576374476372,0.002234749242734169,3.444650184726692e-06,1.2101334137857045
4.519285714285714,-1.543935542959281,-2.859569669734248,1.543935542959281,2.859569669734248,-1.0043279202936333,-2.0616990005194467,0.007120911702462031,-0.0033358988927767253,0.009560692994194833,-0.005258893661332773,-0.6909300723041557,-0.6748315310223019,1.1796732253319336e-07,0.8428377460672776,0.36506682541376767,0.002225477410729563,3.364893929951461e-06,1.2101334137857047
4.525714285714286,-1.5445319432835358,-2.8654412853453133,1.5445319432835358,2.8654412853453133,-1.0075092709432576,-2.0653972546613124,0.007087399510101568,-0.0033050404829299378,0.009526901391810122,-0.005227059152294998,-0.6909299790247085,-0.6748314676339647,1.1520556097775416e-07,0.8428379059714628,0.36507856017879925,0.0022136615254351576,3.2861100073647897e-06,1.2101334137857045
4.5321428571428575,-1.5451283440566264,-2.871312901467046,1.5451283440566264,2.871312901467046,-1.0106907278003616,-2.0690956481139935,0.007049926755624341,-0.003269840019154163,0.009482567257688451,-0.00518438084884372,-0.6909298867752525,-0.6748314070759841,1.124782326655093e-07,0.842838062204177,0.3650927700462576,0.002199373225559393,3.208309710821752e-06,1.2101334137857047
4.538571428571428,-1.5457247452671568,-2.8771845180877644,1.5457247452671568,2.8771845180877644,-1.0138723012831488,-2.0727942165885245,0.007008688354484613,-0.003230436411339979,0.009427912116383289,-0.0051310371837351544,-0.6909297955865983,-0.6748313492756931,1.0978580458552922e-07,0.8428382148122792,0.3651093738650759,0.0021826936019193922,3.131506430312667e-06,1.210133413785705
4.545,-1.5463211469039007,-2.8830561351959387,1.5463211469039007,2.8830561351959387,-1.017054001136057,-2.07649299485565,0.006963892588320602,-0.003186991809029325,0.009363202143726837,-0.005067258280738222,-0.6909297054879873,-0.6748312941603936,1.071288057290255e-07,0.842838363843109,0.365128281757785,0.0021637124695254107,3.0557152854438636e-06,1.2101334137857047
4.551428571428572,-1.5469175489558025,-2.888927752780185,1.5469175489558025,2.888927752780185,-1.02023583641125,-2.0801920166053587,0.006915759708126813,-0.0031396912938774237,0.00928874659391681,-0.0049933252456852515,-0.690929616507021,-0.6748312416573906,1.0450781467569854e-07,0.8428385093445621,0.3651493958357661,0.0021425276526044214,2.980952772150695e-06,1.2101334137857047
4.557857142857142,-1.5475139514119787,-2.8947993708292734,1.5475139514119787,2.8947993708292734,-1.023417815455841,-2.08389131431398,0.006864520584438766,-0.0030887423651410235,0.009204896100605294,-0.004909569151803046,-0.6909295286695978,-0.674831191694038,1.0192344768676044e-07,0.8428386513651545,0.36517261089130437,0.002119244292820786,2.907236424820207e-06,1.2101334137857043
4.564285714285714,-1.5481103542617214,-2.9006709893321294,1.5481103542617214,2.9006709893321294,-1.0265999459042296,-2.0875909191189357,0.006810415418504699,-0.0030343742128483716,0.009112040866250799,-0.004816369717653032,-0.6909294419998578,-0.6748311441977934,9.937634736942393e-08,0.8428387899540697,0.3651978150577674,0.0020939741893721085,2.834584495582716e-06,1.2101334137857045
4.570714285714286,-1.548706757494499,-2.9065426082778325,1.548706757494499,2.9065426082778325,-1.0297822346748768,-2.0912908607011618,0.006753692525826018,-0.0029768367765245453,0.009010608752797631,-0.004714153678959379,-0.690929356520136,-0.674831099096282,9.686717196486094e-08,0.8428389251611924,0.3652248904307508,0.002066835178109326,2.763015652147536e-06,1.2101334137857047
4.577142857142857,-1.5493031610999592,-2.912414227655622,1.5493031610999592,2.912414227655622,-1.032964687970793,-2.0949911671751518,0.006694607200092524,-0.0029163995914205107,0.008901063285104642,-0.004603392859317498,-0.6909292722509227,-0.6748310563173673,9.439658529786778e-08,0.8428390570371326,0.3652537136450378,0.0020379505548392576,2.6925486951469303e-06,1.2101334137857045
4.583571428571428,-1.5498995650679301,-2.9182858474548974,1.5498995650679301,2.9182858474548974,-1.036147311282987,-2.098691864986508,0.00663342066280099,-0.002853350427445973,0.008783901577132144,-0.0044846019477313365,-0.690929189210834,-0.6748310157892279,9.196524741521581e-08,0.8428391856332333,0.36528415640386624,0.0020074485463094415,2.6232022956212492e-06,1.2101334137857047
4.59,-1.5504959693884228,-2.9241574676652244,1.5504959693884228,2.9241574676652244,-1.0393301093961178,-2.102392978816859,0.006570399100395817,-0.0027879937300682046,0.008659652189079405,-0.004358335994625778,-0.6909291074165884,-0.674830977440439,8.957380592766136e-08,0.842839311001571,0.36531608595909515,0.0019754618302856935,2.5549947529265826e-06,1.2101334137857047
4.5964285714285715,-1.551092374051633,-2.930029088276331,1.551092374051633,2.930029088276331,-1.0425130863956018,-2.1060945314959607,0.006505812787877331,-0.0027206488757911367,0.008528872922088935,-0.004225187641049216,-0.6909290268829941,-0.6748309412000562,8.722288806102906e-08,0.8428394331949427,0.36534936554264197,0.0019421271043469975,2.487943773071751e-06,1.210133413785705
4.602857142857143,-1.551688779047943,-2.9359007092781146,1.551688779047943,2.9359007092781146,-1.0456962456754735,-2.1097965439208015,0.0064399352948561,-0.0026516482582472295,0.008392148555501409,-0.00408578409893269,-0.6909289476229423,-0.674830906997703,8.491309341299306e-08,0.842839552266846,0.3653838547514121,0.0019075847011790646,2.4220662672422372e-06,1.2101334137857043
4.609285714285714,-1.552285184367923,-2.9417723306606427,1.552285184367923,2.9417723306606427,-1.0488795899463403,-2.113499034981537,0.006373042767182046,-0.0025813352241882796,0.008250088530055565,-0.00394078390331643,-0.6909288696474105,-0.6748308747636582,8.264498740463382e-08,0.8428396682714494,0.3654194098897242,0.0018719782463609788,2.357378170058783e-06,1.2101334137857045
4.615714285714286,-1.552881590002333,-2.947643952414157,1.552881590002333,2.947643952414157,-1.0520631212428497,-2.117202021494076,0.006305413275030408,-0.0025100618812114186,0.008103324579168363,-0.0037908734598863783,-0.690928792965472,-0.6748308444289441,8.041909541040861e-08,0.842839781263554,0.3654558842746797,0.0018354543531939411,2.29389427697389e-06,1.2101334137857045
4.622142857142857,-1.5534779959421232,-2.9535155745290727,1.5534779959421232,2.9535155745290727,-1.0552468409301687,-2.1209055181392027,0.006237326215925659,-0.002438186801770038,0.00795250830908893,-0.003636763413819772,-0.690928717584314,-0.6748308159254133,7.82358975450832e-08,0.8428398912985501,0.3654931285114706,0.0017981623475838452,2.23162810007602e-06,1.2101334137857045
4.628571428571428,-1.5540744021784358,-2.959387196995979,1.5540744021784358,2.959387196995979,-1.0584307497090832,-2.124609537408128,0.00616906175972081,-0.0023660726496633594,0.007798308727914004,-0.0034791848676396747,-0.6909286435092625,-0.674830789185834,7.609582408355265e-08,0.8428399984323657,0.365530990746604,0.0017602540149934652,2.170591741513518e-06,1.2101334137857047
4.635,-1.5546708087026058,-2.9652588198056473,1.5546708087026058,2.9652588198056473,-1.0616148476194305,-2.1283140895544417,0.006100900321023199,-0.0022940837569110193,0.007641409722633966,-0.0033188854776371266,-0.690928570743815,-0.6748307641439729,7.399925148699121e-08,0.84284010272141,0.36556931690805494,0.0017218833604560103,2.110795783696155e-06,1.2101334137857047
4.6414285714285715,-1.555267215506161,-2.971130442949027,1.555267215506161,2.971130442949027,-1.0647991340416871,-2.1320191825524653,0.006033122043836686,-0.0022225836797219543,0.007482507483038247,-0.0031566254594798874,-0.6909284992896789,-0.6748307407346746,7.194649900811209e-08,0.842840204222512,0.3656079509419058,0.0016832063720912608,2.052249195433133e-06,1.2101334137857047
4.647857142857143,-1.5558636225808233,-2.977002066417247,1.5558636225808233,2.977002066417247,-1.0679836076966758,-2.1357248220620946,0.005966006282765228,-0.002151932762736477,0.007322307871163382,-0.0029931735344441253,-0.6909284291468173,-0.6748307188939374,6.993782584803515e-08,0.842840302992855,0.3656467350553978,0.0016443807781984041,1.994959253178036e-06,1.2101334137857043
4.654285714285714,-1.5564600299185074,-2.982873690201619,1.5564600299185074,2.982873690201619,-1.0711682666434605,-2.139431011400265,0.0058998310652803015,-0.002082485740536785,0.007161523735196984,-0.0028293028480101496,-0.6909283603134999,-0.6748306985589839,6.79734288379833e-08,0.8428403990899063,0.36568550997632554,0.0016055657879961139,1.9389314765919147e-06,1.2101334137857045
4.660714285714286,-1.5570564375113225,-2.9887453142936398,1.5570564375113225,2.9887453142936398,-1.0743531082756284,-2.143137751519241,0.0058348725201156325,-0.0020145894047836187,0.00700087216722122,-0.0026657868924356426,-0.6909282927863603,-0.6748306796683281,6.605344061999012e-08,0.8428404925713451,0.36572411523846926,0.001566921806312442,1.8841695776824675e-06,1.2101334137857047
4.667142857142857,-1.5576528453515706,-2.9946169386849877,1.5576528453515706,2.9946169386849877,-1.0775381293162691,-2.146845040991999,0.005771404258031993,-0.0019485803640031045,0.0068410717050734395,-0.0025033954643022905,-0.6909282265604578,-0.6748306621618356,6.41779283024614e-08,0.8428405834949869,0.36576238950212325,0.001528610113171435,1.8306754228432887e-06,1.2101334137857045
4.673571428571429,-1.5582492534317458,-3.0004885633675253,1.5582492534317458,3.0004885633675253,-1.0807233258120765,-2.1505528760050137,0.005709696692602142,-0.0018847829214540244,0.006682839479610427,-0.0023428906870815343,-0.6909281616293452,-0.6748306459807792,6.23468925677495e-08,0.8428406719187067,0.36580017091800326,0.0014907924999874264,1.778449007171058e-06,1.2101334137857045
4.68,-1.5588456617445343,-3.0063601883332987,1.5588456617445343,3.0063601883332987,-1.0839086931270845,-2.154261250358826,0.005650016290727136,-0.0018235070941690884,0.006526888310121334,-0.002185023127283135,-0.69092809798514,-0.6748306310678883,6.056026721080062e-08,0.8428407579003587,0.36583729754161753,0.0014536308552875975,1.7274884405080107e-06,1.2101334137857045
4.686428571428571,-1.559442070282813,-3.012231813574541,1.559442070282813,3.012231813574541,-1.0870942259366407,-2.157970155476789,0.005592624744830224,-0.0017650467937185908,0.006373923752180535,-0.0020305280309978195,-0.6909280356185995,-0.674830617367392,5.881791908925029e-08,0.8428408414976981,0.3658736078038667,0.0014172866941948893,1.6777899447067586e-06,1.2101334137857047
4.692857142857143,-1.5600384790396469,-3.0181034390836663,1.5600384790396469,3.0181034390836663,-1.0902799182222773,-2.1616795804224265,0.005537778061252935,-0.0017096781862976477,0.006224641104003141,-0.0018801217055583164,-0.6909279745192005,-0.6748306048250563,5.7119648466654503e-08,0.8428409227682991,0.3659089410420915,0.0013819206274519784,1.6293478616619148e-06,1.2101334137857043
4.699285714285714,-1.5606348880082894,-3.0239750648532713,1.5606348880082894,3.0239750648532713,-1.0934657632681994,-2.1653895119258513,0.005485725562367969,-0.001657658246296399,0.006079722379395964,-0.0017344980685102536,-0.6909279146752211,-0.6748305933882142,5.546518973172078e-08,0.8428410017694746,0.36594313809395906,0.0013476917675989786,1.5821546716943115e-06,1.2101334137857045
4.7057142857142855,-1.561231297182179,-3.0298466908761386,1.561231297182179,3.0298466908761386,-1.0966517536601357,-2.169099934419693,0.00543670880267822,-0.0016092235143177465,0.005939833257250977,-0.001594325383672686,-0.6909278560738252,-0.6748305830057902,5.385421247668002e-08,0.8428410785581962,0.3659760419548853,0.0013147570716009426,1.536201021885432e-06,1.2101334137857045
4.712142857142857,-1.5618277065549377,-3.0357183171452284,1.5618277065549377,3.0357183171452284,-1.099837881287294,-2.17281083008495,0.005390960402641322,-0.001564589066545687,0.005805620019843378,-0.001460243200930193,-0.6909277987011495,-0.6748305736283188,5.228632291881048e-08,0.8428411531910139,0.36600749849751857,0.0012832706214079702,1.4914757639876981e-06,1.2101334137857045
4.718571428571429,-1.562424116120369,-3.0415899436536824,1.562424116120369,3.0415899436536824,-1.103024137348176,-2.1765221789071822,0.005348702806697474,-0.001523947699112191,0.00567770649399654,-0.0013328595138085428,-0.6909277425423921,-0.6748305652079548,5.0761065648451345e-08,0.8428412257239785,0.3660373572500832,0.0012533828456413115,1.4479660015155961e-06,1.2101334137857045
4.725,-1.5630205258724537,-3.0474615703948187,1.5630205258724537,3.0474615703948187,-1.1062105123609456,-2.180233958743379,0.005310146975370813,-0.0014874693270345127,0.00555669101138718,-0.0012127481455911089,-0.6909276875819014,-0.67483055769848,4.927792568698584e-08,0.842841296212564,0.3660654722282132,0.0012252396877816803,1.4056571456251137e-06,1.2101334137857043
4.731428571428571,-1.5636169358053498,-3.0533331973621345,1.5636169358053498,3.0533331973621345,-1.1093969961790178,-2.183946145399792,0.005275491024054448,-0.001455300593913939,0.005443143406006412,-0.001100446371903189,-0.6909276338032667,-0.6748305510553018,4.783633083731486e-08,0.8428413647115937,0.3660917028131265,0.0011989817280049872,1.3645329793565923e-06,1.2101334137857043
4.737857142857143,-1.5642133459133876,-3.059204824549299,1.5642133459133876,3.059204824549299,-1.1125835780124358,-2.187658712720934,0.0052449188238379565,-0.001427564685127436,0.005337602068509307,-0.0009964527847351446,-0.6909275811894081,-0.6748305452354469,4.643565430850568e-08,0.8428414312751673,0.3661159146671895,0.0011747432676175527,1.3245757297862189e-06,1.2101334137857043
4.744285714285714,-1.5648097561910668,-3.0650764519501523,1.5648097561910668,3.0650764519501523,-1.115770246455538,-2.191371632689865,0.005218598582264617,-0.0014043613339281985,0.005240571078701417,-0.000901225399928601,-0.6909275297226664,-0.6748305401975501,4.507521759536902e-08,0.8428414959565922,0.36613798067622233,0.0011526513867421203,1.2857661475976672e-06,1.2101334137857043
4.7507142857142854,-1.5654061666330539,-3.0709480795587076,1.5654061666330539,3.0709480795587076,-1.118956989521298,-2.1950848755397567,0.005196681423808272,-0.0013857670072510968,0.005152517438491583,-0.0008151800077272019,-0.6909274793848914,-0.6748305359018361,4.375429359231953e-08,0.8428415588083166,0.3661577819065909,0.0011328249872033676,1.2480835935365823e-06,1.2101334137857043
4.757142857142857,-1.5660025772341781,-3.0768197073691406,1.5660025772341781,3.0768197073691406,-1.1221437946825907,-2.1987984098766304,0.00517929999176953,-0.0013718352551991915,0.005073868428633341,-0.0007386887632542947,-0.6909274301575301,-0.6748305323100976,4.247210991998278e-08,0.8428416198818663,0.366175208563783,0.0011153738339236426,1.211506131176786e-06,1.210133413785704
4.763571428571429,-1.5665989879894282,-3.0826913353757917,1.5665989879894282,3.0826913353757917,-1.1253306489205313,-2.202512202813026,0.0051665670943006545,-0.001362597206434851,0.005005009112973165,-0.0006720790119140644,-0.6909273820217113,-0.674830529385669,4.122785244157622e-08,0.8428416792277882,0.36619016093839285,0.0011003976088979626,1.176010625376125e-06,1.2101334137857043
4.77,-1.567195398893948,-3.0885629635731613,1.567195398893948,3.0885629635731613,-1.128517538779867,-2.206226220112234,0.005158574418184018,-0.001358062189830232,0.004946280014144422,-0.0006156323425792783,-0.6909273349583297,-0.6748305270933942,4.0020668945251994e-08,0.842841736895592,0.3662025503246894,0.0010879849925769032,1.141572845767079e-06,1.210133413785704
4.776428571428571,-1.5677918099430337,-3.094434591955909,1.5677918099430337,3.094434591955909,-1.1317044504312794,-2.209940426342571,0.005155391334121461,-0.0013582184617587474,0.004897974984326832,-0.0005695838600119142,-0.6909272889481254,-0.6748305253995919,3.8849672967552006e-08,0.8428417929337039,0.3662122998967003,0.0010782127877256473,1.1081675745882338e-06,1.2101334137857045
4.782857142857143,-1.568388221132129,-3.1003062205188443,1.568388221132129,3.1003062205188443,-1.134891369740289,-2.2136547850410646,0.005157063817061024,-0.0013630340177335815,0.004860339294060449,-0.0005341216666968106,-0.6909272439717619,-0.674830524272017,3.7713947732472114e-08,0.8428418473894169,0.3662193455267126,0.001071145100856516,1.0757687181355771e-06,1.210133413785704
4.789285714285715,-1.5689846324568215,-3.106177849256929,1.5689846324568215,3.106177849256929,-1.1380782823423252,-2.2173692588857477,0.005163613504202305,-0.0013724574670260525,0.004833567960942067,-0.0005093865433788218,-0.6909272000098988,-0.674830523679818,3.661255018003161e-08,0.842841900308854,0.36622363653147016,0.0010668325959592624,1.044349421087364e-06,1.2101334137857043
4.795714285714285,-1.5695810439128381,-3.112049478165269,1.5695810439128381,3.112049478165269,-1.1412651737233783,-2.2210838098756622,0.0051750369120995955,-0.0013864189492746582,0.004817804338665438,-0.0004954718171241101,-0.6909271570432628,-0.6748305235934929,3.5544515058100795e-08,0.8428419517369287,0.3662251363319553,0.0010653118346373436,1.0138821829450998e-06,1.2101334137857043
4.802142857142857,-1.5701774554960422,-3.117921107239115,1.5701774554960422,3.117921107239115,-1.1444520293055158,-2.2247983995175207,0.005191304832272621,-0.0014048310730691105,0.004813138984789383,-0.0004924234055118592,-0.6909271150527118,-0.6748305239848419,3.450885905095241e-08,0.8428420017173176,0.3662238230137259,0.0010666047156849393,9.843389758184831e-07,1.2101334137857043
4.808571428571429,-1.5707738672024276,-3.1237927364738534,1.5707738672024276,3.1237927364738534,-1.1476388345364301,-2.2285129890178696,0.005212361922661235,-0.001427589857756867,0.004819608823595377,-0.0005002400257547136,-0.6909270740192966,-0.6748305248269177,3.3504584918452695e-08,0.8428420502924326,0.36621968977594355,0.0010707180259654173,9.5569136278982e-07,1.210133413785704
4.8149999999999995,-1.571370279028116,-3.1296643658650045,1.571370279028116,3.1296643658650045,-1.1508255749820768,-2.2322275394795073,0.00523812650935658,-0.0014545756616060348,0.004837196617613129,-0.0005188735580035058,-0.6909270339243175,-0.6748305260939756,3.253068561993398e-08,0.8428420975034024,0.36621274525889347,0.0010776431127924074,9.279106160923295e-07,1.2101334137857045
4.821428571428571,-1.5719666909693515,-3.1355359954082216,1.5719666909693515,3.1355359954082216,-1.1540122364213785,-2.235942012100799,0.005268490610084503,-0.0014856540815582772,0.004865830758632699,-0.0005482295528469092,-0.6909269947493745,-0.6748305277614208,3.158614839753012e-08,0.8428421433900567,0.3662030137415391,0.0010873556862742457,9.009678343544581e-07,1.2101334137857045
4.827857142857143,-1.5725631030224976,-3.141407625099281,1.5725631030224976,3.141407625099281,-1.157198804941886,-2.2396563683764823,0.005303320187575584,-0.0015206768122434935,0.004905385385921981,-0.0005881678739766517,-0.6909269564764137,-0.6748305298057565,3.066995879451554e-08,0.8428421879909179,0.366190535202629,0.0010998157580993395,8.748340581814005e-07,1.2101334137857045
4.8342857142857145,-1.573159515184032,-3.1472792549340802,1.573159515184032,3.1472792549340802,-1.1603852670352552,-2.24337057029849,0.005342455637186029,-0.0015594824547809404,0.00495568083589786,-0.0006385034682388696,-0.6909269190877687,-0.6748305322045302,2.9781104584924862e-08,0.8428422313431955,0.36617536524115063,0.0011149677209750515,8.49480383363998e-07,1.2101334137857047
4.840714285714285,-1.5737559274505435,-3.1531508849086363,1.5737559274505435,3.1531508849086363,-1.1635716096913618,-2.2470845805552986,0.005385712509712339,-0.0016018972685302516,0.005016484424354176,-0.0006990072565099067,-0.6909268825661954,-0.6748305349362808,2.8918579592083088e-08,0.8428422734827886,0.3661575748539946,0.0011327405708501032,8.248780710432167e-07,1.2101334137857043
4.847142857142857,-1.5743523398187265,-3.159022515019079,1.5743523398187265,3.159022515019079,-1.16675782048987,-2.250798362728288,0.005432882466080756,-0.0016477358622896457,0.005087511558424627,-0.0007694071404287993,-0.6909268468949022,-0.6748305379804858,2.808138737439214e-08,0.8428423144442915,0.3661372500713078,0.0011530482714509221,8.00998654177949e-07,1.2101334137857043
4.853571428571429,-1.5749487522853785,-3.1648941452616466,1.5749487522853785,3.1648941452616466,-1.1699438876880925,-2.254511881483606,0.005483734457260748,-0.001696801824076247,0.005168427172370771,-0.000849389121318403,-0.6909268120575749,-0.6748305413175095,2.7268544758388343e-08,0.8428423542610045,0.366114491452065,0.001175790258595315,7.778140397124462e-07,1.2101334137857043
4.86,-1.575545164847395,-3.1707657756326815,1.575545164847395,3.1707657756326815,-1.1731298003040218,-2.258225102758083,0.005538016118633303,-0.001748888291893108,0.005258847477442012,-0.0009385985292482857,-0.6909267780383954,-0.6748305449285514,2.647908520001229e-08,0.84284239296495,0.3660894134449504,0.0012008520791981954,7.552966058665224e-07,1.2101334137857045
4.866428571428571,-1.576141577501767,-3.176637406128628,1.576141577501767,3.176637406128628,-1.176315548193472,-2.2619379939377673,0.005595455364723421,-0.0018037784705322414,0.005358342012902623,-0.0010366413615137155,-0.6909267448220564,-0.6748305487955965,2.5712061956599443e-08,0.842842430586893,0.3660621436217204,0.0012281061577971647,7.334192940180747e-07,1.2101334137857047
4.872857142857143,-1.5767379902455758,-3.1825090367460285,1.5767379902455758,3.1825090367460285,-1.1795011221203555,-2.265650524027744,0.005655762166860999,-0.0018612461021176817,0.005466435982101184,-0.0011430857311190113,-0.6909267123937698,-0.6748305529013667,2.496655105346933e-08,0.8428424671563655,0.3660328217923278,0.0012574126813163667,7.121556946883206e-07,1.2101334137857043
4.8792857142857144,-1.5773344030759902,-3.188380667481516,1.5773344030759902,3.188380667481516,-1.1826865138192193,-2.2693626638119766,0.005718630493225151,-0.0019210559005379986,0.00558261285437831,-0.0012574634270356433,-0.6909266807392704,-0.6748305572292755,2.4241654030353967e-08,0.8428425027016956,0.36600159901307167,0.001288620590810203,6.914801271811243e-07,1.2101334137857047
4.885714285714285,-1.5779308159902623,-3.1942522983318122,1.5779308159902623,3.1942522983318122,-1.1858717160492895,-2.2730743860020297,0.0057837403883460245,-0.001982963961761727,0.005706317211168301,-0.0013792715888584451,-0.6909266498448152,-0.6748305617633824,2.3536500454624632e-08,0.8428425372500392,0.365968636500567,0.0013215686673857755,6.713677124796612e-07,1.2101334137857045
4.892142857142857,-1.5785272289857253,-3.2001239292937282,1.5785272289857253,3.2001239292937282,-1.1890567226394073,-2.2767856653736485,0.005850760166676934,-0.0020467181638867482,0.005836957812006268,-0.001507974499276312,-0.6909266196971776,-0.6748305664883509,2.2850250189624303e-08,0.8428425708274178,0.3659341044659412,0.0013560866979065466,6.517944390446824e-07,1.2101334137857045
4.898571428571429,-1.579123642059789,-3.205995560364153,1.579123642059789,3.205995560364153,-1.192241528523369,-2.2804964788902993,0.005919348693441824,-0.0021120585717683397,0.005973910854479675,-0.001643005498100455,-0.6909265902836372,-0.6748305713894097,2.2182095408313622e-08,0.842842603458755,0.36589818088461007,0.0013919967051182816,6.327372212163345e-07,1.2101334137857045
4.905,-1.5797200552099373,-3.211867191540055,1.5797200552099373,3.211867191540055,-1.1954261297653654,-2.284206805812938,0.005989157724566983,-0.0021787178619863713,0.006116523400349033,-0.001783769021786392,-0.690926561591966,-0.6748305764523148,2.1531262344002864e-08,0.8428426351679208,0.3658610502179514,0.001429114225882268,6.141739499692612e-07,1.2101334137857045
4.911428571428571,-1.580316468433725,-3.2177388228184776,1.580316468433725,3.2177388228184776,-1.1986105235753444,-2.2879166277954064,0.00605983427699843,-0.0022464217840831653,0.006264116939048912,-0.0019296427721528578,-0.6909265336104103,-0.6748305816633152,2.0897012771875137e-08,0.8428426659777748,0.3658229021036109,0.0014672496207829672,5.960835358295611e-07,1.2101334137857047
4.917857142857143,-1.5809128817287752,-3.223610454196537,1.5809128817287752,3.223610454196537,-1.2017947083143006,-2.2916259289650327,0.0061310230005548125,-0.002314889673840048,0.006415991059011128,-0.002079980017525318,-0.6909265063276698,-0.6748305870091219,2.027864521689377e-08,0.8428426959102128,0.3657839300313729,0.001506209398174894,5.784459438196768e-07,1.2101334137857043
4.924285714285714,-1.5815092950927763,-3.2294820856714175,1.5815092950927763,3.2294820856714175,-1.2049786834896432,-2.2953346959881453,0.006202368522980896,-0.0023838350335921217,0.006571427196991848,-0.0022341120286432144,-0.6909264797328728,-0.6748305924768785,1.967549588572104e-08,0.8428427249862147,0.3657443300213301,0.0015457975359392676,5.612422203591844e-07,1.2101334137857043
4.930714285714286,-1.5821057085234793,-3.2353537172403684,1.5821057085234793,3.2353537172403684,-1.2081624497409564,-2.299042918120404,0.006273517740783191,-0.0024529661934986464,0.006729692435738859,-0.0023913506506237233,-0.6909264538155495,-0.6748305980541359,1.9086939322345202e-08,0.8428427532258951,0.36570429932063014,0.0015858167846669767,5.444545121122643e-07,1.2101334137857043
4.937142857142857,-1.582702122018696,-3.2412253489007026,1.582702122018696,3.2412253489007026,-1.2113460088166037,-2.302750587241972,0.006344122030082745,-0.0025219870658953493,0.006890043320966967,-0.0025509910106869087,-0.6909264285656023,-0.6748306037288296,1.851238878935075e-08,0.8428427806485524,0.36566403513418677,0.001626069936888187,5.28066076840441e-07,1.2101334137857043
4.9435714285714285,-1.5832985355762965,-3.2470969806497956,1.5832985355762965,3.2470969806497956,-1.2145293635417644,-2.3064576978777134,0.006413839353531786,-0.0025905980030057328,0.00705172966954312,-0.002712314359812087,-0.690926403973275,-0.6748306094892592,1.7951296378917567e-08,0.8428428072727212,0.3656237334037361,0.0016663610479606449,5.120612863840875e-07,1.2101334137857045
4.95,-1.5838949491942065,-3.2529686124850787,1.5838949491942065,3.2529686124850787,-1.2177125177786094,-2.310164247202741,0.006482336241923113,-0.0026584967657043153,0.007213998342222481,-0.002874591044395868,-0.6909263800291197,-0.6748306153240718,1.7403152859971368e-08,0.8428428331162223,0.3655835876481579,0.001706496595702251,4.96425621966554e-07,1.2101334137857043
4.956428571428571,-1.584491362870406,-3.2588402444040394,1.584491362870406,3.2588402444040394,-1.220895476379432,-2.313870235033762,0.006549289631818881,-0.00272537960840835,0.007376096955948791,-0.0030370836019290503,-0.6909263567239627,-0.6748306212222475,1.6867487270121005e-08,0.842842858196215,0.36554378787643493,0.0017462865673925601,4.811456620811109e-07,1.2101334137857045
4.962857142857143,-1.5850877766029272,-3.264711876404222,1.5850877766029272,3.264711876404222,-1.2240782451336267,-2.3175756638067835,0.006614388543596342,-0.002790942482233486,0.007537277512705019,-0.003199049972428064,-0.6909263340488708,-0.6748306271730873,1.634386626322911e-08,0.842842882529247,0.36550451958285496,0.0017855454645390766,4.6620906328690364e-07,1.2101334137857045
4.969285714285714,-1.5856841903898533,-3.2705835084832193,1.5856841903898533,3.2705835084832193,-1.227260830709478,-2.3212805385418225,0.006677335587808964,-0.002854882355260439,0.007696799924262798,-0.0033597468148507227,-0.6909263119951153,-0.6748306331662051,1.583189322568458e-08,0.842842906131305,0.36546596283201827,0.001824093217847063,4.5160453430613865e-07,1.2101334137857047
4.975714285714286,-1.5862806042293156,-3.276455140638676,1.5862806042293156,3.276455140638676,-1.2304432405917638,-2.3249848667953814,0.006737848290954619,-0.0029168986458060534,0.007853935414404257,-0.0035184329155018186,-0.6909262905541381,-0.6748306391915199,1.533120717631966e-08,0.8428429290178624,0.36542829143936123,0.00186175600667684,4.37321803869983e-07,1.2101334137857045
4.982142857142857,-1.5868770181194936,-3.2823267728682857,1.5868770181194936,3.2823267728682857,-1.2336254830162068,-2.3286886586014734,0.006795660235735103,-0.0029766947609536575,0.008007969783051353,-0.003674372672722341,-0.6909262697175166,-0.6748306452392517,1.4841481466971055e-08,0.8428429512039285,0.36539167225056096,0.0018983669796324373,4.233515828210992e-07,1.2101334137857047
4.988571428571428,-1.5874734320586128,-3.2881984051697906,1.5874734320586128,3.2881984051697906,-1.2368075669017935,-2.332391926402058,0.006850522014022706,-0.0030339797298076223,0.008158206519061488,-0.0038268396401064633,-0.6909262494769308,-0.6748306512999193,1.4362422302125506e-08,0.8428429727040911,0.3653562645213536,0.0019337668747386875,4.096855210223435e-07,1.2101334137857045
4.995,-1.5880698460449436,-3.294070037540976,1.5880698460449436,3.294070037540976,-1.2399895017819689,-2.3360946849677604,0.006902201994624196,-0.003088469917532253,0.00830396975137715,-0.003975120108008346,-0.6909262298241307,-0.6748306573643392,1.3893767097673313e-08,0.842842993532564,0.3653222193970175,0.001967804539963375,3.963161596668072e-07,1.2101334137857045
5.001428571428572,-1.5886662600768007,-3.299941669979675,1.5886662600768007,3.299941669979675,-1.243171297735675,-2.339796951309768,0.006950486911062392,-0.0031398908035770133,0.008444607030680123,-0.004118516701201293,-0.6909262107509047,-0.6748306634236273,1.3435282699819989e-08,0.8428430137032247,0.3652896794889255,0.002000337356674716,3.832368796130316e-07,1.2101334137857043
5.007857142857143,-1.589262674152541,-3.3058133024837617,1.589262674152541,3.3058133024837617,-1.2463529653191305,-2.343498744583793,0.00699518227774846,-0.0031879788048745075,0.008579491936239499,-0.0042563519687064955,-0.6909261922490514,-0.6748306694692006,1.2986763486057138e-08,0.8428430332296565,0.36525877854371425,0.0020312315704872287,3.7044184639244545e-07,1.2101334137857045
5.014285714285714,-1.5898590882705639,-3.3116849350511575,1.5898590882705639,3.3116849350511575,-1.2495345154991757,-2.3472000859869606,0.00703611264585001,-0.0032324831224857108,0.008708026505113035,-0.004387971940227091,-0.6909261743103512,-0.6748306754927814,1.2548029370641048e-08,0.8428430521251836,0.3652296411988759,0.0020603625356924982,3.5792595255002244e-07,1.2101334137857047
5.020714285714286,-1.5904555024293097,-3.317556567679822,1.5904555024293097,3.317556567679822,-1.2527159595889086,-2.3509009986484566,0.007073121712406381,-0.003273167588501872,0.008829643482843276,-0.004512749622528933,-0.6909261569265418,-0.6748306814864018,1.2118923737112204e-08,0.8428430704029054,0.3652023828172542,0.0020876148807867207,3.456847579791714e-07,1.2101334137857043
5.027142857142857,-1.591051916627259,-3.323428200367758,1.591051916627259,3.323428200367758,-1.2558973091862355,-2.354601507514725,0.007106072298566554,-0.0033098124884442374,0.008943808396968081,-0.004630088408150021,-0.6909261400892949,-0.6748306874424089,1.16993113203411e-08,0.8428430880757284,0.36517710939153813,0.002112882604008921,3.3371442890789503e-07,1.2101334137857045
5.033571428571428,-1.5916483308629323,-3.3292998331130117,1.5916483308629323,3.3292998331130117,-1.2590785761158347,-2.3583016392299454,0.007134846214158301,-0.0033422163337038504,0.009050021456073868,-0.004739425368494453,-0.6909261237901961,-0.6748306933534709,1.1289076059993073e-08,0.8428431051563937,0.3651539175090583,0.0021360691085762417,3.220116761730322e-07,1.2101334137857043
5.04,-1.592244745134889,-3.3351714659136658,1.592244745134889,3.3351714659136658,-1.2622597723749065,-2.3620014220124403,0.007159344027126236,-0.0033701975580604873,0.009147819278675398,-0.004840234403260478,-0.690926108020727,-0.674830699212583,1.0888118946610831e-08,0.8428431216575036,0.3651328943663916,0.0021570871881155885,3.1057369339627527e-07,1.2101334137857043
5.046428571428572,-1.5928411594417267,-3.3410430987678454,1.5928411594417267,3.3410430987678454,-1.26544091008296,-2.365700885527631,0.007179484756875437,-0.0033935961125684875,0.009236776457128379,-0.004932029218607691,-0.6909260927722495,-0.6748307050130737,1.0496355880395043e-08,0.842843137591544,0.3651141178229812,0.0021758589730837136,2.9939809564006205e-07,1.2101334137857045
5.0528571428571425,-1.5934375737820812,-3.3469147316737144,1.5934375737820812,3.3469147316737144,-1.2686220014357492,-2.369400060758047,0.007195205510732224,-0.0034122749337384905,0.009316506962529374,-0.005014366107257787,-0.6909260780359943,-0.6748307107486115,1.0113715561497092e-08,0.8428431529709035,0.36509765648285986,0.0021923158490817544,2.884828590817061e-07,1.2101334137857043
5.059285714285714,-1.594033988154626,-3.3527863646294795,1.594033988154626,3.3527863646294795,-1.2718030586633424,-2.3730989798708415,0.0072064610823000625,-0.003426121261258613,0.009386665396929063,-0.005086846505069836,-0.69092606380305,-0.6748307164132095,9.74013742911293e-09,0.8428431678078928,0.3650835697938241,0.0022063983577252436,2.7782626219699116e-07,1.2101334137857043
5.065714285714286,-1.5946304025580709,-3.3586579976333835,1.5946304025580709,3.3586579976333835,-1.2749840939921908,-2.376797676083187,0.007213223529689145,-0.003435047783086318,0.009446948099226221,-0.0051491193001665155,-0.6909260500643569,-0.6748307220012323,9.375569665037e-09,0.8428431821147565,0.3650719081538637,0.0022180560902550087,2.6742682889463e-07,1.210133413785704
5.072142857142857,-1.5952268169911625,-3.3645296306837085,1.5952268169911625,3.3645296306837085,-1.27816511961094,-2.3804961835258625,0.00721548175014439,-0.0034389935881780987,0.00949709411083594,-0.0052008828729727605,-0.6909260368107021,-0.6748307275073993,9.01996727552862e-09,0.842843195903687,0.3650627130155145,0.0022272475832286536,2.5728327398827267e-07,1.2101334137857043
5.078571428571428,-1.5958232314526841,-3.370401263778778,1.5958232314526841,3.370401263778778,-1.2813461476396364,-2.384194537105268,0.007213241066004151,-0.0034379249095004795,0.009536886006697455,-0.005241886847708416,-0.6909260240327173,-0.6748307329267897,8.673290263555639e-09,0.8428432091868324,0.3650560169797399,0.0022339402246807864,2.473944513391634e-07,1.2101334137857045
5.085,-1.5964196459414535,-3.376272896916954,1.5964196459414535,3.376272896916954,-1.2845271901018678,-2.3878927723640593,0.007206522834660028,-0.00343183564322291,0.009566150596342858,-0.005271933538848245,-0.6909260117208796,-0.6748307382548452,8.335501901589563e-09,0.8428432219763038,0.3650518438722875,0.0022381101778080575,2.377593049462977e-07,1.2101334137857043
5.091428571428572,-1.5970160604563244,-3.3821445300966357,1.5970160604563244,3.3821445300966357,-1.2877082588993314,-2.391590925340543,0.0071953640928425254,-0.0034207476331962654,0.009584759498733634,-0.005290879078964698,-0.6909259998655147,-0.6748307434873716,8.006567113320198e-09,0.8428432342841798,0.365050208796864,0.002239742327837238,2.2837682320776768e-07,1.210133413785704
5.097857142857142,-1.5976124749961855,-3.388016163316262,1.5976124749961855,3.388016163316262,-1.2908893657882436,-2.3952890324269487,0.007179817242905632,-0.0034047107133872525,0.009592629593379498,-0.005298634217602764,-0.6909259884568013,-0.6748307486205406,7.686450970892002e-09,0.842843246122509,0.36505111816104047,0.0022388302561581527,2.192459965254855e-07,1.2101334137857043
5.104285714285714,-1.5982088895599598,-3.3938877965743126,1.5982088895599598,3.3938877965743126,-1.294070522356975,-2.3989871302266548,0.007159949785794783,-0.0033838025048769415,0.009589723348842243,-0.0052951647844170025,-0.6909259774847786,-0.6748307536508888,7.375117312552909e-09,0.84284325750331,0.3650545696725942,0.0022353762440216764,2.103657783760392e-07,1.210133413785704
5.110714285714286,-1.5988053041466042,-3.399759429869304,1.5988053041466042,3.399759429869304,-1.2972517400042773,-2.4026852554104527,0.00713584410269105,-0.0033581279675480792,0.009576049028429044,-0.00528049181301821,-0.6909259669393553,-0.6748307585753169,7.0725274841031915e-09,0.84284326843857,0.3650605523055912,0.0022293913064930795,2.0173504992769054e-07,1.2101334137857043
5.117142857142857,-1.5994017187551095,-3.4056310631997913,1.5994017187551095,3.4056310631997913,-1.3004330299174673,-2.4063834445719254,0.007107597284005911,-0.003327818710901577,0.009551660771260035,-0.00525469132595912,-0.6909259568103205,-0.6748307633910869,6.7786392060196405e-09,0.8428432789402414,0.36506904623750824,0.00222089525536645,1.9335258824079012e-07,1.210133413785704
5.123571428571428,-1.5999981333844993,-3.4115026965643676,1.5999981333844993,3.4115026965643676,-1.3036144030499586,-2.41008173408205,0.007075321001859483,-0.0032930320717507937,0.009516658545653945,-0.005217893784389137,-0.6909259470873559,-0.6748307680958178,6.4934055669262735e-09,0.8428432890202371,0.36508002276021123,0.0022099167882179524,1.852170380557553e-07,1.2101334137857045
5.13,-1.6005945480338308,-3.417374329961668,1.6005945480338308,3.417374329961668,-1.3067958700975655,-2.413780159943139,0.007039141419081302,-0.0032539499705891957,0.009471187970278728,-0.005170283209745578,-0.6909259377600497,-0.6748307726874806,6.216774142878057e-09,0.8428432986904247,0.3650934441694754,0.002196493598916907,1.7732688713974095e-07,1.2101334137857043
5.136428571428572,-1.6011909627021925,-3.4232459633903627,1.6011909627021925,3.4232459633903627,-1.3099774414730696,-2.417478757642303,0.006999199125372819,-0.003210777561614288,0.009415439997388966,-0.005112095987959508,-0.6909259288179116,-0.6748307771643923,5.948686240961847e-09,0.8428433079626182,0.36510926363917706,0.002180672503463878,1.69680445137598e-07,1.2101334137857043
5.142857142857142,-1.6017873773887055,-3.4291175968491605,1.6017873773887055,3.4291175968491605,-1.313159127278613,-2.42117756200465,0.006955649088924013,-0.003163741694558415,0.00934965045141236,-0.005043619369813071,-0.6909259202503885,-0.6748307815252078,5.689076264858122e-09,0.8428433168485703,0.36512742508770396,0.0021625095736040384,1.6227582585025492e-07,1.210133413785704
5.149285714285714,-1.602383792092522,-3.43498923033681,1.602383792092522,3.43498923033681,-1.316340937275575,-2.4248766070465235,0.006908660609729735,-0.0031130892093438525,0.009274099415306845,-0.004965189684073251,-0.6909259120468818,-0.6748307857689109,5.4378711992604384e-09,0.8428433253599628,0.3651478630453877,0.002142070269420956,1.551109328446195e-07,1.210133413785704
5.155714285714286,-1.6029802068128252,-3.4408608638520954,1.6029802068128252,3.4408608638520954,-1.3195228808516826,-2.4285759258291124,0.006858417259404008,-0.0030590850867159153,0.00918911045660555,-0.0048771902823737485,-0.6909259041967647,-0.6748307898948046,5.194990209457001e-09,0.842843333508396,0.3651705025326348,0.002119429561225256,1.4818344828462304e-07,1.2101334137857043
5.162142857142857,-1.603576621548828,-3.4467324973938407,1.603576621548828,3.4467324973938407,-1.3227049669852378,-2.432275550312896,0.006805116790966672,-0.003002010480136602,0.009095049684750759,-0.004780049237331406,-0.6909258966894005,-0.6748307939025003,4.960344351829198e-09,0.8428433413053784,0.36519525895925975,0.0020946720302412927,1.4149082485966642e-07,1.2101334137857043
5.168571428571428,-1.604173036299774,-3.452604130960904,1.604173036299774,3.452604130960904,-1.3258872042064453,-2.435975511213412,0.006748971001543027,-0.0029421606553448358,0.008992324631413817,-0.004674236816948968,-0.6909258895141605,-0.6748307977919055,4.733836390602849e-09,0.8428433487623156,0.36522203805586156,0.0020678919372466246,1.3503028067712136e-07,1.2101334137857045
5.175,-1.6047694510649353,-3.4584757645521846,1.6047694510649353,3.4584757645521846,-1.329069600555964,-2.4396758378589687,0.006690205530599006,-0.002879842865019915,0.008881382945860683,-0.004560262760035746,-0.690925882660443,-0.6748308015632106,4.51536071579301e-09,0.8428433558904982,0.3652507358482989,0.0020391932481104037,1.287987969763633e-07,1.2101334137857045
5.1814285714285715,-1.605365865843613,-3.4643473981666157,1.605365865843613,3.4643473981666157,-1.3322521635409152,-2.4433765580509523,0.006629059576698205,-0.0028153741861736,0.00876271089816775,-0.0044386733782826315,-0.6909258761176917,-0.674830805216876,4.304803356962118e-09,0.8428433627010903,0.3652812386861247,0.0020086896053711175,1.227931185145884e-07,1.2101334137857047
5.187857142857143,-1.605962280635136,-3.470219031803167,1.605962280635136,3.470219031803167,-1.335434900088727,-2.447077697927505,0.0065657855165017825,-0.0027490793477162935,0.008636831684124446,-0.004310048511292955,-0.6909258698754144,-0.6748308087536169,4.1020420871070264e-09,0.8428433692051174,0.3653134233354159,0.0019765042354147693,1.1700975646760815e-07,1.2101334137857045
5.194285714285714,-1.6065586954388602,-3.4760906654608434,1.6065586954388602,3.4760906654608434,-1.3386178164992848,-2.450779281831388,0.006500648411091396,-0.0026812885748014365,0.00850430352714067,-0.004174998361045204,-0.6909258639232003,-0.6748308121743886,3.906946610739103e-09,0.8428433754134554,0.36534715714563337,0.0019427697816219007,1.1144499368298366e-07,1.2101334137857045
5.200714285714286,-1.6071551102541692,-3.4819622991386874,1.6071551102541692,3.4819622991386874,-1.3418009183959922,-2.454481332182922,0.006433925386278985,-0.0026123354753748045,0.008365717574042331,-0.004034160232057945,-0.6909258582507389,-0.6748308154803713,3.719378829947071e-09,0.8428433813368185,0.3653822982992132,0.001907628054780825,1.0609489211599452e-07,1.2101334137857047
5.207142857142857,-1.607751525080472,-3.487833932835774,1.607751525080472,3.487833932835774,-1.3449842106764218,-2.4581838693589377,0.0063659048759445985,-0.002542554992419527,0.008221695583852945,-0.00388819520286653,-0.6909258528478364,-0.6748308186729535,3.5391931820409298e-09,0.8428433869857471,0.3654186961511491,0.0018712296935061645,1.0095530227416772e-07,1.2101334137857047
5.213571428571428,-1.6083479399172027,-3.493705566551213,1.6083479399172027,3.493705566551213,-1.3481676974633408,-2.461886911578729,0.006296885719712915,-0.0024722814434020137,0.008072887410668418,-0.0037377847535052192,-0.690925847704432,-0.6748308217537168,3.3662370421186327e-09,0.8428433923705981,0.365456191664482,0.001833733728750002,9.602187448903379e-08,1.2101334137857045
5.22,-1.6089443547638211,-3.4995772002841483,1.6089443547638211,3.4995772002841483,-1.3513513820569505,-2.4655904747980073,0.006227176109359407,-0.0024018466656612293,0.007919968284411794,-0.003583627372304118,-0.6909258428106145,-0.6748308247244186,3.200351183742175e-09,0.8428433975015341,0.365494617945725,0.0017953070483736596,9.129007182938986e-08,1.2101334137857045
5.226428571428571,-1.6095407696198103,-3.5054488340337566,1.6095407696198103,3.5054488340337566,-1.354535266889225,-2.469294572611867,0.006157092381311704,-0.0023315782837037865,0.0077636358957674425,-0.003426435163744752,-0.6909258381566366,-0.6748308275869765,3.0413702907220547e-09,0.8428434023885131,0.3655338008824578,0.0017561237595493885,8.675518446467479e-08,1.2101334137857045
5.232857142857143,-1.6101371844846768,-3.511320467799246,1.6101371844846768,3.511320467799246,-1.3577193534812828,-2.4729992161677865,0.006086957655890592,-0.002261798111253041,0.007604607294336519,-0.003266930477293382,-0.6909258337329286,-0.6748308303434517,2.8891235128740136e-09,0.8428434070412792,0.3655735598833154,0.0017163644487645405,8.241234528265765e-08,1.2101334137857047
5.239285714285714,-1.6107335993579495,-3.5171921015798566,1.6107335993579495,3.5171921015798566,-1.3609036424047112,-2.476704414089628,0.006017100327498015,-0.0021928206974345566,0.007443615611994113,-0.003105842574987967,-0.6909258295301122,-0.6748308329960329,2.7434350585357854e-09,0.8428434114693547,0.3656137087184046,0.0016762153413986396,7.825654656273444e-08,1.2101334137857047
5.2457142857142856,-1.61133001423918,-3.5230637353748615,1.61133001423918,3.5230637353748615,-1.3640881332477703,-2.4804101724135954,0.005947852413093225,-0.002124952023376098,0.007281406625990043,-0.0029439043535661197,-0.6909258255390115,-0.6748308355470203,2.604124816553716e-09,0.8428434156820315,0.36565405645625426,0.0016358673647611528,7.428265750294221e-08,1.2101334137857045
5.252142857142857,-1.6119264291279398,-3.5289353691835608,1.6119264291279398,3.5289353691835608,-1.3672728245873493,-2.484116494537007,0.005879547770084122,-0.0020584883516868257,0.007118735179410795,-0.0027818491344051145,-0.6909258217506639,-0.6748308379988105,2.4710090004996264e-09,0.8428434196883646,0.36569440849104734,0.0015955151208501008,7.048544239926683e-08,1.2101334137857045
5.258571428571429,-1.6125228440238222,-3.534807003005285,1.6125228440238222,3.534807003005285,-1.370457713967519,-2.487823381180702,0.005812520197589462,-0.001993715228360726,0.006956361478899637,-0.002620407532545759,-0.6909258181563298,-0.6748308403538811,2.343900807909208e-09,0.8428434234971661,0.3657345676521235,0.0015553557768356449,6.685957927554736e-08,1.2101334137857045
5.265,-1.6131192589264394,-3.540678636839394,1.6131192589264394,3.540678636839394,-1.3736427978854209,-2.4915308303657646,0.005747101438431983,-0.0019309066330871043,0.006795047292269762,-0.0024603044135888476,-0.6909258147475013,-0.6748308426147763,2.2226110875078716e-09,0.8428434271169991,0.36577433538559445,0.0015155878834320746,6.339967876619949e-08,1.2101334137857043
5.271428571428571,-1.6137156738354226,-3.546550270685275,1.6137156738354226,3.546550270685275,-1.3768280717851633,-2.495238837405172,0.005683619101793499,-0.0018703242711640654,0.006635552070698593,-0.0023022559452280426,-0.6909258115159084,-0.6748308447840929,2.106949007583392e-09,0.8428434305561746,0.3658135129962826,0.0014764101329442837,6.010030305838316e-08,1.2101334137857043
5.277857142857143,-1.6143120887504216,-3.552421904542342,1.6143120887504216,3.552421904542342,-1.3800135300602636,-2.498947394910807,0.005622394528943415,-0.0018122169974588939,0.006478629022167967,-0.0021469667481381523,-0.6909258084535257,-0.6748308468644674,1.9967227189524054e-09,0.8428434338227467,0.36585190293660763,0.0014380200703651912,5.6955984707429555e-08,1.2101334137857043
5.284285714285714,-1.6149085036711035,-3.5582935384100347,1.6149085036711035,3.5582935384100347,-1.3831991660650664,-2.5026564928161803,0.005563740626552131,-0.0017568203604015984,0.006325021164477444,-0.001995127149024029,-0.6909258055525771,-0.6748308488585624,1.8917400063286442e-09,0.8428434369245114,0.3658893101276709,0.0014006127722768578,5.396124514871092e-08,1.2101334137857043
5.2907142857142855,-1.6155049185971526,-3.56416517228782,1.6155049185971526,3.56416517228782,-1.3863849721354244,-2.5063661184150208,0.0055079596935378354,-0.001704356252198045,0.006175457387287452,-0.0018474105371630036,-0.6909258028055393,-0.6748308507690562,1.7918089223098222e-09,0.8428434398690042,0.3659255432968364,0.001364379509250936,5.1110612739969e-08,1.2101334137857043
5.297142857142857,-1.6161013335282692,-3.570036806175186,1.6161013335282692,3.570036806175186,-1.3895709396187679,-2.5100762564157555,0.005455341268640446,-0.0016550326497004988,0.00603064855361475,-0.0017044708242407614,-0.6909258002051438,-0.6748308525986308,1.6967383986932684e-09,0.8428434426634998,0.3659604163152395,0.0013295064083250305,4.839864018151597e-08,1.2101334137857045
5.303571428571429,-1.616697748464169,-3.575908440071647,1.616697748464169,3.575908440071647,-1.3927570589135638,-2.513786889011733,0.005406160026325081,-0.0016090434295100626,0.0058912836714971615,-0.001566940006387785,-0.6909257977443791,-0.6748308543499622,1.6063388303506896e-09,0.8428434453150114,0.3659937495183309,0.0012961731324410758,4.5819921175995236e-08,1.2101334137857047
5.31,-1.6172941634045825,-3.5817800739767387,1.6172941634045825,3.5817800739767387,-1.3959433195179785,-2.517497995966883,0.005360673748740511,-0.0015665682401527227,0.005758026166597822,-0.0014354258264221717,-0.6909257954164904,-0.6748308560257101,1.5204226274750677e-09,0.8428434478302932,0.3660253709923814,0.0012645515939236683,4.336910620561002e-08,1.2101334137857045
5.316428571428571,-1.6178905783492548,-3.5876517078900196,1.6178905783492548,3.5876517078900196,-1.399129710087424,-2.5212095547163313,0.00531912140086343,-0.0015277724141787698,0.005631510285990783,-0.0013105095339343577,-0.6909257932149786,-0.6748308576285108,1.4388047326112494e-09,0.8428434502158414,0.3660551178101603,0.0012348047187855447,4.1040917321521154e-08,1.2101334137857047
5.322857142857143,-1.618486993297944,-3.593523341811069,1.618486993297944,3.593523341811069,-1.4023162185005051,-2.5249215404813468,0.005281721334949959,-0.0014928069033876988,0.005512337662497089,-0.0011927437406775796,-0.6909257911335998,-0.6748308591609683,1.3613030995099749e-09,0.8428434524778962,0.3660828371995312,0.0012070852781152206,3.8830161857893034e-08,1.2101334137857043
5.329285714285715,-1.6190834082504215,-3.599394975739485,1.6190834082504215,3.599394975739485,-1.4055028319327414,-2.528633926397825,0.005248669648723331,-0.0014618082213341107,0.005401074067498241,-0.0010826503689287882,-0.6909257891663612,-0.6748308606256478,1.2877391314692465e-09,0.8428434546224465,0.36610838762966125,0.0011815348018519637,3.673174500083473e-08,1.2101334137857047
5.335714285714285,-1.6196798232064706,-3.6052666096748864,1.6196798232064706,3.6052666096748864,-1.4086895369373094,-2.532346683657387,0.005220138719823591,-0.001434898378492346,0.005298246378537045,-0.0009807186909161394,-0.690925787307519,-0.6748308620250698,1.21793807746104e-09,0.8428434566552325,0.36613163980064967,0.0011582825891411537,3.4740681160652233e-08,1.2101334137857043
5.342142857142857,-1.6202762381658866,-3.611138243616912,1.6202762381658866,3.611138243616912,-1.4118763195319213,-2.5360597816600294,0.005196275936249163,-0.0014121847973815294,0.005204339785637873,-0.0008874034582191033,-0.6909257855515739,-0.6748308633617043,1.15172938493887e-09,0.8428434585817516,0.3661524775240136,0.001137444827835268,3.285210411301284e-08,1.2101334137857045
5.348571428571429,-1.6208726531284763,-3.6170098775652155,1.6208726531284763,3.6170098775652155,-1.4150631652908512,-2.5397731881771413,0.0051772026398981905,-0.0013937601968554002,0.0051197952580395185,-0.0008031231209445442,-0.6909257838932662,-0.6748308646379668,1.0889470088182265e-09,0.8428434604072621,0.36617079848303685,0.0011191238341296786,3.106127589187691e-08,1.2101334137857047
5.3549999999999995,-1.6214690680940562,-3.6228815115194686,1.6214690680940562,3.6228815115194686,-1.4182500594410445,-2.5434868695236204,0.005163013296781991,-0.0013797024373684622,0.0050450072900018635,-0.00072825813775082,-0.6909257823275706,-0.6748308658562143,1.029429676658342e-09,0.84284346213679,0.36618651486410014,0.0011034074212199678,2.936359443261355e-08,1.2101334137857045
5.361428571428571,-1.622065483062454,-3.6287531454793607,1.622065483062454,3.6287531454793607,-1.4214369869611652,-2.5472007907377243,0.0051537749041017785,-0.0013700743215853415,0.0049803219414228175,-0.0006631493790949615,-0.6909257808496904,-0.6748308670187417,9.730211105863914e-10,0.8428434637751345,0.366199553852149,0.0010903684038211443,2.7754599978654506e-08,1.2101334137857047
5.367857142857143,-1.6226618980335055,-3.634624779444595,1.6226618980335055,3.634624779444595,-1.424623932682394,-2.5509149157672275,0.005149526640662079,-0.0013649233475230538,0.004926035185762579,-0.0006080966275310143,-0.6909257794550507,-0.6748308681277801,9.195702069629322e-10,0.8428434653268746,0.36620985798570815,0.0010800642431414574,2.622998027842332e-08,1.2101334137857045
5.3742857142857146,-1.6232583130070568,-3.6404964134148905,1.6232583130070568,3.6404964134148905,-1.4278108813897779,-2.5546292076604318,0.0051502797630676046,-0.0013642814144899102,0.004882391574220524,-0.0005633571804880911,-0.690925778139293,-0.6748308691854942,8.689311751862314e-10,0.8428434667963752,0.366217385369293,0.0010725368344616727,2.4785574610977892e-08,1.2101334137857045
5.380714285714285,-1.6238547279829618,-3.646368047389979,1.6238547279829618,3.646368047389979,-1.4309978179229168,-2.5583436287605337,0.005156017746608499,-0.0013681644847834823,0.004849583221945674,-0.0005291445623599752,-0.6909257768982667,-0.6748308701939814,8.209636373960373e-10,0.8428434681877955,0.3662221097432258,0.0010678124373064799,2.3417376689498846e-08,1.2101334137857045
5.387142857142857,-1.6244511429610833,-3.6522396813696085,1.6244511429610833,3.6522396813696085,-1.4341847272748087,-2.562058140901877,0.005166696665453591,-0.0013765722073554513,0.00482774911817533,-0.0005056273544104812,-0.690925775728023,-0.6748308711552706,7.755326911165451e-10,0.8428434695050947,0.3662240204134822,0.0010659017455912384,2.2121536500014758e-08,1.210133413785705
5.393571428571429,-1.6250475579412913,-3.6581113153535365,1.6250475579412913,3.6581113153535365,-1.4373715946877077,-2.565772705606615,0.005182245803551626,-0.0013894875120526661,0.004816974759204956,-0.0004929281522057886,-0.6909257746248069,-0.6748308720713225,7.325089371350463e-10,0.8428434707520398,0.3662231220461534,0.0010668000931503283,2.0894361140391586e-08,1.2101334137857045
5.3999999999999995,-1.6256439729234626,-3.663982949341534,1.6256439729234626,3.663982949341534,-1.440558405744935,-2.569487284280377,0.005202568483744839,-0.0014068761859084879,0.004817292099411439,-0.0004911226616878311,-0.69092577358505,-0.6748308729440291,6.91768475085097e-10,0.8428434719322134,0.3662194343334942,0.00107048778768218,1.973231472978117e-08,1.2101334137857045
5.406428571428571,-1.6262403879074818,-3.669854583333386,1.6262403879074818,3.669854583333386,-1.443745146457651,-2.5732018384055753,0.005227543099610414,-0.0014286864450735427,0.004828679812610006,-0.0005002389459627375,-0.6909257726053633,-0.6748308737752141,6.531928693464397e-10,0.842843473049021,0.36621299154035036,0.0010769305643159206,1.8632017463061014e-08,1.2101334137857047
5.412857142857143,-1.6268368028932398,-3.6757262173288843,1.6268368028932398,3.6757262173288843,-1.446931803345707,-2.5769163297310627,0.0052570243316206145,-0.001454848517975646,0.004851063853059881,-0.0005202568357181806,-0.6909257716825289,-0.6748308745666339,6.166690879596619e-10,0.8428434741056978,0.3662038419415415,0.0010860801482213537,1.759024388744884e-08,1.2101334137857047
5.4192857142857145,-1.6274332178806332,-3.681597851327834,1.6274332178806332,3.681597851327834,-1.4501183635118255,-2.5806307204569756,0.005290844526650472,-0.0014852742569163475,0.004884318302669904,-0.0005511075167242829,-0.6909257708134929,-0.6748308753199791,5.820894172945917e-10,0.8428434751053169,0.3661920471623407,0.001097874914126686,1.6603920479817925e-08,1.2101334137857047
5.425714285714285,-1.6280296328695645,-3.6874694853300483,1.6280296328695645,3.6874694853300483,-1.4533048147084697,-2.584344973413662,0.005328815218020442,-0.0015198567963436475,0.004928266488815321,-0.0005926733080709184,-0.6909257699953585,-0.6748308760368746,5.493513552218507e-10,0.8428434760507961,0.36617768143529716,0.0011122406294886522,1.5670122603686258e-08,1.2101334137857047
5.432142857142857,-1.6286260478599424,-3.693341119335353,1.6286260478599424,3.693341119335353,-1.4564911453969314,-2.58805905223375,0.005370728761519238,-0.0015584702768170386,0.004982682354919863,-0.0006447876446874497,-0.6909257692253777,-0.6748308767188828,5.183574855004659e-10,0.8428434769449055,0.3661608307877131,0.0011290912670152075,1.478607092391924e-08,1.210133413785705
5.438571428571429,-1.6292224628516798,-3.699212753343579,1.6292224628516798,3.699212753343579,-1.4596773447982803,-2.591772921516506,0.005416360062048823,-0.0016009696537565665,0.005047292064594751,-0.0007072352772242883,-0.6909257685009449,-0.6748308773675032,4.89015336040117e-10,0.8428434777902744,0.36614159217454073,0.0011483298717622269,1.3949127355726995e-08,1.2101334137857047
5.445,-1.6298188778446951,-3.7050843873545682,1.6298188778446951,3.7050843873545682,-1.4628634029360097,-2.59548654698379,0.005465468364908504,-0.0016471906097980673,0.0051217758186934146,-0.000779752701524069,-0.6909257678195896,-0.6748308779841765,4.6123722360634315e-10,0.8428434785893978,0.36612007257184476,0.0011698494676714967,1.3156790622018515e-08,1.2101334137857045
5.451428571428571,-1.630415292838911,-3.7109560213681694,1.630415292838911,3.7109560213681694,-1.466049310670329,-2.5991998956270277,0.0055177990858899725,-0.0016969495887009891,0.005205769863930381,-0.0008620288287188352,-0.6909257671789698,-0.6748308785702848,4.3494008743226365e-10,0.8428434793446438,0.3660963880458345,0.0011935339885348472,1.240669149022325e-08,1.2101334137857045
5.457857142857143,-1.6310117078342552,-3.7168276553842405,1.6310117078342552,3.7168276553842405,-1.469235059724223,-2.6029129358447642,0.005573085654887799,-0.0017500439674815412,0.005298868671236421,-0.0009537059054742785,-0.6909257665768656,-0.6748308791271544,4.100453140736595e-10,0.8428434800582594,0.36607066281213485,0.0012192592187225614,1.169658775608734e-08,1.2101334137857045
5.464285714285714,-1.631608122830659,-3.7226992894026454,1.631608122830659,3.7226992894026454,-1.4724206427015265,-2.6066256375704793,0.005631051348910924,-0.0018062523815414637,0.005400627262009835,-0.0010543806919104271,-0.6909257660111724,-0.6748308796560577,3.864785557073109e-10,0.8428434807323772,0.3660430282991996,0.0012468937297687077,1.1024359038039954e-08,1.2101334137857045
5.470714285714285,-1.6322045378280572,-3.728570923423254,1.6322045378280572,3.728570923423254,-1.475606053097401,-2.6103379723904885,0.005691411091824503,-0.0018653352155275256,0.005510563660739256,-0.0011636059027202135,-0.6909257654798953,-0.6748308801582151,3.6416954392044714e-10,0.8428434813690215,0.3660136222288717,0.001276299799809915,1.038800144135941e-08,1.2101334137857045
5.477142857142857,-1.6328009528263894,-3.734442557445946,1.6328009528263894,3.734442557445946,-1.4787912853017176,-2.614049913651848,0.0057538732003690396,-0.0019270352697643017,0.0056281614532241765,-0.0012808919142627733,-0.6909257649811433,-0.6748308806347976,3.430519008857116e-10,0.8428434819701136,0.365982587725703,0.0013073343042658793,9.78562214695578e-09,1.2101334137857047
5.4835714285714285,-1.6333973678255975,-3.7403141914706044,1.6333973678255975,3.7403141914706044,-1.4819763345959425,-2.617761436560291,0.005818141058155098,-0.001991078609476657,0.005752872430553442,-0.0014057087380022718,-0.6909257645131237,-0.674830881086928,3.2306294965020003e-10,0.8428434825374775,0.3659500724653168,0.0013398495674764007,9.215433974795886e-09,1.2101334137857047
5.49,-1.6339937828256277,-3.746185825497119,1.6339937828256277,3.746185825497119,-1.485161197144222,-2.6214725182683236,0.005883914702261538,-0.0020571756005282904,0.005884119300371213,-0.0015374882575040405,-0.6909257640741365,-0.6748308815156842,3.041435251056237e-10,0.8428434830728453,0.3659162278702822,0.0013736941668271456,8.675749967328875e-09,1.2101334137857047
5.496428571428571,-1.6345901978264283,-3.752057459525385,1.6345901978264283,3.752057459525385,-1.4883458699794203,-2.6251831379536745,0.005950892309907899,-0.0021250221321495216,0.006021298448440053,-0.0016756267233133308,-0.6909257636625702,-0.6748308819220997,2.862377870394825e-10,0.8428434835778621,0.3658812083602257,0.0014087136826390152,8.164978033424395e-09,1.2101334137857047
5.502857142857143,-1.6351866128279515,-3.7579290935553042,1.6351866128279515,3.7579290935553042,-1.4915303509849143,-2.6288932768883604,0.006018771575804487,-0.0021943010235972093,0.006163782735201861,-0.0018194874969269738,-0.6909257632768961,-0.6748308823071669,2.6929303650297697e-10,0.8428434840540907,0.36584517066098543,0.0014447513890127202,7.681615688571048e-09,1.2101334137857045
5.509285714285714,-1.635783027830152,-3.7638007275867826,1.635783027830152,3.7638007275867826,-1.4947146388729655,-2.632602918498671,0.006087250974184333,-0.002264683607944985,0.006310924313967933,-0.0019684040317889074,-0.6909257629156648,-0.674830882671838,2.5325953657155105e-10,0.8428434845030164,0.36580827317554576,0.0014816488828976295,7.2242449224387095e-09,1.210133413785705
5.515714285714286,-1.6363794428329863,-3.7696723616197305,1.6363794428329863,3.7696723616197305,-1.4978987331605131,-2.6363120484164155,0.00615603090250648,-0.0023358314829678545,0.006462057459117777,-0.0021216830764156825,-0.6909257625775012,-0.6748308830170274,2.380903384136645e-10,0.8428434849260503,0.3657706754176776,0.0015192466504494158,6.791527220242037e-09,1.2101334137857045
5.522142857142857,-1.6369758578364144,-3.775543995654062,1.6369758578364144,3.775543995654062,-1.501082634143191,-2.6400206545217832,0.006224814707414892,-0.002407398415246895,0.006616501394846494,-0.0022786080814056176,-0.6909257622611009,-0.6748308833436131,2.2374111343538022e-10,0.8428434853245349,0.3657325375070453,0.0015573845719256563,6.382198760035277e-09,1.2101334137857047
5.5285714285714285,-1.6375722728403983,-3.781415629689699,1.6375722728403983,3.781415629689699,-1.5042663428683565,-2.6437287269781615,0.006293309596211575,-0.0024790323808211393,0.006773563116656241,-0.0024384427896331825,-0.6909257619652266,-0.6748308836524384,2.1016999211909351e-10,0.842843485699746,0.365694019722947,0.001595902367945943,5.995065803716237e-09,1.2101334137857047
5.535,-1.6381686878449022,-3.7872872637265647,1.6381686878449022,3.7872872637265647,-1.507449861107842,-2.6474362582592534,0.0063612274403098985,-0.002550377722392232,0.006932540199799404,-0.0026004349860062324,-0.6909257616887041,-0.6748308839443136,1.973374100402861e-10,0.8428434860528976,0.3656552821119401,0.0016346399918667012,5.629000295601045e-09,1.2101334137857047
5.541428571428571,-1.6387651028498924,-3.7931588977645854,1.6387651028498924,3.7931588977645854,-1.5106331913310882,-2.651143243168797,0.006428285479540711,-0.0026210774006628955,0.007092723590437129,-0.0027638203810019025,-0.6909257614304196,-0.6748308842200171,1.8520596141511114e-10,0.8428434863851448,0.3656164841432029,0.0016734379744213527,5.2829356786093305e-09,1.210133413785705
5.547857142857143,-1.639361517855337,-3.799030531803695,1.639361517855337,3.799030531803695,-1.5138163366792188,-2.654849678853158,0.00649420693849539,-0.0026907753151007865,0.007253400376791574,-0.002927826600129249,-0.6909257611893163,-0.6748308844802974,1.7374026041232268e-10,0.8428434866975864,0.36557778440413813,0.0017121377281170988,4.955862934623896e-09,1.2101334137857045
5.554285714285714,-1.6399579328612062,-3.804902165843828,1.6399579328612062,3.804902165843828,-1.5169993009405038,-2.6585555648070023,0.006558721568032696,-0.0027591186675746645,0.007413856538883556,-0.0030916772497496963,-0.6909257609643912,-0.6748308847258738,1.6290681035367605e-10,0.8428434869912687,0.3655393403276187,0.0017505818199906361,4.646826852404182e-09,1.210133413785705
5.560714285714286,-1.640554347867472,-3.8107737998849225,1.640554347867472,3.8107737998849225,-1.52018208852758,-2.662260902872213,0.006621566126396256,-0.0028257603411282993,0.007573379676369029,-0.0032545960285342646,-0.6909257607546929,-0.674830884957438,1.5267388082646967e-10,0.8428434872671873,0.3655013079415661,0.0017886142220286912,4.354922523510724e-09,1.2101334137857045
5.567142857142857,-1.641150762874108,-3.8166454339269196,1.641150762874108,3.8166454339269196,-1.5233647044566403,-2.665965697230149,0.006682484815523146,-0.002890361265253692,0.007731261714822768,-0.0034158108528658136,-0.6909257605593191,-0.6748308851756548,1.4301139264457528e-10,0.8428434875262908,0.36546384163095275,0.0018260805491690567,4.0792920641632786e-09,1.2101334137857045
5.573571428571428,-1.641747177881089,-3.822517067969766,1.641747177881089,3.822517067969766,-1.5265471543287157,-2.6696699543872717,0.0067412296884886745,-0.002952592738904729,0.007886801591146875,-0.0035745579642140817,-0.6909257603774135,-0.6748308853811639,1.3389081051585408e-10,0.8428434877694819,0.36542709390220207,0.0018628282948992066,3.81912155868255e-09,1.2101334137857045
5.58,-1.6423435928883923,-3.828388702013409,1.6423435928883923,3.828388702013409,-1.5297294443130216,-2.673373683154101,0.0067975610441355465,-0.003012138682737138,0.008039307918972562,-0.0037300859864833726,-0.6909257602081642,-0.6748308855745798,1.2528504320819418e-10,0.8428434879976203,0.36539121514000944,0.001898707074436635,3.5736382182705097e-09,1.2101334137857047
5.586428571428572,-1.6429400078959955,-3.8342603360577994,1.6429400078959955,3.8342603360577994,-1.5329115811322462,-2.6770768946174126,0.006851247824395182,-0.0030686977929705824,0.008188101634689035,-0.0038816599018896016,-0.6909257600508014,-0.6748308857564941,1.171683509507352e-10,0.8428434882115249,0.3653563533470474,0.001933568885024599,3.3421077472845123e-09,1.2101334137857045
5.5928571428571425,-1.643536422903878,-3.8401319701028895,1.643536422903878,3.8401319701028895,-1.5360935720495232,-2.6807796021055124,0.0069020680289044204,-0.0031219855706033197,0.008332518624272305,-0.004028564914822934,-0.6909257599045955,-0.6748308859274749,1.0951625976254652e-10,0.8428434884119754,0.36532265385768514,0.001967268392211974,3.1238319078961802e-09,1.2101334137857045
5.599285714285714,-1.6441328379120208,-3.8460036041486365,1.6441328379120208,3.8460036041486365,-1.5392754248567375,-2.6844818211463846,0.006949809160025382,-0.0031717362017178647,0.008471912330253559,-0.0041701101746142045,-0.6909257597688548,-0.6748308860880688,1.0230548236626307e-10,0.8428434885997145,0.36529025901788204,0.001999663249961902,2.918146273042903e-09,1.2101334137857045
5.605714285714286,-1.6447292529204058,-3.851875238194998,1.6447292529204058,3.851875238194998,-1.5424571478637086,-2.6881835694184586,0.006994268709714434,-0.0032177042667684568,0.008605656337210076,-0.004305632329744812,-0.6909257596429245,-0.6748308862388009,9.551384532020305e-11,0.8428434887754487,0.36525930782453764,0.002030614461300004,2.7244181569145845e-09,1.2101334137857045
5.612142857142857,-1.6453256679290156,-3.8577468722419344,1.6453256679290156,3.8577468722419344,-1.545638749887725,-2.6918848666937243,0.0070352546972742265,-0.0032596662598033104,0.008733146932751358,-0.00443449888840445,-0.690925759526184,-0.6748308863801761,8.912022198569295e-11,0.8428434889398518,0.36522993551916894,0.0020599867846392344,2.5420447117630678e-09,1.210133413785705
5.618571428571428,-1.645922082937835,-3.8636185062894097,1.645922082937835,3.8636185062894097,-1.5488202402428302,-2.6955857347728944,0.0070725862647982455,-0.003297421901356661,0.008853805639655031,-0.004556111362503269,-0.6909257594180461,-0.6748308865126789,8.310447093972107e-11,0.8428434890935641,0.3652022731322425,0.002087649189446889,2.37045117966641e-09,1.2101334137857047
5.625,-1.6465184979468483,-3.8694901403373887,1.6465184979468483,3.8694901403373887,-1.552001628728212,-2.699286197412311,0.0071060943341515435,-0.0033307952324452116,0.008967081713048341,-0.004669908175210545,-0.6909257593179556,-0.6748308866367748,7.744737944147148e-11,0.8428434892371957,0.36517644697640367,0.0021134753630160912,2.2090892878702885e-09,1.2101334137857047
5.631428571428572,-1.647114912956042,-3.875361774385838,1.647114912956042,3.875361774385838,-1.5551829256150298,-2.702986280242314,0.007135622326557332,-0.0033596354805556614,0.00907245459488481,-0.004775367314922977,-0.6909257592253871,-0.6748308867529107,7.213061156728196e-11,0.8428434893713266,0.3651525780886279,0.0021373442683145253,2.0574357765397957e-09,1.210133413785705
5.6378571428571425,-1.6477113279654032,-3.8812334084347255,1.6477113279654032,3.8812334084347255,-1.5583641416309928,-2.706686010676811,0.007161026942855587,-0.003383817692260816,0.00916943631619109,-0.004872008721680587,-0.6909257591398443,-0.6748308868615152,6.713666063913746e-11,0.842843489496509,0.36513078162323853,0.002159140750966248,1.9149910480971547e-09,1.210133413785705
5.644285714285714,-1.6483077429749193,-3.8871050424840234,1.6483077429749193,3.8871050424840234,-1.5615452879420235,-2.7103854178138285,0.007182178999331241,-0.0034032431310898454,0.009257573835706268,-0.004959396395430823,-0.6909257590608584,-0.6748308869629993,6.244880558596375e-11,0.8428434896132674,0.3651111661997471,0.0021787561914125408,1.7812779277649883e-09,1.210133413785705
5.650714285714286,-1.6489041579845793,-3.8929766765337037,1.6489041579845793,3.8929766765337037,-1.5647263761303651,-2.714084532326887,0.007198964311295802,-0.0034178394427340324,0.009336451301972002,-0.005037140218529618,-0.6909257589879868,-0.6748308870577571,5.805107089552359e-11,0.8428434897221005,0.3650938332111909,0.002196089196572677,1.6558405255044256e-09,1.2101334137857047
5.6571428571428575,-1.6495005729943724,-3.89884831058374,1.6495005729943724,3.89884831058374,-1.5679074181685553,-2.7177833863471226,0.007211284613422974,-0.0034275605937878857,0.009405692224135898,-0.005104897488505889,-0.6909257589208123,-0.6748308871461656,5.3928189833477974e-11,0.842843489823483,0.3650788761006527,0.002211046323325933,1.538243190108398e-09,1.210133413785705
5.663571428571428,-1.6500969880042884,-3.9047199446341074,1.6500969880042884,3.9047199446341074,-1.571088426388745,-2.721482013336149,0.007219058503567587,-0.0034323865932541168,0.009464961535501502,-0.005162374159881252,-0.6909257588589414,-0.674830887228586,5.006557062836578e-11,0.8428434899178646,0.36506637961507127,0.002223542824699541,1.428069546878821e-09,1.2101334137857047
5.67,-1.6506934030143183,-3.9105915786847847,1.6506934030143183,3.9105915786847847,-1.574269413446941,-2.725180447949779,0.007222222394147417,-0.003432323009659541,0.009513967532475881,-0.005209325797214464,-0.6909257588020036,-0.6748308873053637,4.644926534204539e-11,0.8428434900056725,0.3650564190471193,0.002233503407991413,1.3249216109379857e-09,1.2101334137857047
5.676428571428572,-1.6512898180244537,-3.9164632127357493,1.6512898180244537,3.9164632127357493,-1.577450392281846,-2.728878725892804,0.007220731453322623,-0.0034274002993213335,0.009552463670706937,-0.005245558244194875,-0.6909257587496503,-0.6748308873768286,4.306594116717225e-11,0.8428434900873124,0.36504905947707444,0.002240862992899255,1.228418968878487e-09,1.210133413785705
5.682857142857142,-1.6518862330346862,-3.9223348467869803,1.6518862330346862,3.9223348467869803,-1.5806313760680857,-2.7325768837651787,0.007214560516534837,-0.00341767296388696,0.009580250199511395,-0.005270928016258776,-0.6909257587015537,-0.6748308874432959,3.9902853913975496e-11,0.8428434901631685,0.36504435502765376,0.0022455674566844662,1.1381980220657263e-09,1.2101334137857047
5.689285714285714,-1.6524826480450086,-3.92820648083846,1.6524826480450086,3.92820648083846,-1.5838123781637532,-2.7362749589000726,0.0072037049477570395,-0.0034032185574394145,0.009597175615376463,-0.005285342426623885,-0.6909257586574057,-0.6748308875050663,3.694782346840724e-11,0.8428434902336054,0.36504234814554093,0.0022475743526472825,1.053911285486521e-09,1.2101334137857047
5.695714285714286,-1.653079063055414,-3.9340781148901702,1.653079063055414,3.9340781148901702,-1.5869934120522993,-2.739972989194366,0.007188181429165781,-0.00338413656493913,0.009603137915357681,-0.005288759457476638,-0.6909257586169173,-0.6748308875624263,3.4189211022392604e-11,0.8428434902989678,0.3650430689237193,0.0022468535877908907,9.75226736578914e-10,1.2101334137857047
5.702142857142857,-1.6536754780658955,-3.9399497489420945,1.6536754780658955,3.9399497489420945,-1.5901744912789821,-2.7436710129323245,0.007168028657686071,-0.003360547175061083,0.009598085631636232,-0.005281187389938836,-0.6909257585798174,-0.6748308876156489,3.1615897893784795e-11,0.8428434903595825,0.3650465344788978,0.0022433880453973172,9.018272089636443e-10,1.210133413785705
5.708571428571428,-1.6542718930764473,-3.945821382994216,1.6542718930764473,3.945821382994216,-1.5933556293821844,-2.7473690686032977,0.007143307927213232,-0.0033325899709304545,0.009582018629265991,-0.005262684207529544,-0.690925758545852,-0.6748308876649938,2.92172657692175e-11,0.8428434904157582,0.365052748398079,0.002237174138457867,8.334098264421691e-10,1.210133413785705
5.715,-1.654868308087064,-3.951693017046522,1.654868308087064,3.951693017046522,-1.596536839820071,-2.7510671947144134,0.007114103576134094,-0.0033004225624419002,0.009554988650387985,-0.005233356788940928,-0.6909257585147833,-0.6748308877107076,2.6983178216940174e-11,0.8428434904677868,0.36506170026781387,0.0022282222804185466,7.696854730177776e-10,1.2101334137857045
5.7214285714285715,-1.6554647230977404,-3.9575646510989984,1.6554647230977404,3.9575646510989984,-1.5997181358931745,-2.754765429599355,0.007080523281119608,-0.003264219183335427,0.009517099589746312,-0.005193359906407337,-0.690925758486389,-0.674830887753025,2.4903963329295664e-11,0.8428434905159441,0.3650733652988387,0.0022165572605438123,7.103782950470419e-10,1.2101334137857047
5.727857142857142,-1.6560611381084716,-3.9634362851516314,1.6560611381084716,3.9634362851516314,-1.6028995306636264,-2.758463811224429,0.007042698179930645,-0.003224169275311848,0.009468507488249091,-0.005142895046182868,-0.6909257584604617,-0.6748308877921679,2.2970397365666876e-11,0.8428434905604899,0.3650877040576813,0.0022022185123082233,6.552252319364496e-10,1.2101334137857045
5.734285714285714,-1.6566575531192533,-3.969307919204411,1.6566575531192533,3.969307919204411,-1.606081036871866,-2.7621623769932064,0.007000782808376304,-0.003180476079962789,0.009409420233724729,-0.005082209067452315,-0.6909257584368074,-0.6748308878283471,2.1173689277065703e-11,0.8428434906016695,0.3651046623153319,0.002185260264727707,6.039755720813543e-10,1.2101334137857045
5.740714285714286,-1.6572539681300813,-3.975179553257325,1.6572539681300813,3.975179553257325,-1.6092626668517303,-2.765861163551108,0.006954954839006666,-0.003133355257602808,0.009340096960391054,-0.005011592715550512,-0.6909257584152456,-0.6748308878617617,1.9505466002602936e-11,0.8428434906397142,0.3651241710215368,0.0021657515680632276,5.563905309883503e-10,1.2101334137857047
5.747142857142857,-1.657850383140952,-3.9810511873103636,1.657850383140952,3.9810511873103636,-1.6124444324449505,-2.769560206591374,0.006905414612473305,-0.0030830335496315783,0.009260847141724765,-0.0049313790045022975,-0.6909257583956083,-0.6748308878925999,1.7957758437068212e-11,0.8428434906748412,0.36514614641118526,0.0021437761874355515,5.122428487638279e-10,1.2101334137857052
5.753571428571428,-1.6584467981518614,-3.9869228213635157,1.6584467981518614,3.9869228213635157,-1.6156263449160966,-2.7732595406638874,0.0068523844554277905,-0.0030297474987801922,0.009172029374139619,-0.004841941482936842,-0.6909257583777391,-0.6748308879210398,1.652298797671822e-11,0.8428434907072547,0.3651704902474139,0.002119432359719817,4.713164043603987e-10,1.2101334137857047
5.76,-1.6590432131628066,-3.992794455416775,1.6590432131628066,3.992794455416775,-1.6188084148690853,-2.776959198988357,0.0067961077826714615,-0.0029737422385603665,0.009074049852418407,-0.00474369239607401,-0.6909257583614926,-0.674830887947249,1.5193953558611904e-11,0.8428434907371473,0.3651970902036441,0.002092832411507695,4.334058441935297e-10,1.210133413785705
5.7664285714285715,-1.6596396281737849,-3.9986660894701314,1.6596396281737849,3.9986660894701314,-1.6219906521663638,-2.780659213273358,0.0067368479847517825,-0.002915270360391791,0.008967360541017077,-0.004637080755092509,-0.6909257583467342,-0.6748308879713852,1.396381911649842e-11,0.8428434907646988,0.36522582038458035,0.002064102238109463,3.9831622294553106e-10,1.210133413785705
5.772857142857143,-1.6602360431847931,-4.004537723523578,1.6602360431847931,4.004537723523578,-1.6251730658518928,-2.7843596135427244,0.006674887105930896,-0.0028545908638008344,0.008852457048756026,-0.004522590323642897,-0.6909257583333389,-0.6748308879935973,1.2826101384083955e-11,0.8428434907900787,0.36525654198384566,0.0020333806459177945,3.6586265458477943e-10,1.210133413785705
5.779285714285714,-1.6608324581958287,-4.010409357577107,1.6608324581958287,4.010409357577107,-1.628355664079017,-2.788060427970722,0.006610524321327113,-0.0027919681918262434,0.008729876217943166,-0.004400737529568584,-0.6909257583211911,-0.6748308880140245,1.1774657984489484e-11,0.8428434908134451,0.36528910407348014,0.002000818562909799,3.3586997184525995e-10,1.2101334137857052
5.785714285714286,-1.6614288732068896,-4.016280991630714,1.6614288732068896,4.016280991630714,-1.6315384540442728,-2.7917616827274054,0.00654407422532209,-0.0027276713509704615,0.008600193441984802,-0.00427206930840737,-0.6909257583101838,-0.674830888032798,1.0803675752428505e-11,0.8428434908349464,0.3653233445184454,0.0019665781241406974,3.081723926225639e-10,1.2101334137857047
5.792142857142857,-1.6620252882179736,-4.02215262568439,1.6620252882179736,4.02215262568439,-1.6347214419280944,-2.7954634018354296,0.006475864947168762,-0.0026619731117434884,0.008464019729081288,-0.004137160883465902,-0.6909257583002183,-0.6748308880500405,9.907659243882207e-12,0.8428434908547211,0.3653590910068274,0.0019308316415433526,2.826131919710862e-10,1.2101334137857052
5.798571428571428,-1.6626217032290784,-4.02802425973813,1.6626217032290784,4.02802425973813,-1.637904632843321,-2.7991656070395394,0.0064062361124700975,-0.0025951492834811684,0.008321998532164024,-0.003996613485965195,-0.6909257582912034,-0.6748308880658671,9.081419395768245e-12,0.8428434908728987,0.36539616218467763,0.001893760469084447,2.590443786020762e-10,1.210133413785705
5.805,-1.6632181182402028,-4.03389589379193,1.6632181182402028,4.03389589379193,-1.6410880307922704,-2.802868317689798,0.006335536672399414,-0.002527478054344835,0.008174802368265035,-0.0038510520172378823,-0.6909257582830552,-0.6748308880803849,8.32006230620708e-12,0.8428434908896002,0.3654343688823772,0.001855553776401348,2.373263750105085e-10,1.2101334137857052
5.811428571428571,-1.6638145332513445,-4.039767527845785,1.6638145332513445,4.039767527845785,-1.6442716386330298,-2.80657155063949,0.006264122624785943,-0.002459239385442814,0.008023129252725062,-0.003701122653889046,-0.6909257582756965,-0.6748308880936945,7.618978113591114e-12,0.8428434909049379,0.36547351541793616,0.0018164072455034012,2.1732770057400415e-10,1.2101334137857052
5.817857142857143,-1.6644109482625025,-4.0456391618996905,1.6644109482625025,4.0456391618996905,-1.6474554580554925,-2.8102753201584996,0.006192354653264704,-0.0023907144462005318,0.0078676989757492,-0.003547490395862756,-0.690925758269056,-0.6748308881058892,6.9738299601114085e-12,0.8428434909190168,0.36551340096127827,0.0017765217064851125,1.9892465717961466e-10,1.210133413785705
5.824285714285714,-1.665007363273675,-4.05151079595364,1.665007363273675,4.05151079595364,-1.650639489567492,-2.8139796378627797,0.006120595712263952,-0.002322185076728488,0.007709249250544263,-0.0033908365566571474,-0.6909257582630686,-0.6748308881170564,6.380543032419985e-12,0.8428434909319349,0.3655538209425063,0.0017361017292628698,1.8200101713597942e-10,1.2101334137857052
5.8307142857142855,-1.665603778284861,-4.0573824300076335,1.665603778284861,4.0573824300076335,-1.6538237324912575,-2.8176845126603736,0.0060492085865228055,-0.0022539332621330805,0.0075485317634143385,-0.0032318561945669177,-0.6909257582576744,-0.674830888127277,5.835293678536359e-12,0.8428434909437823,0.3655945684865002,0.0016953541889746706,1.66447713314131e-10,1.2101334137857052
5.837142857142857,-1.666200193296059,-4.063254064061665,1.666200193296059,4.063254064061665,-1.657008184970223,-2.8213899507142592,0.005978553454393126,-0.0021862406032290456,0.007386308157136187,-0.0030712554837001435,-0.6909257582528187,-0.6748308881366265,5.334498605986536e-12,0.8428434909546437,0.3656354358557675,0.0016544868231313013,1.52162531631126e-10,1.210133413785705
5.843571428571429,-1.6667966083072683,-4.069125698115733,1.6667966083072683,4.069125698115733,-1.6601928439860973,-2.825095955422131,0.005908985484019413,-0.002119387768259938,0.007223345979188003,-0.002909749023746517,-0.6909257582484511,-0.6748308881451748,4.874804171246044e-12,0.8428434909645971,0.3656762158835089,0.0016137067985493342,1.3904980613933305e-10,1.2101334137857052
5.85,-1.6673930233184875,-4.074997332169832,1.6673930233184875,4.074997332169832,-1.6633777053859058,-2.82880252741303,0.005840852490893585,-0.002053653910769368,0.007060414626399603,-0.0027480570879895127,-0.6909257582445258,-0.6748308881529866,4.453075774912413e-12,0.8428434909737149,0.3657167033791574,0.0015732193058125813,1.2702011711239862e-10,1.2101334137857052
5.856428571428571,-1.667989438329716,-4.080868966223962,1.667989438329716,4.080868966223962,-1.6665627639185856,-2.8325096645605807,0.005774492684078981,-0.0019893160398325727,0.006898281317011858,-0.0025869028098826456,-0.690925758241001,-0.6748308881601223,4.066387380519937e-12,0.8428434909820643,0.3657566964893467,0.0015332261983039932,1.1598999262245563e-10,1.2101334137857047
5.862857142857143,-1.668585853340953,-4.086740600278119,1.668585853340953,4.086740600278119,-1.6697480132805567,-2.8362173620124045,0.005710232526767571,-0.0019266483303006074,0.006737707120219618,-0.0024270093095886155,-0.6909257582378384,-0.6748308881666373,3.712011177583746e-12,0.8428434909897073,0.36579599799823126,0.0014939246918847396,1.058816141834265e-10,1.210133413785705
5.869285714285714,-1.6691822683521975,-4.0926122343323,1.6691822683521975,4.0926122343323,-1.6729334461695669,-2.8399256122351466,0.005648384734550086,-0.0018659213627204001,0.0065794430718171615,-0.002269096763325911,-0.690925758235003,-0.674830888172583,3.387407411245401e-12,0.8428434909967014,0.36583441655245813,0.0014555061399230153,9.66225270899373e-11,1.2101334137857052
5.8757142857142854,-1.6697786833634494,-4.098483868386505,1.6697786833634494,4.098483868386505,-1.6761190543459883,-2.843634405074395,0.005589246432417386,-0.0018074012846643122,0.006424226402970758,-0.0021138794198288643,-0.6909257582324634,-0.6748308881780067,3.090214401944588e-12,0.8428434910030999,0.3658717677975457,0.0014181548969142478,8.814535611485661e-11,1.2101334137857052
5.882142857142857,-1.6703750983747072,-4.104355502440731,1.6703750983747072,4.104355502440731,-1.6793048287006287,-2.8473437278286298,0.005533097488238881,-0.0017513488880571571,0.006272776906843308,-0.0019620625702138363,-0.6909257582301903,-0.6748308881829526,2.818238778725549e-12,0.842843491008951,0.3659078754144291,0.001382047281937608,8.03875272366939e-11,1.2101334137857052
5.888571428571429,-1.670971513385971,-4.110227136494975,1.670971513385971,4.110227136494975,-1.6824907593280625,-2.8510535653362523,0.005480199037570496,-0.0016980185995913374,0.006125793465677762,-0.0018143394792596514,-0.6909257582281578,-0.6748308881874606,2.569445949401697e-12,0.8428434910143004,0.36594257204674197,0.001347350651371987,7.329099605974023e-11,1.2101334137857056
5.895,-1.6715679283972398,-4.116098770549237,1.6715679283972398,4.116098770549237,-1.6856768356044032,-2.8547639000746363,0.005430792210846765,-0.0016476573845879796,0.005983950758117828,-0.0016713882883345828,-0.690925758226342,-0.6748308881915681,2.341950829684169e-12,0.8428434910191894,0.3659757001117678,0.0013142225879459728,6.680198356000574e-11,1.2101334137857052
5.901428571428571,-1.6721643434085136,-4.121970404603515,1.6721643434085136,4.121970404603515,-1.688863046268413,-2.85847471227006,0.005385097070550062,-0.0016005035676012096,0.005847896163878187,-0.0015338689021720795,-0.6909257582247211,-0.6748308881953092,2.1340088518249558e-12,0.8428434910236567,0.3660071124901628,0.001282810211014997,6.087071974731675e-11,1.2101334137857052
5.907857142857143,-1.6727607584197917,-4.127842038657808,1.6727607584197917,4.127842038657808,-1.6920493795048164,-2.862185980017343,0.005343311762232976,-0.00155678557618941,0.005718246879966896,-0.001402419873774407,-0.6909257582232758,-0.6748308881987154,1.9440072712995404e-12,0.8428434910277371,0.36603667309189186,0.0012532496106246402,5.545119577734371e-11,1.2101334137857047
5.914285714285715,-1.6733571734310735,-4.133713672712114,1.6733571734310735,4.133713672712114,-1.6952358230287077,-2.86589767940797,0.005305611879392978,-0.0015167206174810635,0.0055955872595430094,-0.0012776553038146966,-0.6909257582219883,-0.6748308882018155,1.7704567876867624e-12,0.8428434910314636,0.366064257298256,0.0012256654054845493,5.050092498058361e-11,1.2101334137857052
5.920714285714285,-1.673953588442359,-4.139585306766431,1.673953588442359,4.139585306766431,-1.6984223641699532,-2.869609784665469,0.0052721500388936615,-0.0014805132998422293,0.0054804663817688915,-0.0011601617726259166,-0.6909257582208423,-0.674830888204636,1.6119834933444191e-12,0.842843491034866,0.36608975228198243,0.0012001704228759914,4.598071320278138e-11,1.2101334137857052
5.927142857142857,-1.6745500034536478,-4.145456940820761,1.6745500034536478,4.145456940820761,-1.7016089899565534,-2.8733222682868353,0.005243055659754376,-0.0014483542150176675,0.00537339585774176,-0.0010504953247844448,-0.6909257582198236,-0.6748308882072013,1.467321160697838e-12,0.8428434910379712,0.36611305720978893,0.001176865496090649,4.185443877202899e-11,1.2101334137857054
5.933571428571429,-1.6751464184649396,-4.151328574875101,1.6751464184649396,4.151328574875101,-1.7047956871959833,-2.877035101188794,0.005218434935354223,-0.001420418498221391,0.005274847875144718,-0.0009491785275555865,-0.6909257582189188,-0.6748308882095336,1.3353038761933627e-12,0.8428434910408048,0.36613408333358943,0.0011558393732222201,3.8088842328812266e-11,1.2101334137857054
5.9399999999999995,-1.675742833476234,-4.157200208929448,1.675742833476234,4.157200208929448,-1.7079824425536405,-2.8807482528577824,0.0051983709858314745,-0.0013968643860459537,0.005185253481305676,-0.0008566976258481848,-0.6909257582181162,-0.6748308882116534,1.2148590261370427e-12,0.8428434910433896,0.36615275397857355,0.0011371687290887046,3.4653326674146285e-11,1.2101334137857054
5.946428571428571,-1.676339248487531,-4.163071842983806,1.676339248487531,4.163071842983806,-1.7111692426276155,-2.8844616915025605,0.005182924175126591,-0.0013778317936109488,0.005105001102094526,-0.0007734998171122974,-0.6909257582174051,-0.6748308882135794,1.1050006369314e-12,0.8428434910457472,0.36616900443785455,0.0011209182705838427,3.1519766713252515e-11,1.2101334137857052
5.952857142857143,-1.67693566349883,-4.168943477038171,1.67693566349883,4.168943477038171,-1.7143560740191195,-2.888175384208445,0.005172132574938817,-0.0013634409336986141,0.005034435291873737,-0.0006999906701954993,-0.6909257582167758,-0.6748308882153287,1.0048230696169256e-12,0.8428434910478968,0.36618278178475455,0.001107140924391551,2.8662329497300834e-11,1.2101334137857054
5.9592857142857145,-1.677532078510131,-4.174815111092543,1.677532078510131,4.174815111092543,-1.7175429233980488,-2.8918892970922747,0.005166012556154701,-0.0013537910014242514,0.004973855707762606,-0.0006365317123218448,-0.6909257582162197,-0.674830888216917,9.13495066191724e-13,0.8428434910498562,0.3661940446148545,0.0010958780949372987,2.605730429568542e-11,1.2101334137857054
5.965714285714285,-1.6781284935214338,-4.180686745146921,1.6781284935214338,4.180686745146921,-1.7207297775632764,-2.8956033954572775,0.005164559487240756,-0.0013489589482437328,0.004923516300048051,-0.000583438208139673,-0.690925758215729,-0.6748308882183585,8.302541429610842e-13,0.8428434910516419,0.3662027627305896,0.0010871599797907642,2.3682942567259304e-11,1.2101334137857052
5.972142857142857,-1.6787249085327383,-4.186558379201305,1.6787249085327383,4.186558379201305,-1.723916623497425,-2.8993176439471515,0.005167748518318424,-0.0013489983688681642,0.004883624709181308,-0.0005409771540920858,-0.6909257582152966,-0.6748308882196664,7.544013241615231e-13,0.842843491053269,0.3662089167816256,0.0010810059292914902,2.1519307641015196e-11,1.2101334137857052
5.978571428571429,-1.6793213235440443,-4.192430013255694,1.6793213235440443,4.192430013255694,-1.7271034484159915,-2.9030320066987407,0.005175535429593386,-0.001353938523904051,0.004854341859088844,-0.0005093655103758723,-0.6909257582149162,-0.6748308882208528,6.852962073475309e-13,0.8428434910547506,0.36621249787423843,0.0010774248371680697,1.9548133865947218e-11,1.2101334137857054
5.985,-1.6799177385553516,-4.198301647310089,1.6799177385553516,4.198301647310089,-1.73029023981086,-2.906746447492841,0.0051878575231198,-0.0013637835197195982,0.004835781735882266,-0.0004887686912172646,-0.690925758214582,-0.6748308882219284,6.223523505138142e-13,0.8428434910561,0.3662135071626734,0.0010764155491791102,1.7752694945981017e-11,1.2101334137857052
5.991428571428571,-1.6805141535666601,-4.204173281364486,1.6805141535666601,4.204173281364486,-1.733476985488344,-2.910460929902738,0.00520463453778232,-0.0013785116652723119,0.004828011340949561,-0.00047929933237728984,-0.6909257582142891,-0.6748308882229033,5.650329696614896e-13,0.8428434910573285,0.36621195543483115,0.0010779672774281772,1.611768113922698e-11,1.2101334137857056
5.997857142857143,-1.68111056857797,-4.210044915418889,1.68111056857797,4.210044915418889,-1.736663673602042,-2.9141754174402066,0.005225769568657409,-0.0013980750234371523,0.004831050807527012,-0.00048101635261408313,-0.6909257582140328,-0.6748308882237865,5.128469344910807e-13,0.8428434910584464,0.3662078627037477,0.0010820600088820357,1.462908497104552e-11,1.2101334137857054
6.0042857142857144,-1.6817069835892806,-4.215916549473295,1.6817069835892806,4.215916549473295,-1.7398502926808888,-2.917889873698775,0.005251149973776212,-0.0014223991715678838,0.004844873670355974,-0.0004939243231412095,-0.690925758213809,-0.6748308882245865,4.653450491164706e-13,0.8428434910594635,0.36620125781509083,0.0010886648978770115,1.3274095087473941e-11,1.2101334137857056
6.010714285714285,-1.6823033986005922,-4.221788183527704,1.6823033986005922,4.221788183527704,-1.7430368316528924,-2.9216042624941574,0.005280648253260895,-0.0014513831832581423,0.004869407278708894,-0.0005179731565190399,-0.6909257582136139,-0.6748308882253106,4.2211660411255604e-13,0.8428434910603884,0.3661921780795724,0.0010977446337032425,1.2040997858593581e-11,1.2101334137857052
6.017142857142857,-1.6828998136119044,-4.227659817582118,1.6828998136119044,4.227659817582118,-1.7462232798651214,-2.925318548001822,0.005314122888523972,-0.0014848998395683853,0.004904533344152524,-0.0005530581229758582,-0.6909257582134445,-0.6748308882259659,3.8278618584391787e-13,0.8428434910612296,0.3661806689373862,0.001109253776170285,1.0919086330685689e-11,1.2101334137857052
6.023571428571429,-1.6834962286232176,-4.233531451636533,1.6834962286232176,4.233531451636533,-1.7494096271005632,-2.9290326948917085,0.00535141913162518,-0.0015227960748307456,0.004950088615481432,-0.0005990201992478088,-0.6909257582132976,-0.6748308882265588,3.4701072882225385e-13,0.8428434910619942,0.36616678366015964,0.001123139053652861,9.898576120070639e-12,1.2101334137857054
6.03,-1.6840926436345314,-4.2394030856909515,1.6840926436345314,4.2394030856909515,-1.752595863592534,-2.9327466684601693,0.005392369738028364,-0.0015648936580682927,0.00500586567469493,-0.0006556467512728516,-0.6909257582131707,-0.6748308882270948,3.144767968196954e-13,0.842843491062689,0.36615058309384346,0.0011393396202023062,8.970527840751664e-12,1.2101334137857054
6.036428571428571,-1.6846890586458456,-4.245274719745371,1.6846890586458456,4.245274719745371,-1.7557819800373222,-2.9364604347592183,0.005436795638846411,-0.0016109901074604852,0.005071613849262937,-0.0007226725487524477,-0.6909257582130613,-0.6748308882275793,2.848980785785282e-13,0.84284349106332,0.36613213544407075,0.0011577872701877458,8.126775661076527e-12,1.2101334137857054
6.042857142857143,-1.6852854736571605,-4.251146353799793,1.6852854736571605,4.251146353799793,-1.7589679676057661,-2.940173960723193,0.005484506551692179,-0.001660859831469036,0.005147040237404861,-0.0007997811060612174,-0.6909257582129675,-0.674830888228017,2.580130841994575e-13,0.8428434910638931,0.36611151610352455,0.0011784066109275368,7.359861591435112e-12,1.2101334137857054
6.049285714285714,-1.6858818886684759,-4.257017987854218,1.6858818886684759,4.257017987854218,-1.7621538179544292,-2.943887214292907,0.0055353015323637,-0.001714255486348382,0.005231810844647681,-0.000886606340352108,-0.6909257582128873,-0.6748308882284122,2.3358302864021915e-13,0.8428434910644135,0.366088807518811,0.0012011151958178754,6.662975114942222e-12,1.2101334137857054
6.055714285714286,-1.686478303679792,-4.262889621908644,1.686478303679792,4.262889621908644,-1.7653395232370188,-2.947600164537375,0.005588969472195147,-0.0017709095365123818,0.005325551831220549,-0.000982734534629892,-0.6909257582128189,-0.6748308882287688,2.1138988918672142e-13,0.8428434910648854,0.36606409909262155,0.0012258236221681586,6.029897785320616e-12,1.210133413785705
6.062142857142857,-1.687074718691108,-4.268761255963071,1.687074718691108,4.268761255963071,-1.7685250761166103,-2.951312781773129,0.005645289548885072,-0.0018305360004948917,0.005427850871307618,-0.0010877065899786997,-0.690925758212761,-0.6748308882290907,1.9123462426910972e-13,0.8428434910653139,0.3660374871150293,0.0012524355999071833,5.454952430783134e-12,1.2101334137857052
6.0685714285714285,-1.6876711337024246,-4.2746328900175,1.6876711337024246,4.2746328900175,-1.7717104697791866,-2.955025037681106,0.005704031640661457,-0.001892832362649566,0.005538258626157207,-0.0012010205485629844,-0.6909257582127123,-0.6748308882293809,1.7293554155003995e-13,0.8428434910657022,0.3660090747164204,0.001280847998649855,4.932956618587183e-12,1.2101334137857056
6.075,-1.6882675487137415,-4.28050452407193,1.6882675487137415,4.28050452407193,-1.7748956979488912,-2.9587369054210066,0.005764956715975868,-0.001957481627746723,0.005656290334119253,-0.0013221343659948022,-0.6909257582126715,-0.6748308882296424,1.5632680381589894e-13,0.8428434910660542,0.36597897183305805,0.0013109508821339847,4.4591800522239155e-12,1.2101334137857052
6.081428571428571,-1.6888639637250589,-4.286376158126361,1.6888639637250589,4.286376158126361,-1.7780807549053061,-2.962448359742982,0.005827817212437721,-0.0020241544936087296,0.005781427521302087,-0.0014504689094797301,-0.6909257582126377,-0.674830888229878,1.4125706182642504e-13,0.8428434910663731,0.36594729517529423,0.0013426275400088368,4.029305591109028e-12,1.2101334137857054
6.087857142857143,-1.6894603787363764,-4.2922477921807936,1.6894603787363764,4.2922477921807936,-1.781265635502943,-2.96615937709638,0.005892357420006392,-0.0020925116151217942,0.005913119836996423,-0.0015854111560937969,-0.6909257582126098,-0.6748308882300902,1.2758820392108878e-13,0.8428434910666619,0.365914168187616,0.0013757545277879,3.639393601078838e-12,1.2101334137857052
6.094285714285714,-1.690056793747694,-4.2981194262352265,1.690056793747694,4.2981194262352265,-1.7844503351930114,-2.96986993573523,0.005958313884264598,-0.0021622059317032475,0.006050787018130798,-0.001726317563877802,-0.6909257582125872,-0.674830888230281,1.1519421282773596e-13,0.8428434910669234,0.36587972098921284,0.0014102017262832196,3.2858493625578887e-12,1.2101334137857052
6.100714285714286,-1.690653208759012,-4.30399106028966,1.690653208759012,4.30399106028966,-1.7876348500474168,-2.973580015820042,0.006025415845879746,-0.0022328850296711488,0.006193820986848787,-0.001872517587345724,-0.690925758212569,-0.6748308882304527,1.0396012076190313e-13,0.8428434910671598,0.3658440902835995,0.0014458324319803243,2.9653932817075406e-12,1.2101334137857052
6.107142857142857,-1.69124962377033,-4.309862694344095,1.69124962377033,4.309862694344095,-1.790819176784798,-2.9772895995154043,0.00609338573219418,-0.0023041935107586736,0.0063415880847486426,-0.0020233173081205848,-0.6909257582125545,-0.674830888230607,9.378105453741123e-14,0.842843491067374,0.3658074192259728,0.0014825034896833716,2.6750336680014052e-12,1.2101334137857052
6.113571428571428,-1.6918460387816485,-4.3157343283985306,1.6918460387816485,4.3157343283985306,-1.7940033127983073,-2.980998671082792,0.006161939716223263,-0.0023757753384503256,0.006493431446545148,-0.002178003151196071,-0.6909257582125435,-0.6748308882307457,8.456136302285775e-14,0.8428434910675676,0.36576985723745575,0.0015200654782699797,2.412041859286533e-12,1.2101334137857054
6.12,-1.692442453792967,-4.321605962452967,1.692442453792967,4.321605962452967,-1.7971872561846987,-2.9847072169678905,0.006230788357163895,-0.002447276134747593,0.006648673514703309,-0.002335845657362305,-0.6909257582125352,-0.6748308882308701,7.621381987006404e-14,0.8428434910677425,0.3657315597561911,0.0015583629595976867,2.1739294923512026e-12,1.2101334137857054
6.126428571428571,-1.6930388688042857,-4.327477596507403,1.6930388688042857,4.327477596507403,-1.8003710057742062,-2.988415225881714,0.006299637334924467,-0.002518345401430369,0.00680661869517511,-0.0024961032829161536,-0.6909257582125293,-0.6748308882309818,6.865889500527935e-14,0.8428434910679005,0.3656926879163367,0.0015972347995097276,1.958427733212298e-12,1.2101334137857054
6.132857142857143,-1.6936352838156044,-4.33334923056184,1.6936352838156044,4.33334923056184,-1.8035545611605768,-2.9921226888746943,0.006368188289208829,-0.0025886386417580142,0.006966556152673917,-0.0026580261986701966,-0.6909257582125253,-0.6748308882310821,6.182408890919662e-14,0.8428434910680431,0.36565340814735114,0.0016365145685474517,1.7634682966762366e-12,1.2101334137857052
6.139285714285714,-1.6942316988269233,-4.339220864616277,1.6942316988269233,4.339220864616277,-1.8067379227305427,-2.995829599402895,0.006436139771164755,-0.0026578193610460633,0.007127762741856802,-0.002820860061668526,-0.6909257582125231,-0.6748308882311718,5.5643324214822025e-14,0.8428434910681719,0.3656138916876587,0.0016760310282875864,1.58716609913682e-12,1.2101334137857054
6.145714285714286,-1.6948281138382424,-4.345092498670716,1.6948281138382424,4.345092498670716,-1.8099210916919684,-2.999535953385476,0.006503188313133629,-0.0027255609270555835,0.007289506068810534,-0.0029838497345259737,-0.6909257582125222,-0.6748308882312521,5.005638962369614e-14,0.842843491068288,0.36557431400844764,0.0017156087075416344,1.4278034020736446e-12,1.2101334137857052
6.152142857142857,-1.6954245288495613,-4.350964132725154,1.6954245288495613,4.350964132725154,-1.8131040700998349,-3.0032417492525134,0.006569029618748161,-0.00279154827451797,0.007451047674660402,-0.003146242929457626,-0.6909257582125226,-0.6748308882313241,4.500843157717368e-14,0.8428434910683928,0.3655348541455535,0.0017550685704751242,1.283815316196918e-12,1.2101334137857054
6.158571428571428,-1.6960209438608804,-4.356835766779592,1.6960209438608804,4.356835766779592,-1.8162868608792198,-3.0069469879822925,0.006633359872848868,-0.00285547944103594,0.0076116463309894395,-0.003307293756017606,-0.6909257582125238,-0.6748308882313885,4.0449489524944685e-14,0.8428434910684873,0.3654956939392452,0.00179422877681919,1.1537765477818819e-12,1.2101334137857054
6.165,-1.6966173588721998,-4.362707400834032,1.6966173588721998,4.362707400834032,-1.8194694678444057,-3.0106516731272124,0.006695877167128395,-0.002917066925384924,0.007770561434044641,-0.0034662661541530163,-0.6909257582125257,-0.674830888231446,3.633407100376006e-14,0.8428434910685723,0.3654570171841091,0.0018329055319875793,1.0363892793320228e-12,1.2101334137857052
6.171428571428572,-1.6972137738835191,-4.368579034888471,1.6972137738835191,4.368579034888471,-1.8226518957132816,-3.014355810827496,0.006756283034312616,-0.0029760388626062177,0.007927056482387155,-0.0036224371965784654,-0.6909257582125281,-0.6748308882314974,3.262076308037605e-14,0.8428434910686488,0.36541900869329946,0.0018709140228266605,9.30472086450934e-13,1.2101334137857054
6.1778571428571425,-1.6978101888948385,-4.37445066894291,1.6978101888948385,4.37445066894291,-1.8258341501162239,-3.018059409811952,0.006814284080441175,-0.0030321400138541323,0.00808040262023348,-0.003775100247069503,-0.6909257582125311,-0.6748308882315432,2.9271877023230774e-14,0.8428434910687177,0.36538185328359607,0.001908069432556576,8.349498016635515e-13,1.2101334137857054
6.184285714285714,-1.6984066039061578,-4.38032230299735,1.6984066039061578,4.38032230299735,-1.829016237598713,-3.021762481385133,0.006869593701572309,-0.0030851325726067246,0.008229882226367868,-0.003923567964009171,-0.6909257582125343,-0.6748308882315842,2.6253123349509846e-14,0.8428434910687795,0.3653457346898762,0.001944188026300691,7.488442439728811e-13,1.2101334137857052
6.190714285714286,-1.6990030189174774,-4.38619393705179,1.6990030189174774,4.38619393705179,-1.8321981656170028,-3.0254650394003204,0.006921933868590632,-0.0031347967919018328,0.008374792526597457,-0.004067175140873647,-0.6909257582125378,-0.6748308882316207,2.353331465086983e-14,0.8428434910688354,0.3653108344193897,0.0019790882968090564,6.712657402507502e-13,1.2101334137857054
6.197142857142857,-1.6995994339287968,-4.3920655711062295,1.6995994339287968,4.3920655711062295,-1.8353799425262796,-3.0291671002179092,0.0069710369608450146,-0.003180931440765664,0.008514449205630863,-0.004205281378125358,-0.6909257582125414,-0.6748308882316533,2.108409383217439e-14,0.8428434910688852,0.3652773305582067,0.0020125921580119526,6.014053711401934e-13,1.2101334137857052
6.203571428571428,-1.7001958489401163,-4.39793720516067,1.7001958489401163,4.39793720516067,-1.8385615775608342,-3.0328686826488727,0.007016647627399586,-0.0032233541004350907,0.008648189992926195,-0.004337273583004126,-0.6909257582125451,-0.6748308882316821,1.8879685607655933e-14,0.8428434910689303,0.36524539654353816,0.0020445261726984624,5.385278801243827e-13,1.2101334137857054
6.21,-1.700792263951436,-4.4038088392151105,1.700792263951436,4.4038088392151105,-1.84174308080591,-3.0365698078831502,0.007058524652530106,-0.0032619013137796075,0.00877537819561804,-0.004462568296109303,-0.6909257582125489,-0.6748308882317079,1.6896669287480016e-14,0.8428434910689706,0.3652151999170941,0.002074722799158772,4.819651897781289e-13,1.2101334137857056
6.216428571428572,-1.7013886789627557,-4.409680473269551,1.7013886789627557,4.409680473269551,-1.844924463161032,-3.0402704994029666,0.007096442800823979,-0.0032964286032229396,0.008895406150862857,-0.004580613845429198,-0.6909257582125525,-0.6748308882317308,1.5113771058640693e-14,0.8428434910690067,0.36518690107554375,0.002103021640723807,4.311104740762154e-13,1.2101334137857056
6.222857142857142,-1.7019850939740753,-4.415552107323991,1.7019850939740753,4.415552107323991,-1.8481057362947497,-3.0439707828812224,0.0071301946162379915,-0.003326810374159323,0.009007698569405908,-0.004690892330154131,-0.6909257582125562,-0.6748308882317511,1.3511674118179358e-14,0.8428434910690392,0.3651606520348712,0.0021292706814094306,3.85412740008691e-13,1.2101334137857052
6.229285714285714,-1.7025815089853948,-4.421423741378433,1.7025815089853948,4.421423741378433,-1.8512869125909064,-3.047670686065307,0.00715959214905015,-0.00335293972204801,0.009111715742121164,-0.0047929214380024,-0.6909257582125597,-0.6748308882317691,1.2072845156093827e-14,0.8428434910690683,0.365136595225772,0.0021533274905207135,3.4437187571049983e-13,1.2101334137857054
6.235714285714286,-1.7031779239967146,-4.427295375432874,1.7031779239967146,4.427295375432874,-1.8544680050866627,-3.0513702386468116,0.007184468584742743,-0.0033747281619752848,0.009206956581604961,-0.004886256100729251,-0.6909257582125633,-0.674830888231785,1.0781375811571006e-14,0.8428434910690943,0.36511486233725277,0.002175060379050757,3.0753412589711106e-13,1.2101334137857052
6.242142857142857,-1.7037743390080342,-4.433167009487315,1.7037743390080342,4.433167009487315,-1.8576490274026998,-3.055069472117833,0.00720467974953713,-0.0033921052996901267,0.009292961471760246,-0.004970489993301371,-0.6909257582125666,-0.6748308882317993,9.622837840730475e-15,0.8428434910691175,0.3650955732252509,0.002194349491062496,2.7448795864927175e-13,1.2101334137857054
6.248571428571428,-1.704370754019354,-4.439038643541756,1.704370754019354,4.439038643541756,-1.8608299936661346,-3.0587684196146774,0.007220105468411678,-0.0034050184627471346,0.009369314899444196,-0.005045256882498815,-0.6909257582125699,-0.6748308882318118,8.584150838290195e-15,0.8428434910691383,0.36507883490245424,0.002211087813867937,2.448602905484643e-13,1.2101334137857054
6.255,-1.7049671690306738,-4.444910277596197,1.7049671690306738,4.444910277596197,-1.8640109184268463,-3.062467115749971,0.007230650753199199,-0.0034134323095759357,0.0094356478439829,-0.005110231830829484,-0.6909257582125728,-0.6748308882318229,7.653461450679414e-15,0.8428434910691569,0.36506474062446437,0.002225182091865731,2.1831303986510672e-13,1.2101334137857054
6.261428571428572,-1.7055635840419934,-4.450781911650639,1.7055635840419934,4.450781911650639,-1.8671918165680272,-3.066165596434293,0.007236246800490843,-0.0034173284330070884,0.009491639902345111,-0.005165132261347027,-0.6909257582125757,-0.6748308882318327,6.820033105078397e-15,0.8428434910691734,0.3650533690861581,0.002236553630179242,1.9453997997119136e-13,1.2101334137857054
6.267857142857142,-1.7061599990533132,-4.4566535457050795,1.7061599990533132,4.4566535457050795,-1.8703727032118957,-3.069863898688599,0.007236851781638574,-0.003416704973129042,0.009537021130132974,-0.005209718888458054,-0.6909257582125784,-0.6748308882318413,6.074145358628634e-15,0.8428434910691884,0.3650447837405443,0.002245138975799201,1.7326386741558695e-13,1.2101334137857054
6.274285714285714,-1.706756414064633,-4.462525179759521,1.706756414064633,4.462525179759521,-1.8735535936216055,-3.0735620604488263,0.0072324514102999745,-0.003411576252163235,0.00957157358141364,-0.005243796518958983,-0.690925758212581,-0.674830888231849,5.407002045455518e-15,0.8428434910692018,0.3650390322504735,0.002250890465875815,1.5423382118718728e-13,1.2101334137857054
6.280714285714286,-1.7073528290759528,-4.468396813813963,1.7073528290759528,4.468396813813963,-1.8767345031004534,-3.077260120364131,0.007223059276000638,-0.0034019724418645394,0.009595132533160666,-0.005267214726617767,-0.6909257582125833,-0.6748308882318558,4.810647466616305e-15,0.8428434910692135,0.36503614608168045,0.002253776634674015,1.3722293161067278e-13,1.2101334137857054
6.287142857142857,-1.7079492440872726,-4.474268447868405,1.7079492440872726,4.474268447868405,-1.8799154468895747,-3.080958117590337,0.00720871693616441,-0.0033879392710255748,0.009607587383668228,-0.005279868402298457,-0.6909257582125856,-0.6748308882318617,4.277889930583281e-15,0.8428434910692241,0.3650361402431733,0.002253782473185882,1.220260790992437e-13,1.2101334137857054
6.293571428571428,-1.7085456590985921,-4.480140081922845,1.7085456590985921,4.480140081922845,-1.8830964400653207,-3.084656091580186,0.007189493762373674,-0.0033695377781723527,0.009608882217303917,-0.005281698180452666,-0.6909257582125876,-0.6748308882318669,3.802232009339487e-15,0.8428434910692336,0.3650390131789061,0.002250909537457225,1.0845794462608634e-13,1.2101334137857054
6.3,-1.709142074109912,-4.486011715977287,1.709142074109912,4.486011715977287,-1.8862774974375571,-3.088354081872047,0.007165486540854242,-0.00334684411133765,0.009599016031819318,-0.00527269074127584,-0.6909257582125896,-0.6748308882318715,3.3778069285464505e-15,0.842843491069242,0.365044746812017,0.00224517590435005,9.635119529871304e-14,1.2101334137857054
6.3064285714285715,-1.7097384891212317,-4.491883350031729,1.7097384891212317,4.491883350031729,-1.88945863345009,-3.0920521278787234,0.007136818830842304,-0.003319949374006633,0.009578042627807131,-0.005252878986473036,-0.6909257582125914,-0.6748308882318755,2.9993205594088828e-15,0.8428434910692494,0.36505330674059683,0.002236615975773631,8.555482982335132e-14,1.2101334137857054
6.312857142857143,-1.7103349041325517,-4.49775498408617,1.7103349041325517,4.49775498408617,-1.8926398620844176,-3.0957502686780134,0.007103640088327607,-0.003288959513410716,0.009546070163456861,-0.005222342085171467,-0.690925758212593,-0.6748308882318791,2.661998525368305e-15,0.842843491069256,0.3650646425815207,0.0022252801348525367,7.59326699461658e-14,1.2101334137857054
6.319285714285714,-1.7109313191438713,-4.503626618140611,1.7109313191438713,4.503626618140611,-1.895821196767935,-3.099448542806622,0.007066124566503586,-0.0032539952444440782,0.009503260381386871,-0.005181205385136243,-0.6909257582125946,-0.6748308882318822,2.3615379787733936e-15,0.842843491069262,0.36507868845642055,0.0022112342599555,6.736198515877425e-14,1.2101334137857054
6.325714285714286,-1.7115277341551913,-4.509498252195053,1.7115277341551913,4.509498252195053,-1.8990026502876585,-3.1031469880589806,0.007024470007411067,-0.0032151920001192297,0.009449827517374842,-0.0051296401833563,-0.690925758212596,-0.674830888231885,2.0940636413176467e-15,0.8428434910692673,0.36509536361184336,0.0021945591045349315,5.973223906037326e-14,1.2101334137857054
6.332142857142857,-1.7121241491665111,-4.515369886249494,1.7121241491665111,4.515369886249494,-1.9021842347104259,-3.1068456412924363,0.006978896142821192,-0.0031726998968675847,0.009386036904328465,-0.005067863348916554,-0.6909257582125974,-0.6748308882318874,1.8560877376964798e-15,0.8428434910692718,0.36511457316333595,0.002175349553044555,5.29439467889554e-14,1.2101334137857052
6.338571428571428,-1.712720564177831,-4.521241520303935,1.712720564177831,4.521241520303935,-1.9053659613104434,-3.1105445382401964,0.006929643024805496,-0.0031266837012988062,0.009312203287326687,-0.004996136790408313,-0.6909257582125986,-0.6748308882318895,1.6444734845452766e-15,0.8428434910692759,0.36513620895160703,0.002153713764775476,4.6907633867216353e-14,1.2101334137857052
6.345,-1.7133169791891507,-4.527113154358377,1.7133169791891507,4.527113154358377,-1.9085478405048946,-3.11424371333329,0.006876969209159449,-0.0030773227831849873,0.009228688868475258,-0.004914766759487167,-0.6909257582125997,-0.6748308882318913,1.4564018266943027e-15,0.8428434910692797,0.36516015049711975,0.0021297722192643257,4.154288766675809e-14,1.2101334137857054
6.351428571428571,-1.7139133942004707,-4.5329847884128185,1.7139133942004707,4.5329847884128185,-1.9117298817982034,-3.117943199532665,0.006821149816585819,-0.0030248110383911163,0.009135901102384894,-0.004824102982001172,-0.6909257582126007,-0.6748308882318929,1.2893411400842036e-15,0.8428434910692829,0.3651862660382715,0.0021036566781140967,3.677749347594226e-14,1.2101334137857054
6.357857142857143,-1.7145098092117905,-4.538856422467261,1.7145098092117905,4.538856422467261,-1.914912093735398,-3.1216430281724348,0.006762474498036289,-0.0029693567646924047,0.009034290265010132,-0.004724537608141465,-0.6909257582126016,-0.6748308882318943,1.1410196456127274e-15,0.8428434910692859,0.36521441363727164,0.0020755090791151243,3.254664787038827e-14,1.2101334137857054
6.364285714285714,-1.7151062242231103,-4.544728056521702,1.7151062242231103,4.544728056521702,-1.9180944838648515,-3.125343228815093,0.00670124533152181,-0.0029111824731933847,0.008924346820112863,-0.004616503973499291,-0.6909257582126025,-0.6748308882318955,1.0094003008418366e-15,0.8428434910692884,0.3652444423371376,0.0020454803792504597,2.879224273375465e-14,1.2101334137857052
6.3707142857142856,-1.7157026392344301,-4.550599690576144,1.7157026392344301,4.550599690576144,-1.921277058710535,-3.1290438291194,0.006637774678025297,-0.0028505246182980214,0.008806598608585382,-0.004500475163586812,-0.6909257582126033,-0.6748308882318966,8.926579570545517e-16,0.8428434910692906,0.3652761933529141,0.0020137293634749447,2.546221386491457e-14,1.2101334137857052
6.377142857142857,-1.71629905424575,-4.556471324630586,1.71629905424575,4.556471324630586,-1.9244598237537407,-3.1327448547214436,0.006572383023978357,-0.002787633229981751,0.008681607886614953,-0.0043769623755551745,-0.6909257582126039,-0.6748308882318976,7.891585877835603e-16,0.8428434910692927,0.36530950128020045,0.001980421436189561,2.2509948640794124e-14,1.2101334137857052
6.383571428571429,-1.71689546925707,-4.562342958685028,1.71689546925707,4.562342958685028,-1.9276427834241026,-3.1364463291292526,0.0065053968370473135,-0.0027227714332674876,0.00854996823879862,-0.004246513072121914,-0.6909257582126046,-0.6748308882318984,6.974404117918229e-16,0.8428434910692946,0.3653441953044172,0.001945727411973693,1.989374768635204e-14,1.2101334137857054
6.39,-1.7174918842683897,-4.568214592739469,1.7174918842683897,4.568214592739469,-1.930825941099571,-3.1401482736311563,0.006437146460706082,-0.002656214841584778,0.008412301392184053,-0.004109708924554439,-0.6909257582126052,-0.6748308882318991,6.161967487265402e-16,0.842843491069296,0.3653801003949211,0.0019098223214704941,1.7576335938940777e-14,1.210133413785705
6.396428571428571,-1.7180882992797095,-4.574086226793911,1.7180882992797095,4.574086226793911,-1.9340092991148798,-3.1438507072179402,0.006367964071364418,-0.002588250812760898,0.008269253956587492,-0.0039671635434964415,-0.6909257582126057,-0.6748308882318997,5.442604594469031e-16,0.8428434910692975,0.36541703846905677,0.0018728842473355097,1.5524418888056494e-14,1.2101334137857052
6.402857142857143,-1.7186847142910293,-4.579957860848354,1.7186847142910293,4.579957860848354,-1.9371928587779037,-3.147553646518698,0.006298181719706424,-0.0025191775588503484,0.00812149411562773,-0.0038195199986609005,-0.6909257582126063,-0.6748308882319003,4.805898354871058e-16,0.8428434910692987,0.3654548295124727,0.001835093203919981,1.3708280127395582e-14,1.2101334137857052
6.409285714285714,-1.719281129302349,-4.585829494902795,1.719281129302349,4.585829494902795,-1.94037662039321,-3.151257105750152,0.00622812947521295,-0.0024493031039734374,0.007969708291550163,-0.0036674481310090545,-0.6909257582126067,-0.6748308882319007,4.242558133865107e-16,0.8428434910692998,0.3654932926436345,0.001796630072758863,1.2101416677854462e-14,1.2101334137857052
6.4157142857142855,-1.7198775443136691,-4.5917011289572365,1.7198775443136691,4.5917011289572365,-1.9435605832920113,-3.1549610966790937,0.0061581336902241345,-0.0023789440871469425,0.007814597805474178,-0.0035116416634455817,-0.690925758212607,-0.6748308882319012,3.74430399851302e-16,0.8428434910693008,0.3655322471120631,0.0017576756043305546,1.068020883204706e-14,1.210133413785705
6.422142857142857,-1.720473959324989,-4.597572763011678,1.720473959324989,4.597572763011678,-1.9467447458676466,-3.1586656285974675,0.0060885153964315855,-0.0023084244107299196,0.007656875552678879,-0.003352815119129962,-0.6909257582126074,-0.6748308882319015,3.3037620298365816e-16,0.8428434910693016,0.36557151322195297,0.0017184094944410829,9.423621535283193e-15,1.210133413785705
6.428571428571429,-1.7210703743363087,-4.603444397066121,1.7210703743363087,4.603444397066121,-1.9499291056156862,-3.1623707083095667,0.0060195888437779115,-0.0022380737380867976,0.0074972627107500085,-0.0031917005589744626,-0.6909257582126077,-0.6748308882319018,2.9143697328132626e-16,0.8428434910693025,0.3656109131746398,0.0016790095417547888,8.312934559270895e-15,1.2101334137857052
6.435,-1.7216667893476285,-4.609316031120562,1.7216667893476285,4.609316031120562,-1.9531136591777074,-3.166076340130706,0.005951660188014599,-0.0021682258478379034,0.007336485496065639,-0.0030290441530052598,-0.690925758212608,-0.6748308882319021,2.5702906581877405e-16,0.842843491069303,0.3656502718257182,0.0016396508906766627,7.331498944392813e-15,1.2101334137857052
6.441428571428571,-1.7222632043589483,-4.615187665175004,1.7222632043589483,4.615187665175004,-1.9562984023877987,-3.1697825258967023,0.005885026329936998,-0.002099216855253679,0.007175271981973617,-0.00286560260285704,-0.6909257582126083,-0.6748308882319023,2.2663374209497664e-16,0.8428434910693037,0.3656894173546589,0.0016005053617362186,6.464517387861091e-15,1.2101334137857054
6.447857142857143,-1.7228596193702683,-4.621059299229446,1.7228596193702683,4.621059299229446,-1.9594833303208443,-3.173489264983441,0.00581997390593513,-0.0020313833146376617,0.007014348989751065,-0.0027021394353385353,-0.6909257582126085,-0.6748308882319024,1.997902365228657e-16,0.8428434910693041,0.36572818184692457,0.0015617408694705342,5.698846439824391e-15,1.210133413785705
6.454285714285714,-1.7234560343815881,-4.626930933283887,1.7234560343815881,4.626930933283887,-1.962668437341705,-3.177196554335812,0.005756778426130337,-0.0019650602197407063,0.0068544390611073105,-0.0025394211895796146,-0.6909257582126087,-0.6748308882319026,1.760895185125748e-16,0.8428434910693047,0.36576640179074604,0.001523520925649455,5.022818539636101e-15,1.2101334137857054
6.460714285714285,-1.724052449392908,-4.632802567338329,1.724052449392908,4.632802567338329,-1.9658537171544381,-3.1809043885052803,0.005695703553612411,-0.0019005789218032307,0.006696257519036509,-0.0023782135223165577,-0.6909257582126089,-0.6748308882319027,1.551686866261517e-16,0.8428434910693051,0.36580391849251315,0.001486004223882472,4.426082081763473e-15,1.2101334137857052
6.467142857142857,-1.7246488644042277,-4.638674201392771,1.7246488644042277,4.638674201392771,-1.9690391628507953,-3.184612759695382,0.005637000515208213,-0.0018382649875981645,0.006540509621576658,-0.00221927725808417,-0.690925758212609,-0.6748308882319028,1.3670593638770533e-16,0.8428434910693056,0.3658405784167368,0.0014493442996589552,3.89945784614578e-15,1.2101334137857054
6.473571428571429,-1.7252452794155477,-4.6445458354472136,1.7252452794155477,4.6445458354472136,-1.9722247669573154,-3.188321657814471,0.005580907632162553,-0.001778436021593471,0.0063878878114654964,-0.002063364412462883,-0.6909257582126093,-0.674830888231903,1.204160480773514e-16,0.8428434910693058,0.36587623345790676,0.0014136892584892954,3.43481026285281e-15,1.2101334137857052
6.4799999999999995,-1.7258416944268673,-4.6504174695016545,1.7258416944268673,4.6504174695016545,-1.975410521480442,-3.1920310705350934,0.005527649956820655,-0.001721399478222618,0.006239069062882076,-0.001911214217998465,-0.6909257582126094,-0.6748308882319031,1.0604634523583743e-16,0.842843491069306,0.3659107411530862,0.0013791815633098822,3.024932106101322e-15,1.2101334137857054
6.486428571428571,-1.7264381094381873,-4.656289103556096,1.7264381094381873,4.656289103556096,-1.9785964179492057,-3.1957409833594204,0.0054774389999901404,-0.0016674504912320518,0.0060947123252445565,-0.001763549183163448,-0.6909257582126095,-0.6748308882319032,9.337307870048977e-17,0.8428434910693061,0.365943964845059,0.0013459578713372483,2.663441329241948e-15,1.210133413785705
6.492857142857143,-1.7270345244495071,-4.662160737610538,1.7270345244495071,4.662160737610538,-1.9817824474551293,-3.199451379690233,0.0054304725324932955,-0.0016168697477478664,0.005955456062945837,-0.0016210712152281855,-0.6909257582126097,-0.6748308882319033,8.219819479782099e-17,0.8428434910693066,0.36597577380665114,0.001314148909745092,2.344688860673633e-15,1.2101334137857052
6.4992857142857146,-1.727630939460827,-4.668032371664981,1.727630939460827,4.668032371664981,-1.984968600689163,-3.2031622409070484,0.005386934443799175,-0.001569921434749563,0.005821915889143066,-0.0014844578378933057,-0.6909257582126098,-0.6748308882319033,7.234644985683249e-17,0.8428434910693068,0.3660060433373167,0.0012838793790796966,2.0636762814363346e-15,1.2101334137857052
6.505714285714285,-1.7282273544721467,-4.673904005719422,1.7282273544721467,4.673904005719422,-1.988154867975557,-3.20687354644704,0.005346994640516221,-0.0015268512852047846,0.005694682291323686,-0.0013543585341338367,-0.6909257582126098,-0.6748308882319034,6.366283649644136e-17,0.8428434910693068,0.3660346548432116,0.001255267873184773,1.8159823989480172e-15,1.210133413785705
6.512142857142857,-1.7288237694834667,-4.6797756397738635,1.7288237694834667,4.6797756397738635,-1.991341239302735,-3.2105852738904868,0.005310808967907898,-0.0014878847500267543,0.0055743184462190305,-0.0012313912437512907,-0.6909257582126099,-0.6748308882319034,5.601029019511764e-17,0.842843491069307,0.3660614959117872,0.0012284268046092825,1.5976978184014506e-15,1.2101334137857052
6.518571428571429,-1.7294201844947865,-4.685647273828306,1.7294201844947865,4.685647273828306,-1.9945277043513316,-3.214297399050575,0.005278519138414304,-0.0014532253205951009,0.005461358121854489,-0.0011161390439142428,-0.69092575821261,-0.6748308882319035,4.9267647484043626e-17,0.8428434910693072,0.3660864603914641,0.0012034623249325784,1.4053666940951844e-15,1.2101334137857054
6.5249999999999995,-1.7300165995061063,-4.691518907882747,1.7300165995061063,4.691518907882747,-1.9977142525196918,-3.21800989606745,0.00525025265251769,-0.0014230530244405501,0.005356303665008828,-0.0010091470391409417,-0.6909257582126102,-0.6748308882319035,4.332782972947344e-17,0.8428434910693072,0.36610944848611193,0.0011804742302847493,1.235934917796991e-15,1.2101334137857054
6.531428571428571,-1.730613014517426,-4.697390541937189,1.730613014517426,4.697390541937189,-2.0009008729472204,-3.2217227375064765,0.005226122698991952,-0.001397523114276689,0.005259624073124504,-0.0009109194851187429,-0.6909257582126102,-0.6748308882319035,3.8096228895943483e-17,0.8428434910693072,0.3661303668729978,0.0011595558433989321,1.0867040704207405e-15,1.2101334137857052
6.537857142857143,-1.731209429528746,-4.703262175991631,1.731209429528746,4.703262175991631,-2.0040875545360612,-3.225435894460735,0.005206228023634226,-0.0013767649677193974,0.005171753150690045,-0.0008219171683274031,-0.6909257582126103,-0.6748308882319036,3.348927392057826e-17,0.8428434910693074,0.36614912885155404,0.001140793864842665,9.552905271503754e-16,1.2101334137857052
6.5442857142857145,-1.731805844540066,-4.709133810046073,1.731805844540066,4.709133810046073,-2.007274285971672,-3.2291493366578323,0.005190652758113966,-0.0013608812116458328,0.005093087751393329,-0.0007425550605258488,-0.6909257582126103,-0.6748308882319036,2.9433158390342483e-17,0.8428434910693074,0.36616565452868366,0.0011242681877131485,8.39589164960583e-16,1.2101334137857052
6.550714285714285,-1.7324022595513857,-4.715005444100514,1.7324022595513857,4.715005444100514,-2.0104610557428972,-3.232863032571131,0.005179466203004014,-0.0013499470819504557,0.005023986108599024,-0.0006732002644047655,-0.6909257582126104,-0.6748308882319036,2.5862712107260278e-17,0.8428434910693076,0.36617987104474414,0.0011100516716527336,7.377411755028752e-16,1.2101334137857054
6.557142857142857,-1.7329986745627055,-4.720877078154956,1.7329986745627055,4.720877078154956,-2.013647852162202,-3.236576949535534,0.005172722562218028,-0.0013440100253374499,0.004964766258357968,-0.0006141702631254302,-0.6909257582126104,-0.6748308882319036,2.272040086332152e-17,0.8428434910693076,0.36619171284227586,0.0010982098741209741,6.481055358887088e-16,1.2101334137857052
6.563571428571429,-1.7335950895740253,-4.726748712209398,1.7335950895740253,4.726748712209398,-2.016834663386718,-3.2402910538679564,0.005170460628670283,-0.001343089546427846,0.004915704560523368,-0.0005657314835060362,-0.6909257582126105,-0.6748308882319036,1.9955440333227776e-17,0.8428434910693078,0.36620112197783095,0.0010888007385660254,5.692337351803648e-16,1.2101334137857056
6.57,-1.7341915045853453,-4.7326203462638405,1.7341915045853453,4.7326203462638405,-2.020021477440782,-3.2440053109926197,0.005172703424245272,-0.001347177299208222,0.004877034325267303,-0.0005280981788400366,-0.6909257582126105,-0.6748308882319036,1.7523011441931552e-17,0.8428434910693078,0.366208048475074,0.0010818742413228894,4.998473957566796e-16,1.210133413785705
6.576428571428571,-1.734787919596665,-4.7384919803182814,1.734787919596665,4.7384919803182814,-2.0232082822405886,-3.247719685571266,0.005179457799916497,-0.0013562374182459103,0.0048489445537187,-0.0005014316340683352,-0.6909257582126105,-0.6748308882319036,1.5383565881316672e-17,0.8428434910693078,0.3662124507154815,0.0010774720009155544,4.388184663283999e-16,1.2101334137857052
6.582857142857143,-1.735384334607985,-4.744363614372723,1.735384334607985,4.744363614372723,-2.0263950656215695,-3.2514341416383528,0.005190714004675576,-0.0013702070813639436,0.004831578802880178,-0.00048583969259835145,-0.6909257582126106,-0.6748308882319036,1.3502211646889862e-17,0.8428434910693078,0.3662142958610419,0.0010756268553549326,3.8515169753752685e-16,1.2101334137857052
6.589285714285714,-1.7359807496193047,-4.750235248427165,1.7359807496193047,4.750235248427165,-2.0295818153690015,-3.255148642741219,0.005206445234640739,-0.0013889972918110058,0.00482503418630516,-0.0004813766006123853,-0.6909257582126106,-0.6748308882319036,1.184816954916166e-17,0.8428434910693078,0.36621356030151175,0.0010763624148852893,3.3796914201795427e-16,1.2101334137857054
6.595714285714285,-1.7365771646306245,-4.756106882481607,1.7365771646306245,4.756106882481607,-2.0327685192523193,-3.258863152085168,0.005226607175840841,-0.0014124938650059726,0.0048293605229972544,-0.0004880431618385939,-0.6909257582126106,-0.6748308882319036,1.0394292633274018e-17,0.8428434910693078,0.3662102301172857,0.001079692599111299,2.964964487421421e-16,1.2101334137857052
6.602142857142857,-1.7371735796419443,-4.761978516536049,1.7371735796419443,4.761978516536049,-2.035955165063463,-3.2625776326832905,0.00525113755642983,-0.0014405586016703101,0.004844559647942908,-0.0005057871924737098,-0.6909257582126106,-0.6748308882319036,9.11664132360589e-18,0.8428434910693078,0.36620430154735845,0.001085621169038494,2.6005074669390245e-16,1.210133413785705
6.6085714285714285,-1.7377699946532643,-4.76785015059049,1.7377699946532643,4.76785015059049,-2.039141740659501,-3.2662920475107864,0.005279955725438555,-0.0014730306270307446,0.004870584898128417,-0.0005345042636606986,-0.6909257582126106,-0.6748308882319036,7.994107903876278e-18,0.8428434910693078,0.3661957814508489,0.0010941412655481421,2.280299355697251e-16,1.210133413785705
6.615,-1.7383664096645841,-4.773721784644933,1.7383664096645841,4.773721784644933,-2.042328234009655,-3.2700063596634155,0.0053129622765545215,-0.0015097278734191115,0.004907340788213135,-0.0005740387162718281,-0.6909257582126106,-0.6748308882319036,7.008084656346686e-18,0.8428434910693078,0.3661846877495252,0.0011052349668718045,1.999032215688103e-16,1.210133413785705
6.621428571428571,-1.738962824675904,-4.779593418699374,1.738962824675904,4.779593418699374,-2.0455146332466962,-3.273720532519612,0.0053500387360114155,-0.0015504486821966096,0.0049546828898776405,-0.0006241849309127677,-0.6909257582126106,-0.6748308882319036,6.1421706221261145e-18,0.8428434910693078,0.3661710498382556,0.0011188728781414625,1.752027545563038e-16,1.2101334137857052
6.627857142857143,-1.7395592396872237,-4.785465052753816,1.7395592396872237,4.785465052753816,-2.0487009267225877,-3.277434529905674,0.005391047333947876,-0.0015949734998059394,0.00501241792844643,-0.0006846888343733115,-0.6909257582126106,-0.6748308882319036,5.381912515498911e-18,0.8428434910693078,0.3661549089499916,0.0011350137664052082,1.5351623918096503e-16,1.2101334137857047
6.634285714285714,-1.7401556546985435,-4.791336686808258,1.7401556546985435,4.791336686808258,-2.051887103068062,-3.2811483162633186,0.005435830878267762,-0.0016430666422315135,0.0050803041095030975,-0.00075524962246293,-0.6909257582126106,-0.6748308882319036,4.7145758346072474e-18,0.8428434910693078,0.36613631846197114,0.0011536042544258393,1.3448040706817978e-16,1.210133413785705
6.640714285714286,-1.7407520697098635,-4.7972083208627,1.7407520697098635,4.7972083208627,-2.0550731512557445,-3.284861856818796,0.005484212749307532,-0.0016944781021567875,0.0051580516871274525,-0.0008355216783908315,-0.6909257582126106,-0.6748308882319036,4.128942664610994e-18,0.8428434910693078,0.3661153441301793,0.0011745785862176516,1.1777525016002544e-16,1.210133413785705
6.647142857142857,-1.7413484847211833,-4.803079954917141,1.7413484847211833,4.803079954917141,-2.058259060666256,-3.2885751177526266,0.005535997032211745,-0.0017489453736675385,0.005245323783680194,-0.0009251166653118854,-0.6909257582126106,-0.6748308882319036,3.615133073021352e-18,0.8428434910693078,0.36609206423989227,0.0011978584765047354,1.0311892679036723e-16,1.210133413785705
6.6535714285714285,-1.741944899732503,-4.808951588971583,1.741944899732503,4.808951588971583,-2.0614448211566443,-3.2922880663689438,0.0055909688023051424,-0.0018061952703402593,0.0053417374693581765,-0.0010236057716617277,-0.6909257582126106,-0.6748308882319036,3.164447355355503e-18,0.8428434910693078,0.3660665696610757,0.0012233530553212653,9.026326231037431e-17,1.210133413785705
6.66,-1.742541314743823,-4.814823223026025,1.742541314743823,4.814823223026025,-2.0646304231303576,-3.296000671263313,0.005648894576408194,-0.0018659457141395434,0.005446865107374223,-0.0011305220881702165,-0.6909257582126106,-0.6748308882319036,2.7692267070963975e-18,0.8428434910693078,0.3660389637988269,0.0012509589175700685,7.89897751472071e-17,1.2101334137857047
6.666428571428571,-1.7431377297551427,-4.820694857080467,1.7431377297551427,4.820694857080467,-2.067815857607905,-3.299712902487851,0.005709522940528079,-0.0019279074744719801,0.00556023596822537,-0.0012453630961241206,-0.6909257582126106,-0.6748308882319036,2.422730179557432e-18,0.8428434910693078,0.36600936243060267,0.0012805602857943825,6.910616721161061e-17,1.210133413785705
6.672857142857143,-1.7437341447664627,-4.826566491134908,1.7437341447664627,4.826566491134908,-2.0710011162972557,-3.3034247317123757,0.005772585361455272,-0.0019917858390468422,0.005681338113808525,-0.0013675932473860611,-0.6909257582126106,-0.6748308882319036,2.119026026458073e-18,0.8428434910693078,0.36597789342379394,0.0013120292926028813,6.044322467770084e-17,1.2101334137857047
6.679285714285714,-1.7443305597777825,-4.83243812518935,1.7443305597777825,4.83243812518935,-2.0741861916629656,-3.307136132380294,0.0058377971864260365,-0.00205728220100012,0.0058096205490830895,-0.0014966466179989744,-0.6909257582126106,-0.6748308882319036,1.852895768338834e-18,0.8428434910693078,0.36594469632933585,0.0013452263870611374,5.285208144114697e-17,1.210133413785705
6.685714285714286,-1.7449269747891023,-4.838309759243793,1.7449269747891023,4.838309759243793,-2.0773710769930043,-3.310847079857913,0.0059048588318929875,-0.002124095549408946,0.005944495636188987,-0.001631929618559218,-0.6909257582126106,-0.6748308882319036,1.6197494967118566e-18,0.8428434910693078,0.3659099218490386,0.001380000867358383,4.6201803115493116e-17,1.2101334137857047
6.692142857142857,-1.745523389800422,-4.844181393298234,1.745523389800422,4.844181393298234,-2.080555766462217,-3.3145575515758376,0.0059734571584935834,-0.002191923853783454,0.0060853417624257946,-0.0017728237463884703,-0.6909257582126106,-0.6748308882319036,1.4155511117510038e-18,0.8428434910693078,0.3658737311768635,0.0014161915395334635,4.037725432744288e-17,1.2101334137857047
6.698571428571428,-1.746119804811742,-4.850053027352676,1.746119804811742,4.850053027352676,-2.0837402551913744,-3.318267527161153,0.0060432670261521436,-0.0022604653359531734,0.006231506250727908,-0.0019186883661251482,-0.6909257582126106,-0.6748308882319036,1.2367523392310303e-18,0.8428434910693078,0.3658362952164209,0.0014536274999761409,3.52772164023973e-17,1.2101334137857047
6.705,-1.746716219823062,-4.855924661407117,1.746716219823062,4.855924661407117,-2.0869245393007843,-3.3219769885591197,0.006113953019310813,-0.002329419626337656,0.006382308497815802,-0.0020688635074031566,-0.6909257582126106,-0.6748308882319036,1.0802345064111099e-18,0.8428434910693078,0.3657977936795309,0.0014921290368660274,3.08127263507482e-17,1.2101334137857047
6.711428571428572,-1.7473126348343817,-4.86179629546156,1.7473126348343817,4.86179629546156,-2.090108615957501,-3.325685920143176,0.006185171329038037,-0.0023984888046014226,0.0065370433223639925,-0.0022226726700769776,-0.6909257582126106,-0.6748308882319036,9.432571749049314e-19,0.8428434910693078,0.365758414072835,0.001531508643562028,2.6905611438684618e-17,1.2101334137857047
6.7178571428571425,-1.7479090498457015,-4.867667929516001,1.7479090498457015,4.867667929516001,-2.093292483415231,-3.3293943088121103,0.0062565717754558756,-0.002467378327790328,0.006694984502626902,-0.0023794256293190054,-0.6909257582126106,-0.6748308882319036,8.234128330283069e-19,0.8428434910693078,0.36571835058163404,0.0015715721347628379,2.3487196604218992e-17,1.2101334137857047
6.724285714285714,-1.7485054648570213,-4.873539563570443,1.7485054648570213,4.873539563570443,-2.0964761410461272,-3.3331021440733903,0.006327799950790413,-0.0025357978520424034,0.006855388480200678,-0.0025384212347648247,-0.6909257582126106,-0.6748308882319036,7.185869423383745e-19,0.8428434910693078,0.36567780286223384,0.0016121198541631907,2.0497164607566366e-17,1.2101334137857047
6.730714285714286,-1.7491018798683413,-4.8794111976248855,1.7491018798683413,4.8794111976248855,-2.099659589363773,-3.336809418111718,0.006398499460900361,-0.002603461956346206,0.007017498204421613,-0.002698950199374872,-0.6909257582126106,-0.6748308882319036,6.269227145645314e-19,0.8428434910693078,0.3656369747557445,0.0016529479606524518,1.7882551127426793e-17,1.210133413785705
6.737142857142857,-1.7496982948796609,-4.885282831679326,1.7496982948796609,4.885282831679326,-2.102842830036797,-3.340516125842054,0.00646831424055007,-0.002670090779392048,0.007180547089571006,-0.0028602978753217052,-0.6909257582126106,-0.6748308882319036,5.467900670941737e-19,0.8428434910693078,0.3655960729380595,0.0016938497783375083,1.559685906572822e-17,1.210133413785705
6.743571428571428,-1.750294709890981,-4.891154465733768,1.750294709890981,4.891154465733768,-2.1060258658926787,-3.3442222649464806,0.006536890916145773,-0.002735410582164231,0.007343763055618529,-0.003021747015258111,-0.6909257582126106,-0.6748308882319036,4.767582688288926e-19,0.8428434910693078,0.3655553055218502,0.001734617194546848,1.3599278137633428e-17,1.2101334137857047
6.75,-1.7508911249023007,-4.89702609978821,1.7508911249023007,4.89702609978821,-2.1092087009114633,-3.347927835894421,0.006603881188064368,-0.0027991542506289923,0.007506372621717921,-0.003182580518451706,-0.6909257582126106,-0.6748308882319036,4.155718444883207e-19,0.8428434910693078,0.36551488062757187,0.001775042088825095,1.1853997427266646e-17,1.2101334137857047
6.756428571428572,-1.7514875399136205,-4.902897733842653,1.7514875399136205,4.902897733842653,-2.1123913402092755,-3.351632841945948,0.006668944204006569,-0.002861061753752495,0.00766760502090856,-0.0033420841618866095,-0.6909257582126106,-0.6748308882319036,3.621293552363946e-19,0.8428434910693078,0.3654750049410651,0.0018149177753319405,1.032960000913992e-17,1.210133413785705
6.7628571428571425,-1.7520839549249403,-4.908769367897094,1.7520839549249403,4.908769367897094,-2.1155737900116516,-3.355337289138023,0.006731748894448548,-0.0029208805726779062,0.007826696303980531,-0.0034995493168731655,-0.6909257582126106,-0.6748308882319036,3.1546471757547616e-19,0.8428434910693078,0.3654358822757184,0.001854040440678564,8.998529991636615e-18,1.2101334137857047
6.769285714285714,-1.7526803699362603,-4.914641001951535,1.7526803699362603,4.914641001951535,-2.11875605761691,-3.359041186253753,0.006791976241568072,-0.0029783661169126003,0.00798289340049883,-0.0036542756517929367,-0.6909257582126106,-0.6748308882319036,2.747307614809396e-19,0.8428434910693078,0.36539771215712946,0.0018922105592675004,7.836623451620982e-18,1.2101334137857047
6.775714285714286,-1.75327678494758,-4.920512636005977,1.75327678494758,4.920512636005977,-2.1219381513498985,-3.3627445447748627,0.006849321453761279,-0.003033282142971091,0.008135458105408569,-0.0038055738214122095,-0.6909257582126106,-0.6748308882319036,2.3918476331796386e-19,0.8428434910693078,0.36536068844788694,0.001929234268509978,6.822695714957433e-18,1.2101334137857047
6.782142857142857,-1.7538731999589,-4.926384270060419,1.7538731999589,4.926384270060419,-2.1251200805066466,-3.3664473788178153,0.006903496019327276,-0.0030854011899301057,0.008283670960630441,-0.003952768142648564,-0.6909257582126106,-0.6748308882319036,2.0817571971461815e-19,0.8428434910693078,0.3653249980293376,0.0019649246870593537,5.938178311288236e-18,1.2101334137857047
6.788571428571428,-1.7544696149702197,-4.932255904114861,1.7544696149702197,4.932255904114861,-2.1283018552905673,-3.370149705054132,0.006954229614590447,-0.0031345050450895676,0.008426835002290987,-0.004095199255934394,-0.6909257582126106,-0.6748308882319036,1.8113315570688114e-19,0.8428434910693078,0.3652908195562864,0.0019991031601106256,5.1667997055243494e-18,1.2101334137857047
6.795,-1.7550660299815395,-4.938127538169303,1.7550660299815395,4.938127538169303,-2.131483486740995,-3.373851542615638,0.007001271844193219,-0.0031803852510526084,0.008564279346075574,-0.00423222677020571,-0.6909257582126106,-0.6748308882319036,1.5755728453156171e-19,0.8428434910693078,0.3652583222991793,0.0020316004172175905,4.494304594817411e-18,1.2101334137857047
6.801428571428572,-1.7556624449928595,-4.943999172223744,1.7556624449928595,4.943999172223744,-2.1346649866549674,-3.3775529129855175,0.007044393793944534,-0.003222843663449578,0.008695362585246185,-0.0043632318882883435,-0.6909257582126106,-0.6748308882319036,1.3701035776205553e-19,0.8428434910693078,0.36522766508679255,0.0020622576296045205,3.908207167967573e-18,1.210133413785705
6.807857142857142,-1.7562588600041793,-4.949870806278186,1.7562588600041793,4.949870806278186,-2.137846367503238,-3.381253839876166,0.00708338937967054,-0.0032616930661042284,0.008819475978270538,-0.004487620007990403,-0.6909257582126106,-0.6748308882319036,1.191090633755809e-19,0.8428434910693078,0.36519899536065814,0.0020909273557386727,3.397574263283611e-18,1.2101334137857047
6.814285714285714,-1.756855275015499,-4.955742440332628,1.756855275015499,4.955742440332628,-2.1410276423416135,-3.384954349094967,0.0071180764790736055,-0.0032967578475982828,0.008936046405862872,-0.004604823292496034,-0.6909257582126106,-0.6748308882319036,1.0351784608068024e-19,0.8428434910693078,0.36517244835035356,0.002117474366043423,2.952834838581265e-18,1.2101334137857047
6.820714285714286,-1.757451690026819,-4.96161407438707,1.757451690026819,4.96161407438707,-2.144208824718734,-3.3886544683991917,0.007148297836902521,-0.0033278747405572767,0.009044539079920954,-0.004714303202073215,-0.6909257582126106,-0.6748308882319036,8.99430390552125e-20,0.8428434910693078,0.3651481463768108,0.0021417763395861844,2.5656125899642785e-18,1.2101334137857047
6.827142857142857,-1.758048105038139,-4.9674857084415125,1.758048105038139,4.9674857084415125,-2.1473899285814837,-3.39235422734132,0.007173921737920957,-0.0033548936216486265,0.009144459990304195,-0.004815552977120515,-0.6909257582126106,-0.6748308882319036,7.812770937290612e-20,0.8428434910693078,0.36512619828828996,0.0021637244281070417,2.2285789306965404e-18,1.210133413785705
6.833571428571428,-1.7586445200494585,-4.973357342495953,1.7586445200494585,4.973357342495953,-2.1505709681792076,-3.3960536571061235,0.007194842445509276,-0.0033776783676399114,0.009235358078225028,-0.004908100061022704,-0.6909257582126106,-0.6748308882319036,6.784713100445845e-20,0.8428434910693078,0.36510669903163223,0.002183223684764769,1.9353238727781545e-18,1.2101334137857047
6.84,-1.7592409350607785,-4.979228976550395,1.7592409350607785,4.979228976550395,-2.1537519579679114,-3.399752790340886,0.0072109804079262835,-0.0033961077595855062,0.009316827128612488,-0.004991508449379989,-0.6909257582126106,-0.6748308882319036,5.890480955109436e-20,0.8428434910693078,0.365089729358854,0.0022001933575430785,1.680242647031678e-18,1.2101334137857047
6.8464285714285715,-1.7598373500720983,-4.985100610604837,1.7598373500720983,4.985100610604837,-2.156932912515585,-3.4034516609801564,0.007222282237731218,-0.003410076424549295,0.009388507376864893,-0.005065380950678197,-0.6909257582126106,-0.6748308882319036,5.1128991941084156e-20,0.8428434910693078,0.36507535566701194,0.0022145670493850813,1.458436156472181e-18,1.210133413785705
6.852857142857142,-1.760433765083418,-4.990972244659279,1.760433765083418,4.990972244659279,-2.1601138464097436,-3.40715030406642,0.00722872047342171,-0.0034194958015985144,0.009450086828598136,-0.005129361342004635,-0.6909257582126106,-0.6748308882319036,4.436960233376464e-20,0.8428434910693078,0.3650636299670763,0.0022262927493205673,1.2656235864927688e-18,1.2101334137857045
6.859285714285714,-1.7610301800947379,-4.996843878713721,1.7610301800947379,4.996843878713721,-2.1632947741681967,-3.4108487555680536,0.007230293135750896,-0.0034242951163372935,0.009501302294161915,-0.005183136402144236,-0.6909257582126106,-0.6748308882319036,3.8495552547691725e-20,0.8428434910693078,0.3650545899754181,0.0022353327409788265,1.0980656972676567e-18,1.2101334137857047
6.865714285714286,-1.761626595106058,-5.002715512768162,1.761626595106058,5.002715512768162,-2.166475710153971,-3.41454705219587,0.00722702309388192,-0.003424422346388601,0.009541940142296174,-0.005226437803512398,-0.6909257582126106,-0.6748308882319036,3.33923815640949e-20,0.8428434910693078,0.36504825931983,0.0022416633965669877,9.524975017340655e-19,1.2101334137857047
6.872142857142857,-1.7622230101173777,-5.008587146822604,1.7622230101173777,5.008587146822604,-2.1696566684952,-3.4182452312195215,0.007218957259440944,-0.003419845158361041,0.009571836780234108,-0.005259043843617764,-0.6909257582126106,-0.6748308882319036,2.896018415235046e-20,0.8428434910693078,0.3650446478501448,0.0022452748662521453,8.260691893752147e-19,1.2101334137857047
6.878571428571428,-1.7628194251286975,-5.014458780877046,1.7628194251286975,5.014458780877046,-2.172837663010677,-3.421943330284929,0.007206165628338291,-0.0034105517958418164,0.009590878869554672,-0.0052807809965118415,-0.6909257582126106,-0.6748308882319036,2.5111793500842813e-20,0.8428434910693078,0.36504375204234674,0.0022461706740503702,7.162942940723456e-19,1.2101334137857047
6.885,-1.7634158401400173,-5.020330414931488,1.7634158401400173,5.020330414931488,-2.176018707141631,-3.425641387233837,0.007188740192159298,-0.0033965518970505808,0.009599003289371051,-0.005291525264650226,-0.6909257582126106,-0.6748308882319036,2.1771186994230604e-20,0.8428434910693078,0.3650455554837855,0.0022443672326115716,6.210042258065225e-19,1.2101334137857047
6.8914285714285715,-1.764012255151337,-5.02620204898593,1.764012255151337,5.02620204898593,-2.1791998138901434,-3.4293394399264727,0.0071667937419403575,-0.0033778772206469153,0.009596196859958661,-0.005291203312043046,-0.6909257582126106,-0.6748308882319036,1.887208802102439e-20,0.8428434910693078,0.3650500294263993,0.0022398932899977777,5.383083928033916e-19,1.210133413785705
6.897857142857143,-1.764608670162657,-5.032073683040372,1.764608670162657,5.032073683040372,-2.182380995764489,-3.433037526068207,0.007140458587856412,-0.003354582258396391,0.009582495841284478,-0.0052797933603312315,-0.6909257582126106,-0.6748308882319036,1.6356739985678465e-20,0.8428434910693078,0.36505713339430457,0.0022327893220923218,4.66559234602325e-19,1.2101334137857047
6.904285714285714,-1.765205085173977,-5.037945317094813,1.765205085173977,5.037945317094813,-2.185562264731527,-3.436735683040972,0.007109885218441509,-0.003326744714250991,0.009557985221856783,-0.005257325830691138,-0.6909257582126106,-0.6748308882319036,1.4174831589817124e-20,0.8428434910693078,0.3650668158319462,0.0022231068844508228,4.0432156900068716e-19,1.2101334137857047
6.910714285714286,-1.7658015001852967,-5.043816951149255,1.7658015001852967,5.043816951149255,-2.188743632176138,-3.440433947740106,0.0070752409225942675,-0.0032944658305820752,0.009522797813825269,-0.005223883715909071,-0.6909257582126106,-0.6748308882319036,1.2282554985894377e-20,0.8428434910693078,0.36507901477911997,0.0022109079372769976,3.503457282498524e-19,1.2101334137857047
6.917142857142857,-1.7663979151966165,-5.049688585203697,1.7663979151966165,5.049688585203697,-2.191925108867541,-3.4441323564171427,0.007036708396642992,-0.003257870544253747,0.009477113170500942,-0.005179602669106829,-0.6909257582126106,-0.6748308882319036,1.0641780635538844e-20,0.8428434910693078,0.36509365855966214,0.002196264156734765,3.0354402346223783e-19,1.2101334137857047
6.923571428571428,-1.7669943302079363,-5.055560219258139,1.7669943302079363,5.055560219258139,-2.1951067049322313,-3.447830944528993,0.0069944843574643555,-0.0032171074572406345,0.009421156342270065,-0.00512467079764511,-0.6909257582126106,-0.6748308882319036,9.219334662118584e-21,0.8428434910693078,0.3651106664712833,0.002179256245113718,2.6297013201579923e-19,1.210133413785705
6.93,-1.7675907452192563,-5.06143185331258,1.7675907452192563,5.06143185331258,-2.1982884298331284,-3.4515297465938226,0.006948778180731111,-0.0031723486093196904,0.009355196486397705,-0.0050593281535250886,-0.6909257582126106,-0.6748308882319036,7.986366205280576e-21,0.8428434910693078,0.3651299494650914,0.0021599732513056563,2.278010517455368e-19,1.210133413785705
6.936428571428571,-1.768187160230576,-5.067303487367022,1.768187160230576,5.067303487367022,-2.2014702923544367,-3.455228796053845,0.006899810581219285,-0.0031237890432451814,0.009279545345416277,-0.004983865914346084,-0.6909257582126106,-0.6748308882319036,6.917793794278252e-21,0.8428434910693078,0.3651514108045759,0.002138511911821207,1.973213087454055e-19,1.2101334137857052
6.942857142857143,-1.768783575241896,-5.073175121421464,1.768783575241896,5.073175121421464,-2.2046523005916274,-3.458928125145164,0.00684781234960887,-0.003071646156070227,0.009194555607770313,-0.004898625251935052,-0.6909257582126106,-0.6748308882319036,5.9918210822565406e-21,0.8428434910693078,0.36517494669526673,0.00211497602113006,1.709091433958571e-19,1.2101334137857045
6.949285714285714,-1.7693799902532157,-5.079046755475906,1.7693799902532157,5.079046755475906,-2.207834461945887,-3.4626277647746977,0.006793023157282261,-0.0030161588339507554,0.009100619163047165,-0.004803995889160692,-0.6909257582126106,-0.6748308882319036,5.189513448041036e-21,0.8428434910693078,0.365200446878009,0.002089475838387952,1.480244324312973e-19,1.2101334137857047
6.9557142857142855,-1.7699764052645355,-5.084918389530348,1.7699764052645355,5.084918389530348,-2.211016783122317,-3.466327744404184,0.006735690437906491,-0.0029575863710985693,0.008998165262807634,-0.004700414348504682,-0.6909257582126106,-0.6748308882319036,4.494427995655161e-21,0.8428434910693078,0.3652277951804025,0.0020621275359944866,1.2819813404751226e-19,1.2101334137857047
6.962142857142857,-1.7705728202758555,-5.090790023584789,1.7705728202758555,5.090790023584789,-2.214199270131145,-3.470028091941167,0.006676068351141706,-0.0028962071776979254,0.008887658596296394,-0.004588361899758289,-0.6909257582126106,-0.6748308882319036,3.892290381530939e-21,0.8428434910693078,0.3652568700230293,0.0020330526933676376,1.1102306870003376e-19,1.2101334137857047
6.968571428571429,-1.7711692352871753,-5.096661657639232,1.7711692352871753,5.096661657639232,-2.2173819282911977,-3.4737288336368777,0.0066144168310808115,-0.002832317284837688,0.008769597288881737,-0.0044683622171740435,-0.6909257582126106,-0.6748308882319036,3.3707126913091848e-21,0.8428434910693078,0.3652875448787434,0.0020023778376536882,9.614587082132616e-20,1.210133413785705
6.975,-1.771765650298495,-5.102533291693673,1.771765650298495,5.102533291693673,-2.220564762234901,-3.477429993990854,0.006551000718622566,-0.0027662286585102887,0.008644510829276166,-0.004340978760070663,-0.6909257582126106,-0.6748308882319036,2.9189472847061365e-21,0.8428434910693078,0.3653196886853743,0.001970234031022715,8.325996654288118e-20,1.210133413785705
6.981428571428571,-1.7723620653098149,-5.108404925748115,1.7723620653098149,5.108404925748115,-2.223747775914095,-3.481131595662162,0.006486088974207611,-0.002698267337944476,0.00851295793009384,-0.004206811893863682,-0.6909257582126106,-0.6748308882319036,2.5276721404824633e-21,0.8428434910693078,0.36535316621391317,0.0019367565024839073,7.209944999994831e-20,1.2101334137857047
6.987857142857143,-1.772958480321135,-5.114276559802557,1.772958480321135,5.114276559802557,-2.2269309726060045,-3.484833659387067,0.006419953964550292,-0.0026287714167714635,0.008375524324791106,-0.00406649577151201,-0.6909257582126106,-0.6748308882319036,2.188803773840517e-21,0.8428434910693078,0.3653878383959822,0.0019020843204147033,6.24337461997439e-20,1.2101334137857047
6.994285714285714,-1.7735548953324545,-5.120148193856998,1.7735548953324545,5.120148193856998,-2.2301143549187863,-3.4885362039030463,0.0063528708143948025,-0.002558088888513821,0.008232820502629846,-0.003920694998215031,-0.6909257582126106,-0.6748308882319036,1.8953342745779644e-21,0.8428434910693078,0.36542356261603326,0.001866360100363796,5.4062962004797706e-20,1.2101334137857047
7.0007142857142854,-1.7741513103437745,-5.12601982791144,1.7741513103437745,5.12601982791144,-2.233297924796143,-3.492239245879034,0.0062851168123361206,-0.0024865753801634888,0.008085479382243346,-0.0037701011044162305,-0.6909257582126106,-0.6748308882319036,1.641189433865445e-21,0.8428434910693078,0.3654601929749912,0.0018297297414057064,4.6813838744770556e-20,1.2101334137857047
7.007142857142857,-1.7747477253550943,-5.131891461965882,1.7747477253550943,5.131891461965882,-2.236481683520593,-3.4959427998518513,0.0062169708577059,-0.0024145917999484775,0.007934153923323134,-0.003615428854527618,-0.6909257582126106,-0.6748308882319036,1.4211052971594058e-21,0.8428434910693078,0.36549758053337844,0.00179234218301854,4.05362305096947e-20,1.210133413785705
7.013571428571429,-1.775344140366414,-5.137763096020324,1.775344140366414,5.137763096020324,-2.2396656317151065,-3.4996468781688237,0.006148712934381662,-0.00234250192669498,0.007779514675394241,-0.003457412420221646,-0.6909257582126106,-0.6748308882319036,1.2305208066440114e-21,0.8428434910693078,0.3655355735427288,0.001754349173668175,3.5100041470128173e-20,1.2101334137857047
7.02,-1.7759405553777339,-5.143634730074766,1.7759405553777339,5.143634730074766,-2.2428497693429197,-3.50335149093663,0.0060806235962743435,-0.002270669969462038,0.007622247262164862,-0.003296801448641763,-0.6909257582126106,-0.6748308882319036,1.0654844836966624e-21,0.8428434910693078,0.36557401767486314,0.0017159050415338447,3.0392563756920586e-20,1.2101334137857047
7.026428571428571,-1.776536970389054,-5.149506364129207,1.776536970389054,5.149506364129207,-2.2460340957054723,-3.5070566459765096,0.006012983448914605,-0.0021994581265252274,0.00746304979990747,-0.0031343570566146665,-0.6909257582126106,-0.6748308882319036,9.225733548797084e-22,0.8428434910693078,0.36561275625888373,0.001677166457513305,2.631616464885201e-20,1.2101334137857047
7.032857142857143,-1.7771333854003737,-5.155377998183649,1.7771333854003737,5.155377998183649,-2.249218609438518,-3.510762348785988,0.005946072611548818,-0.0021292241728234147,0.007302630248521004,-0.002970847782412319,-0.6909257582126106,-0.6748308882319036,7.9882254778024095e-22,0.8428434910693078,0.3656516305358436,0.001638292180553349,2.2786278171482114e-20,1.2101334137857047
7.039285714285715,-1.7777298004116935,-5.161249632238092,1.7777298004116935,5.161249632238092,-2.2524033085066124,-3.514468602507385,0.005880170144744314,-0.0020603191043479666,0.0071417036945058835,-0.0028070455265431405,-0.6909257582126106,-0.6748308882319036,6.916641792050594e-22,0.8428434910693078,0.36569047994076165,0.0015994427756353435,1.9729661806418622e-20,1.2101334137857047
7.045714285714285,-1.7783262154230133,-5.167121266292533,1.7783262154230133,5.167121266292533,-2.2555881901962587,-3.518175407903385,0.005815553429431726,-0.001993084866934238,0.006980989565858343,-0.0026437215126066302,-0.6909257582126106,-0.6748308882319036,5.988743308617915e-22,0.8428434910693078,0.3657291424211727,0.0015607802952242419,1.708288393438949e-20,1.2101334137857047
7.052142857142857,-1.778922630434333,-5.172992900346975,1.778922630434333,5.172992900346975,-2.2587732511081358,-3.5218827633400465,0.005752497484917913,-0.0019278521951345447,0.006821208780138613,-0.002481642298251769,-0.6909257582126106,-0.6748308882319036,5.185270594796985e-22,0.8428434910693078,0.36576745480047435,0.0015224679159226144,1.4791011966622885e-20,1.2101334137857047
7.058571428571429,-1.779519045445653,-5.178864534401416,1.779519045445653,5.178864534401416,-2.2619584871489056,-3.5255906647776314,0.0056912742151129505,-0.0018649385849413963,0.006663080828232583,-0.002321565865060247,-0.6909257582126106,-0.6748308882319036,4.489545217248547e-22,0.8428434910693078,0.365805253193354,0.0014846695230430718,1.2806474924873865e-20,1.210133413785705
7.0649999999999995,-1.7801154604569729,-5.184736168455858,1.7801154604569729,5.184736168455858,-2.265143893523205,-3.5292991057697245,0.005632151574626669,-0.001804646421421986,0.006507320798082057,-0.0021642378143735303,-0.6909257582126106,-0.6748308882319036,3.8871241142816645e-22,0.8428434910693078,0.3658423734791322,0.001447549237264754,1.108807757323901e-20,1.2101334137857047
7.071428571428571,-1.7807118754682927,-5.1906078025103,1.7807118754682927,5.1906078025103,-2.2683294647264747,-3.5330080774710892,0.005575392648869227,-0.0017472612795208925,0.006354636344417388,-0.002010387694103226,-0.6909257582126106,-0.6748308882319036,3.365500094276944e-22,0.8428434910693078,0.3658786518373734,0.001411270879023703,9.600146137544964e-21,1.210133413785705
7.077857142857143,-1.7813082904796125,-5.196479436564742,1.7813082904796125,5.196479436564742,-2.271515194539343,-3.5367175686547516,0.005521254645089428,-0.0016930504131027332,0.006205724612491744,-0.0018607254792637278,-0.6909257582126106,-0.6748308882319036,2.9138423643510397e-22,0.8428434910693078,0.3659139253484024,0.0013759973679945484,8.311788219219468e-21,1.2101334137857047
7.0842857142857145,-1.7819047054909325,-5.202351070619184,1.7819047054909325,5.202351070619184,-2.2747010760243125,-3.5404275657387974,0.005469987794435539,-0.0016422614436868324,0.006061269125994122,-0.0017159382262669127,-0.6909257582126106,-0.6748308882319036,2.522771782579013e-22,0.8428434910693078,0.3659480326594232,0.0013418900569738038,7.19625176256518e-21,1.2101334137857047
7.090714285714285,-1.782501120502252,-5.208222704673625,1.782501120502252,5.208222704673625,-2.277887101525512,-3.5441380528233406,0.0054218341679654145,-0.0015951212570295072,0.005921936651258572,-0.0015766869185045713,-0.6909257582126106,-0.6748308882319036,2.184166217510742e-22,0.8428434910693078,0.36598081471516686,0.0013091080012300705,6.230369904494655e-21,1.2101334137857047
7.097142857142857,-1.783097535513572,-5.214094338728067,1.783097535513572,5.214094338728067,-2.2810732626722574,-3.5478490117381027,0.0053770264130432125,-0.0015518351115900817,0.0057883740522531365,-0.0014436035175345247,-0.6909257582126106,-0.6748308882319036,1.89099200242743e-22,0.8428434910693078,0.36601211554978097,0.0012778071666159903,5.394080258534772e-21,1.2101334137857047
7.103571428571429,-1.7836939505248919,-5.219965972782509,1.7836939505248919,5.219965972782509,-2.2842595503871443,-3.551560422100977,0.005335786419260956,-0.00151258595968703,0.005661205152616604,-0.0013172882315987673,-0.6909257582126106,-0.6748308882319036,1.6371579987641846e-22,0.8428434910693078,0.3660417831349607,0.0012481395814362894,4.670008688704096e-21,1.210133413785705
7.109999999999999,-1.7842903655362117,-5.225837606836951,1.7842903655362117,5.225837606836951,-2.2874459548993515,-3.555272261387907,0.005298323926321625,-0.0014775339781519568,0.005541027623161934,-0.0011983070099458061,-0.6909257582126106,-0.6748308882319036,1.4173892430639309e-22,0.8428434910693078,0.3660696702771947,0.001220252439202249,4.043108941364561e-21,1.2101334137857047
7.116428571428571,-1.7848867805475315,-5.2317092408913926,1.7848867805475315,5.2317092408913926,-2.2906324657637485,-3.558984505014313,0.005264835088901235,-0.0014468163020555605,0.005428409914892132,-0.001087189268701076,-0.6909257582126106,-0.6748308882319036,1.2271175525574238e-22,0.8428434910693078,0.3660956355553173,0.0011942871610796761,3.500350646667021e-21,1.2101334137857045
7.122857142857143,-1.7854831955588515,-5.237580874945834,1.7854831955588515,5.237580874945834,-2.2938190718863214,-3.5626971264282146,0.0052355010160462685,-0.001420546951816783,0.005323888259133213,-0.0009844258512137721,-0.6909257582126106,-0.6748308882319036,1.0623868134489003e-22,0.8428434910693078,0.36611954428787896,0.0011703784285179378,3.0304491970562464e-21,1.2101334137857047
7.1292857142857144,-1.7860796105701713,-5.243452509000276,1.7860796105701713,5.243452509000276,-2.297005761556333,-3.566410097215073,0.005210486304907051,-0.0013988169409629382,0.005227963757684748,-0.0008904672230656751,-0.6909257582126106,-0.6748308882319036,9.197709795688165e-23,0.8428434910693078,0.36614126951832704,0.001148653198069936,2.6236318765653395e-21,1.2101334137857047
7.135714285714285,-1.786676025581491,-5.249324143054718,1.786676025581491,5.249324143054718,-2.300192522485501,-3.5701233872142972,0.005189937590221499,-0.001381694549467465,0.005141099586742394,-0.0008057218997182932,-0.6909257582126106,-0.6748308882319036,7.963030728747137e-23,0.8428434910693078,0.3661606930048692,0.0011292297115276283,2.271435367406441e-21,1.2101334137857045
7.142142857142857,-1.7872724405928109,-5.25519577710916,1.7872724405928109,5.25519577710916,-2.303379341854359,-3.573836964647175,0.005173982132478512,-0.0013692257451557901,0.005063718339025149,-0.0007305551023335712,-0.6909257582126106,-0.6748308882319036,6.894137064238729e-23,0.8428434910693078,0.3661777062007909,0.0011122165156060833,1.9665304141708843e-21,1.2101334137857047
7.148571428571429,-1.7878688556041307,-5.2610674111636015,1.7878688556041307,5.2610674111636015,-2.3065662063658174,-3.577550796255907,0.005162726468356488,-0.0013614347342534028,0.004996199528659831,-0.0006652876357036568,-0.6909257582126106,-0.6748308882319036,5.968778492175141e-23,0.8428434910693078,0.36619221121045287,0.0010977115059442038,1.702569993085195e-21,1.2101334137857047
7.155,-1.7884652706154507,-5.266939045218043,1.7884652706154507,5.266939045218043,-2.3097531023058075,-3.5812648474532494,0.0051562551474998945,-0.0013583246207203245,0.004938877283231988,-0.0006101949804402302,-0.6909257582126106,-0.6748308882319036,5.1676872470017005e-23,0.8428434910693078,0.36620412170574057,0.0010858010106564809,1.4740578255782806e-21,1.210133413785705
7.161428571428571,-1.7890616856267705,-5.272810679272485,1.7890616856267705,5.272810679272485,-2.3129400156107365,-3.584979082482148,0.0051546295794279275,-0.0013598781534389297,0.004892038246764822,-0.0005655065904766278,-0.6909257582126106,-0.6748308882319036,4.474178840362842e-23,0.8428434910693078,0.3662133637877529,0.0010765589286441386,1.27623450145001e-21,1.2101334137857047
7.167857142857143,-1.7896581006380903,-5.278682313326927,1.7896581006380903,5.278682313326927,-2.3161269319413362,-3.5886934645846034,0.00515788701371066,-0.0013660585400685362,0.0048559197164038375,-0.0005314053860115075,-0.6909257582126106,-0.6748308882319036,3.8738062461316477e-23,0.8428434910693078,0.3662198767787785,0.0010700459376183663,1.104978845855814e-21,1.2101334137857047
7.174285714285714,-1.79025451564941,-5.284553947381369,1.79025451564941,5.284553947381369,-2.319313836762347,-3.5924079561788647,0.005166039675224146,-0.0013768103067418596,0.0048307080340589,-0.0005080274314897711,-0.6909257582126106,-0.6748308882319036,3.3540603614202524e-23,0.8428434910693078,0.366223613930276,0.0010663087861209851,9.567224835769847e-22,1.210133413785705
7.180714285714285,-1.7908509306607299,-5.2904255814358105,1.7908509306607299,5.2904255814358105,-2.322500715427357,-3.596122519043937,0.005179074074705214,-0.0013920601835225956,0.004816537252578981,-0.000495461788048462,-0.6909257582126106,-0.6748308882319036,2.9041105355852166e-23,0.8428434910693078,0.3662245430334345,0.0010653796829623967,8.283758302321439e-22,1.2101334137857047
7.187142857142857,-1.7914473456720499,-5.296297215490252,1.7914473456720499,5.296297215490252,-2.3256875532679686,-3.5998371145102603,0.005196950512393199,-0.0014117179969398016,0.0048134880935984895,-0.0004937505299936731,-0.6909257582126106,-0.6748308882319036,2.5145797965152183e-23,0.8428434910693078,0.366222646920262,0.0010672757961349996,7.172639788838825e-22,1.2101334137857047
7.1935714285714285,-1.7920437606833697,-5.302168849544694,1.7920437606833697,5.302168849544694,-2.3288743356863773,-3.6035517036553104,0.005219602790177233,-0.0014356775524734728,0.004821587211917783,-0.0005028889153158244,-0.6909257582126106,-0.6748308882319036,2.1773501274877312e-23,0.8428434910693078,0.3662179238445141,0.0010719988718828823,6.210711569743114e-22,1.2101334137857047
7.2,-1.7926401756946895,-5.308040483599136,1.7926401756946895,5.308040483599136,-2.33206104825035,-3.6072662475027903,0.0052469381444241875,-0.0014638174920936049,0.004840806778202506,-0.0005228257009987251,-0.6909257582126106,-0.6748308882319036,1.8853937735942343e-23,0.8428434910693078,0.36621038773368253,0.0010795349827144556,5.377926069615113e-22,1.2101334137857047
7.206428571428571,-1.7932365907060093,-5.313912117653578,1.7932365907060093,5.313912117653578,-2.3352476767895034,-3.610980707224003,0.005278837408477018,-0.0014960021142865294,0.004871064388822801,-0.0005534635948348495,-0.6909257582126106,-0.6748308882319036,1.632627097660846e-23,0.8428434910693078,0.3662000683051537,0.0010898544112433741,4.656928982807641e-22,1.2101334137857047
7.212857142857143,-1.793833005717329,-5.3197837517080195,1.793833005717329,5.3197837517080195,-2.3384342074917495,-3.6146950443399386,0.005315155410269151,-0.0015320821466481337,0.004912223308368963,-0.0005946598366034073,-0.6909257582126106,-0.6748308882319036,1.413783973109973e-23,0.8428434910693078,0.3661870110417813,0.0011029116746155267,4.032698115667464e-22,1.2101334137857045
7.219285714285714,-1.794429420728649,-5.325655385762461,1.794429420728649,5.325655385762461,-2.3416206269987185,-3.6184092209225707,0.00535572160659147,-0.0015718954641214798,0.00496409304677527,-0.0006462269028528657,-0.6909257582126106,-0.6748308882319036,1.224306105324236e-23,0.8428434910693078,0.3661712770244845,0.0011186456919125105,3.4922305130142476e-22,1.210133413785705
7.225714285714286,-1.7950258357399689,-5.331527019816903,1.7950258357399689,5.331527019816903,-2.3448069224989867,-3.622123199793858,0.0054003409520616925,-0.0016152677486682687,0.005026430269766267,-0.0007079333308222921,-0.6909257582126106,-0.6748308882319036,1.0602480225351691e-23,0.8428434910693078,0.36615294262161013,0.0011369800947869104,3.0242714269441076e-22,1.2101334137857047
7.232142857142857,-1.7956222507512887,-5.337398653871345,1.7956222507512887,5.337398653871345,-2.347993081817927,-3.6258369447209318,0.005448794996570825,-0.001662013089520204,0.005098940037381023,-0.0007795046586675162,-0.6909257582126106,-0.6748308882319036,9.181947793596353e-24,0.8428434910693078,0.36613209903743094,0.0011578236789660226,2.6190795473837464e-22,1.2101334137857047
7.238571428571428,-1.7962186657626085,-5.343270287925787,1.7962186657626085,5.343270287925787,-2.35117909350305,-3.62955042060599,0.005500843201710596,-0.0017119345257429616,0.0051812773622753275,-0.0008606244804311687,-0.6909257582126106,-0.6748308882319036,7.951906775417283e-24,0.8428434910693078,0.3661088517241706,0.0011810709922264288,2.2682236592313803e-22,1.210133413785705
7.245,-1.7968150807739283,-5.3491419219802285,1.7968150807739283,5.3491419219802285,-2.354364946903753,-3.633263593669466,0.00555622446268925,-0.0017648245360053461,0.005273049075736378,-0.0009509356157453429,-0.6909257582126106,-0.6748308882319036,6.886775345759563e-24,0.8428434910693078,0.36608331966443197,0.001206603051965011,1.964406535630315e-22,1.2101334137857047
7.251428571428571,-1.797411495785248,-5.35501355603467,1.797411495785248,5.35501355603467,-2.357550632244485,-3.6369764316251034,0.0056146588191059105,-0.001820465482920234,0.00537381598632674,-0.0010500413954523664,-0.6909257582126106,-0.6748308882319036,5.964412266789402e-24,0.8428434910693078,0.3660556345328767,0.0012342881835203405,1.701312435172885e-22,1.2101334137857047
7.257857142857143,-1.798007910796568,-5.360885190089112,1.798007910796568,5.360885190089112,-2.3607361406904177,-3.640688903845665,0.005675849334842841,-0.00187863002175795,0.0054830953130291585,-0.0011575070654773081,-0.6909257582126106,-0.6748308882319036,5.165654020873835e-24,0.8428434910693078,0.36602593974795916,0.0012639829684377478,1.4734750541593664e-22,1.2101334137857047
7.264285714285714,-1.7986043258078879,-5.366756824143554,1.7986043258078879,5.366756824143554,-2.3639214644048505,-3.644400981518088,0.005739484124534488,-0.0019390814854860297,0.005600363371921782,-0.0012728613122428892,-0.6909257582126106,-0.6748308882319036,4.473914074928834e-24,0.8428434910693078,0.365994389426304,0.0012955332900928718,1.2761632037147596e-22,1.210133413785705
7.270714285714286,-1.7992007408192077,-5.372628458197996,1.7992007408192077,5.372628458197996,-2.367106596597681,-3.6481126377870483,0.005805238501999492,-0.0020015742596402163,0.005725058493213885,-0.001395597913540897,-0.6909257582126106,-0.6748308882319036,3.874835976785138e-24,0.8428434910693078,0.36596114725365125,0.001328775462745585,1.1052818444334954e-22,1.2101334137857047
7.277142857142857,-1.7997971558305275,-5.3785000922524375,1.7997971558305275,5.3785000922524375,-2.370291531564445,-3.6518238478859955,0.005872777223976491,-0.0020658541619925125,0.005856584143157159,-0.0015251775192532552,-0.6909257582126106,-0.6748308882319036,3.355993087063831e-24,0.8428434910693078,0.36592638528762716,0.001363537428769825,9.57286425711951e-23,1.2101334137857047
7.283571428571428,-1.8003935708418475,-5.384371726306879,1.8003935708418475,5.384371726306879,-2.3734762647155567,-3.6555345892548874,0.005941756801454256,-0.0021316588426349707,0.005994312223961979,-0.001661029566369624,-0.6909257582126106,-0.6748308882319036,2.906628706553874e-24,0.8428434910693078,0.36589028270831997,0.001399640008077058,8.29108749702159e-23,1.210133413785705
7.29,-1.8009899858531673,-5.390243360361321,1.8009899858531673,5.390243360361321,-2.3766607925955525,-3.659244841643988,0.00601182784995255,-0.0021987182205716266,0.0061375865234061305,-0.0018025543325846597,-0.6909257582126106,-0.6748308882319036,2.517431188506811e-24,0.8428434910693078,0.36585302453330043,0.0014368981830965388,7.180928163661472e-23,1.2101334137857047
7.296428571428572,-1.801586400864487,-5.396114994415763,1.801586400864487,5.396114994415763,-2.379845112892297,-3.6629545872032594,0.006082637450013277,-0.002266754972691169,0.006285726285146131,-0.0019491251322072609,-0.6909257582126106,-0.6748308882319036,2.180339344915227e-24,0.8428434910693078,0.3658148003138705,0.0014751224025265535,6.219393113629117e-23,1.2101334137857047
7.3028571428571425,-1.8021828158758069,-5.401986628470205,1.8021828158758069,5.401986628470205,-2.3830292244362603,-3.666663810557024,0.006153831489443342,-0.0023354850904150357,0.006438029870327506,-0.0021000906572983345,-0.6909257582126106,-0.6748308882319036,1.8883740802022666e-24,0.8428434910693078,0.3657758028292447,0.0015141198871521664,5.386575765851081e-23,1.2101334137857047
7.309285714285714,-1.8027792308871267,-5.4078582625246465,1.8027792308871267,5.4078582625246465,-2.386213127190159,-3.670372498863742,0.006225056959807867,-0.002404618518127588,0.006593778481197937,-0.002254777465718738,-0.6909257582126106,-0.6748308882319036,1.6354927275797582e-24,0.8428434910693078,0.36573622679487683,0.0015536959215201687,4.6652405771728233e-23,1.210133413785705
7.315714285714286,-1.8033756458984467,-5.413729896579088,1.8033756458984467,5.413729896579088,-2.389396822229349,-3.674080641860884,0.006295964180956135,-0.0024738598860632724,0.006752239917888574,-0.002412492616430418,-0.6909257582126106,-0.6748308882319036,1.4164630334995671e-24,0.8428434910693078,0.3656962676004486,0.0015936551159483725,4.040463573084132e-23,1.210133413785705
7.322142857142857,-1.8039720609097665,-5.41960153063353,1.8039720609097665,5.41960153063353,-2.3925803117135525,-3.677788231895045,0.006366208929436879,-0.002542909348138354,0.006912672340517444,-0.002572526450473494,-0.6909257582126106,-0.6748308882319036,1.2267541436937947e-24,0.8428434910693078,0.3656561200918712,0.0016338026245257904,3.499321382658906e-23,1.2101334137857047
7.328571428571428,-1.8045684759210863,-5.425473164687972,1.8045684759210863,5.425473164687972,-2.3957635988505803,-3.6814952639375695,0.006435454448759566,-0.0026114635330943526,0.0070743280099495685,-0.0027341555142748903,-0.6909257582126106,-0.6748308882319036,1.0624422983263006e-24,0.8428434910693078,0.3656159774104566,0.001673945305940478,3.0306222367984934e-23,1.2101334137857047
7.335,-1.805164890932406,-5.431344798742414,1.805164890932406,5.431344798742414,-2.398946687852839,-3.6852017355860816,0.006503373322370713,-0.00267921661442912,0.007236456982275144,-0.0028966456195807866,-0.6909257582126106,-0.6748308882319036,9.20129251019029e-25,0.8428434910693078,0.3655760299007353,0.0017138928156616969,2.6246732654562935e-23,1.2101334137857047
7.341428571428572,-1.805761305943726,-5.4372164327968555,1.805761305943726,5.4372164327968555,-2.4021295838874956,-3.688907647052437,0.0065696491931294815,-0.002745861501776731,0.0073983107339336785,-0.0030592550320761133,-0.6909257582126106,-0.6748308882319036,7.968716929902225e-25,0.8428434910693078,0.3655364640967128,0.0017534586196842573,2.2730791898282368e-23,1.2101334137857047
7.347857142857142,-1.8063577209550457,-5.443088066851297,1.8063577209550457,5.443088066851297,-2.405312293021234,-3.692613001137702,0.006633978316327686,-0.002811091153286142,0.00755914569655869,-0.0032212377783186323,-0.6909257582126106,-0.6748308882319036,6.901201946701819e-25,0.8428434910693078,0.3654974617944583,0.001792460921938556,1.9685681649803692e-23,1.2101334137857047
7.354285714285714,-1.8069541359663657,-5.448959700905739,1.8069541359663657,5.448959700905739,-2.4084948221606055,-3.696317803194859,0.006696070936924417,-0.0028746000051568335,0.007718226683102946,-0.003381847058008512,-0.6909257582126106,-0.6748308882319036,5.976663775706417e-25,0.8428434910693078,0.3654591992168026,0.0018307234995943377,1.7048411002413468e-23,1.2101334137857045
7.360714285714286,-1.8075505509776855,-5.454831334960181,1.8075505509776855,5.454831334960181,-2.4116771789889744,-3.7000220610799754,0.006755652484910692,-0.0029360855115001185,0.00787483018908997,-0.003540338746345114,-0.6909257582126106,-0.6748308882319036,5.175972028539392e-25,0.8428434910693078,0.3654218462740313,0.001868076442365599,1.476441280253167e-23,1.2101334137857045
7.367142857142857,-1.8081469659890053,-5.460702969014623,1.8081469659890053,5.460702969014623,-2.414859371901089,-3.703725785092659,0.0068124645867095384,-0.0029952497840806305,0.008028247555721095,-0.0036959749685138055,-0.6909257582126106,-0.6748308882319036,4.482554135811288e-25,0.8428434910693078,0.3653855659221136,0.0019043567942833857,1.2786415391273116e-23,1.2101334137857047
7.373571428571428,-1.808743381000325,-5.4665746030690645,1.808743381000325,5.4665746030690645,-2.4180414099362735,-3.7074289879066207,0.006866265893575098,-0.003051801318789638,0.008177787983848309,-0.0038480277263526,-0.6909257582126106,-0.6748308882319036,3.8820529793863035e-25,0.8428434910693078,0.365350513618228,0.0019394090981690877,1.1073466120301524e-23,1.210133413785705
7.38,-1.809339796011645,-5.472446237123506,1.809339796011645,5.472446237123506,-2.421223302711212,-3.7111316844912006,0.006916832731693101,-0.003105456792452374,0.008322781390663935,-0.003995782554877684,-0.6909257582126106,-0.6748308882319036,3.362030536236643e-25,0.8428434910693078,0.3653168368711438,0.0019730858452531776,9.590086106352072e-24,1.2101334137857047
7.386428571428572,-1.8099362110229649,-5.478317871177948,1.8099362110229649,5.478317871177948,-2.424405060353219,-3.714833892024683,0.006963959581620762,-0.003155942911121082,0.00846258110327889,-0.004138542184603657,-0.6909257582126106,-0.6748308882319036,2.9117113122256204e-25,0.8428434910693078,0.3652846748823046,0.0020052478340924084,8.305538475385049e-24,1.2101334137857047
7.392857142857142,-1.8105326260342847,-5.48418950523239,1.8105326260342847,5.48418950523239,-2.427586693434841,-3.7185356298002463,0.007007459397614283,-0.003202998288648688,0.008596566385720223,-0.004275630183949485,-0.6909257582126106,-0.6748308882319036,2.5217601890851067e-25,0.8428434910693078,0.36525415827175245,0.0020357644446444036,7.193194758321374e-24,1.2101334137857047
7.399285714285714,-1.8111290410456045,-5.490061139286832,1.8111290410456045,5.490061139286832,-2.4307682129105173,-3.7222369191253257,0.007047163780009431,-0.003246375332354141,0.008724144798106964,-0.004406394554696832,-0.6909257582126106,-0.6748308882319036,2.1840900384489284e-25,0.8428434910693078,0.3652254088814988,0.0020645138348982474,6.2299861850072245e-24,1.210133413785705
7.405714285714286,-1.8117254560569243,-5.4959327733412735,1.8117254560569243,5.4959327733412735,-2.4339496300559382,-3.7259377832151412,0.00708292301575671,-0.0032858421112475496,0.008844754388504248,-0.004530211252629914,-0.6909257582126106,-0.6748308882319036,1.8916950882354825e-25,0.8428434910693078,0.36519853964782256,0.002091383068574296,5.395928424729188e-24,1.2101334137857047
7.412142857142857,-1.8123218710682443,-5.501804407395715,1.8123218710682443,5.501804407395715,-2.4371309564106123,-3.7296382470810845,0.0071146060041216595,-0.0033211841811429275,0.008957865719807034,-0.004646487604870332,-0.6909257582126106,-0.6748308882319036,1.6385065723720494e-25,0.8428434910693078,0.3651736545328579,0.002116268183539057,4.67370987859352e-24,1.210133413785705
7.418571428571428,-1.812918286079564,-5.507676041450157,1.812918286079564,5.507676041450157,-2.4403122037240434,-3.733338337414594,0.007142100085541587,-0.003352206340648706,0.00906298373513218,-0.004754665595387758,-0.6909257582126106,-0.6748308882319036,1.4192676661079434e-25,0.8428434910693078,0.365150848505272,0.0021390742111250666,4.048334973599429e-24,1.2101334137857047
7.425,-1.8135147010908839,-5.513547675504599,1.8135147010908839,5.513547675504599,-2.4434933839057775,-3.737038082467086,0.007165310792505779,-0.003378734291987079,0.009159649466389808,-0.004854224990440531,-0.6909257582126106,-0.6748308882319036,1.2294251162004304e-25,0.8428434910693078,0.36513020755933323,0.0021597151570637444,3.506815069476114e-24,1.210133413785705
7.4314285714285715,-1.8141111161022037,-5.519419309559041,1.8141111161022037,5.519419309559041,-2.4466745089794455,-3.7407375119264255,0.007184161541427742,-0.0034006161812464406,0.009247441591303987,-0.004944686276489094,-0.6909257582126106,-0.6748308882319036,1.065035326620562e-25,0.8428434910693078,0.36511180876162375,0.002178113954773319,3.0379005916999615e-24,1.2101334137857047
7.437857142857143,-1.8147075311135237,-5.5252909436134825,1.8147075311135237,5.5252909436134825,-2.449855591040824,-3.744436656790366,0.007198593284235615,-0.003417723993737601,0.009325977844561042,-0.005025613384268558,-0.6909257582126106,-0.6748308882319036,9.226829637659138e-26,0.8428434910693078,0.3650957203148111,0.002194202401585791,2.6318488694045404e-24,1.2101334137857045
7.444285714285714,-1.8153039461248435,-5.531162577667924,1.8153039461248435,5.531162577667924,-2.4530366422197796,-3.7481355492373036,0.007208564137553303,-0.003429954781864557,0.009394916288788547,-0.005096616174409537,-0.6909257582126106,-0.6748308882319036,7.994104069816782e-26,0.8428434910693078,0.36508200162841986,0.0022079210879771033,2.2802229036899646e-24,1.2101334137857047
7.450714285714286,-1.8159003611361633,-5.537034211722366,1.8159003611361633,5.537034211722366,-2.456217674645873,-3.7518342224946273,0.007214049006199912,-0.003437231704858617,0.00945395645082258,-0.005157352661829002,-0.6909257582126106,-0.6748308882319036,6.926565962095891e-26,0.8428434910693078,0.365070703387234,0.002219219329162989,1.97571693648744e-24,1.2101334137857047
7.457142857142857,-1.816496776147483,-5.542905845776808,1.816496776147483,5.542905845776808,-2.45939870041727,-3.75553271070489,0.007215039215891323,-0.003439504862554345,0.009502840328119268,-0.0052075309587342284,-0.6909257582126106,-0.6748308882319036,6.002040236616513e-26,0.8428434910693078,0.3650618676090769,0.0022280551073201294,1.7120052464992148e-24,1.2101334137857045
7.463571428571428,-1.8170931911588029,-5.54877747983125,1.8170931911588029,5.54877747983125,-2.462579731572544,-3.7592310487899714,0.00721154216817363,-0.0034367519080262493,0.0095413532694162,-0.005246910918493483,-0.6909257582126106,-0.6748308882319036,5.201327848869835e-26,0.8428434910693078,0.36505552768482885,0.002234395031568255,1.483611079191445e-24,1.2101334137857052
7.47,-1.8176896061701227,-5.5546491138856915,1.8176896061701227,5.5546491138856915,-2.465760780064846,-3.7629292723133614,0.007203581028061565,-0.0034289784274584858,0.00956932473265135,-0.005275305465859625,-0.6909257582126106,-0.6748308882319036,4.50780750057487e-26,0.8428434910693078,0.3650517083950767,0.0022382143213202895,1.2857930326181509e-24,1.210133413785705
7.476428571428571,-1.8182860211814427,-5.560520747940133,1.8182860211814427,5.560520747940133,-2.4689418577378754,-3.76662741734065,0.007191194452324896,-0.003416218079007843,0.009586628921968975,-0.005292581602103864,-0.6909257582126106,-0.6748308882319036,3.907090419843021e-26,0.8428434910693078,0.36505042589931136,0.0022394968170857195,1.1144465792584893e-24,1.2101334137857047
7.482857142857143,-1.8188824361927625,-5.566392381994575,1.8188824361927625,5.566392381994575,-2.4721229763030514,-3.770325520298318,0.007174436363559504,-0.0033985324861408295,0.009593185304309013,-0.0052986610769969805,-0.6909257582126106,-0.6748308882319036,3.3867211598903496e-26,0.8428434910693078,0.3650516876952664,0.002238235021130409,9.66018713752697e-25,1.2101334137857047
7.489285714285714,-1.8194788512040823,-5.572264016049017,1.8194788512040823,5.572264016049017,-2.475304147317241,-3.7740236178308786,0.007153375772105281,-0.0033760108849478277,0.009588959004577948,-0.0052935207232460875,-0.6909257582126106,-0.6748308882319036,2.935918306546386e-26,0.8428434910693078,0.3650554925478442,0.002234430168552728,8.374339841688372e-25,1.2101334137857045
7.4957142857142856,-1.820075266215402,-5.578135650103459,1.820075266215402,5.578135650103459,-2.478485382160417,-3.777721746656463,0.007128096645161639,-0.0033487695284707586,0.009573961077070536,-0.00527719245224549,-0.6909257582126106,-0.6748308882319036,2.545349797269775e-26,0.8428434910693078,0.3650618303886889,0.002228092327708041,7.26030396092238e-25,1.2101334137857047
7.502142857142857,-1.8206716812267218,-5.5840072841579005,1.8206716812267218,5.5840072841579005,-2.48166669201263,-3.7814199434209304,0.007098697819175747,-0.00331695085534981,0.0095482486492092,-0.005249762913966827,-0.6909257582126106,-0.6748308882319036,2.2069382572754192e-26,0.8428434910693078,0.36507068218944677,0.002219240526950211,6.295038792449079e-25,1.2101334137857047
7.508571428571428,-1.8212680962380416,-5.589878918212342,1.8212680962380416,5.589878918212342,-2.484848087829716,-3.785118244550645,0.007065292949138876,-0.003280722433296605,0.009511924932496934,-0.005211372826844733,-0.6909257582126106,-0.6748308882319036,1.9136923673260838e-26,0.8428434910693078,0.36508201981320515,0.0022079029031919608,5.458601799725724e-25,1.210133413785705
7.515,-1.8218645112493617,-5.595750552266784,1.8218645112493617,5.595750552266784,-2.4880295803172263,-3.7888166861040893,0.007028010485504057,-0.003240275691770642,0.009465139094206513,-0.005162215987227423,-0.6909257582126106,-0.6748308882319036,1.659560805074708e-26,0.8428434910693078,0.3650958058503645,0.0021941168660324644,4.733731932968355e-25,1.2101334137857047
7.521428571428571,-1.8224609262606815,-5.601622186321226,1.8224609262606815,5.601622186321226,-2.491211179902123,-3.7925153036225376,0.006986993667258483,-0.0031958244611963883,0.009408085982371299,-0.0051025379709029916,-0.6909257582126106,-0.6748308882319036,1.439305759117522e-26,0.8428434910693078,0.3651119934465081,0.0021779292698890277,4.105488786172315e-25,1.210133413785705
7.527857142857143,-1.8230573412720013,-5.607493820375668,1.8230573412720013,5.607493820375668,-2.494392896701889,-3.796214131980095,0.006942400517606415,-0.003147603338949412,0.009341005695791254,-0.0050326345421605025,-0.6909257582126106,-0.6748308882319036,1.248393411416997e-26,0.8428434910693078,0.365130526131078,0.0021593965853188768,3.5609401620888544e-25,1.2101334137857045
7.534285714285714,-1.823653756283321,-5.6133654544301095,1.823653756283321,5.6133654544301095,-2.497574740490804,-3.799913205233465,0.006894403827008002,-0.003095865904861338,0.009264182990191801,-0.004952849788564507,-0.6909257582126106,-0.6748308882319036,1.0828991277703299e-26,0.8428434910693078,0.36515133765670815,0.0021385850596888608,3.0888915976101456e-25,1.210133413785705
7.5407142857142855,-1.824250171294641,-5.619237088484551,1.824250171294641,5.619237088484551,-2.500756720663223,-3.803612556471899,0.006843191107197763,-0.003040882810794874,0.009177946511427632,-0.004863574001704313,-0.6909257582126106,-0.6748308882319036,9.39425394634538e-27,0.8428434910693078,0.36517435185972813,0.0021155708566688368,2.6796522536413264e-25,1.2101334137857047
7.547142857142857,-1.8248465863059609,-5.625108722538993,1.8248465863059609,5.625108722538993,-2.503938846193858,-3.807312217667853,0.006788964498912025,-0.0029829397705286313,0.009082667846652409,-0.004765241326343825,-0.6909257582126106,-0.6748308882319036,8.150307998633408e-27,0.8428434910693078,0.36519948255290646,0.002090440163490561,2.3248323128664706e-25,1.2101334137857047
7.553571428571429,-1.8254430013172807,-5.630980356593435,1.8254430013172807,5.630980356593435,-2.5071211255951464,-3.8110122195289757,0.006731940615878307,-0.0029223354769465078,0.008978760384760528,-0.004658327201665699,-0.6909257582126106,-0.6748308882319036,7.071685801102217e-27,0.8428434910693078,0.3652266334616,0.0020632892547971017,2.0171676710896094e-25,1.210133413785705
7.56,-1.8260394163286005,-5.636851990647877,1.8260394163286005,5.636851990647877,-2.510303566871946,-3.814712591352122,0.006672350307758557,-0.002859379474087383,0.00886667797814264,-0.0045433456196030736,-0.6909257582126106,-0.6748308882319036,6.1363345323840265e-27,0.8428434910693078,0.36525569821439985,0.0020342245019971056,1.7503682656797095e-25,1.2101334137857047
7.566428571428571,-1.8266358313399202,-5.6427236247023185,1.8266358313399202,5.6427236247023185,-2.513486177473897,-3.818413360880181,0.006610438325494832,-0.0027943900113934056,0.008746913398864666,-0.004420846225823422,-0.6909257582126106,-0.6748308882319036,5.3251562401923655e-27,0.8428434910693078,0.36528656039890695,0.002003362317490154,1.5189868693799053e-25,1.210133413785705
7.572857142857143,-1.8272322463512403,-5.64859525875676,1.8272322463512403,5.64859525875676,-2.5166689642459295,-3.8221145541625567,0.006546462873650881,-0.002727691906892086,0.008619996583751956,-0.004291411289245558,-0.6909257582126106,-0.6748308882319036,4.621609990350131e-27,0.8428434910693078,0.36531909369257654,0.0019708290238202764,1.318305598871329e-25,1.2101334137857047
7.579285714285714,-1.82782866136256,-5.654466892811201,1.82782866136256,5.654466892811201,-2.5198519333775025,-3.8258161954202436,0.00648069503610682,-0.002659614444784753,0.008486492664679282,-0.0041556525657935285,-0.6909257582126106,-0.6748308882319036,4.011367749735317e-27,0.8428434910693078,0.365353162077506,0.001936760638890963,1.1442377533996984e-25,1.2101334137857047
7.585714285714285,-1.8284250763738799,-5.660338526865644,1.8284250763738799,5.660338526865644,-2.523035090351244,-3.829518306916455,0.006413418063377089,-0.0025904893313938872,0.008346999782210695,-0.004014208081597482,-0.6909257582126106,-0.6748308882319036,3.48201675918444e-27,0.8428434910693078,0.3653886201468729,0.0019013025695240665,9.932429166263194e-26,1.2101334137857047
7.592142857142857,-1.8290214913851996,-5.666210160920086,1.8290214913851996,5.666210160920086,-2.5262184398917746,-3.8332209088338285,0.006344926512563266,-0.0025206487311032967,0.008202146683257677,-0.003867738859865048,-0.6909257582126106,-0.6748308882319036,3.0228021202911965e-27,0.8428434910693078,0.36542531350906393,0.001864609207333076,8.622535310056796e-26,1.210133413785705
7.598571428571429,-1.8296179063965197,-5.6720817949745275,1.8296179063965197,5.6720817949745275,-2.52940198591555,-3.8369240191592566,0.006275525233460379,-0.002450423401687043,0.008052590105639195,-0.0037169256145120726,-0.6909257582126106,-0.6748308882319036,2.624404160274182e-27,0.8428434910693078,0.36546307929400457,0.0018268434223924616,7.486113937209691e-26,1.210133413785705
7.6049999999999995,-1.8302143214078392,-5.677953429028969,1.8302143214078392,5.677953429028969,-2.53258573148262,-3.8406276535773998,0.006205528197676917,-0.002380140945379814,0.007899011955336228,-0.003562465432011224,-0.6909257582126106,-0.6748308882319036,2.278745868731729e-27,0.8428434910693078,0.36550174676414937,0.0017881759522475893,6.500127313946874e-26,1.2101334137857047
7.611428571428571,-1.8308107364191593,-5.683825063083411,1.8308107364191593,5.683825063083411,-2.5357696787512243,-3.844331825373935,0.006135257170755284,-0.002310124189091822,0.007742116284884774,-0.0034050684611957524,-0.6909257582126106,-0.6748308882319036,1.9788263331029297e-27,0.8428434910693078,0.3655411380306758,0.0017487846857212924,5.644606914084646e-26,1.210133413785705
7.617857142857143,-1.831407151430479,-5.689696697137853,1.831407151430479,5.689696697137853,-2.538953828936172,-3.8480365453495637,0.006065040230677232,-0.002240689703920472,0.0075826260842080315,-0.00324545462880176,-0.6909257582126106,-0.6748308882319036,1.7185766488390544e-27,0.8428434910693078,0.3655810688733301,0.0017088538430667572,4.9022424437271956e-26,1.2101334137857047
7.6242857142857146,-1.8320035664417988,-5.695568331192295,1.8320035664417988,5.695568331192295,-2.542138182271936,-3.851741821745778,0.005995210139747176,-0.0021721464705784805,0.007421279898180583,-0.0030843503963135345,-0.6909257582126106,-0.6748308882319036,1.492735256486508e-27,0.8428434910693078,0.36562134966013926,0.0016685730562576826,4.258026281698127e-26,1.210133413785705
7.630714285714285,-1.8325999814531186,-5.7014399652467365,1.8325999814531186,5.7014399652467365,-2.545322737981361,-3.8554476601833096,0.005926102579964658,-0.00210479469425287,0.0072588282877824204,-0.0029224855716701,-0.6909257582126106,-0.6748308882319036,1.2967400705002661e-27,0.8428434910693078,0.36566178636127034,0.0016281363551266111,3.6989458173653903e-26,1.2101334137857047
7.637142857142857,-1.8331963964644387,-5.707311599301178,1.8331963964644387,5.707311599301178,-2.5485074942508374,-3.859154063614105,0.0058580542656957325,-0.002038924768660158,0.007096030154721937,-0.002760590186905035,-0.6909257582126106,-0.6748308882319036,1.1266351221658037e-27,0.8428434910693078,0.3657021816490046,0.0015877410673923464,3.2137171878419626e-26,1.2101334137857047
7.643571428571429,-1.8337928114757585,-5.71318323335562,1.8337928114757585,5.71318323335562,-2.5516924482127186,-3.8628610322875874,0.0057914009501462875,-0.0019748163862627595,0.006933648951589956,-0.0025993914508743612,-0.6909257582126106,-0.6748308882319036,9.789897484333326e-28,0.8428434910693078,0.36574233607411233,0.0015475866422847088,2.7925547995098866e-26,1.210133413785705
7.6499999999999995,-1.8343892264870783,-5.719054867410062,1.8343892264870783,5.719054867410062,-2.554877595935672,-3.8665685637318474,0.005726475345330183,-0.001912737788240667,0.006772448802183899,-0.0024396107838795516,-0.6909257582126106,-0.6748308882319036,8.508286263565336e-28,0.8428434910693078,0.3657820493068895,0.0015078734095074168,2.4269717832506666e-26,1.2101334137857047
7.656428571428571,-1.834985641498398,-5.724926501464504,1.834985641498398,5.724926501464504,-2.558062932423543,-3.870276652750275,0.005663604977542414,-0.0018529451452617908,0.00661319055849912,-0.0022819609391462655,-0.6909257582126106,-0.6748308882319036,7.395711844363795e-28,0.8428434910693078,0.36582112142964973,0.0014688012867472586,2.109607193658617e-26,1.2101334137857047
7.662857142857143,-1.8355820565097178,-5.7307981355189455,1.8355820565097178,5.7307981355189455,-2.56124845162318,-3.8739852914340114,0.0056031100025239295,-0.0017956820576260815,0.006456627822622731,-0.0021271432142908105,-0.6909257582126106,-0.6748308882319036,6.429791224250967e-28,0.8428434910693078,0.36585935426605753,0.0014305684503393176,1.8340763339267255e-26,1.2101334137857047
7.6692857142857145,-1.8361784715210379,-5.736669769573387,1.8361784715210379,5.736669769573387,-2.564434146441557,-3.877694469190439,0.005545301006235794,-0.0017411791612498837,0.006303502963134542,-0.0019758447542644543,-0.6909257582126106,-0.6748308882319036,5.591109441677156e-28,0.8428434910693078,0.36589655273155575,0.001393369984841199,1.59484108178646e-26,1.2101334137857047
7.675714285714285,-1.8367748865323577,-5.742541403627829,1.8367748865323577,5.742541403627829,-2.56762000877235,-3.881404172787795,0.005490476818245961,-0.0016896538244914959,0.0061545431564669845,-0.0018287359460569218,-0.6909257582126106,-0.6748308882319036,4.862825574746658e-28,0.8428434910693078,0.3659325261884089,0.0013573965279879967,1.3870975181997978e-26,1.2101334137857045
7.682142857142857,-1.8373713015436774,-5.748413037682271,1.8373713015436774,5.748413037682271,-2.5708060295319997,-3.885114386415793,0.005438922365520347,-0.0016413099195061558,0.0060104564842713894,-0.001686467904253681,-0.6909257582126106,-0.6748308882319036,4.230331240281543e-28,0.8428434910693078,0.3659670897883107,0.001322832928086204,1.2066785285774973e-26,1.2101334137857047
7.688571428571429,-1.8379677165549972,-5.754284671736713,1.8379677165549972,5.754284671736713,-2.5739921987051164,-3.888825091762004,0.005390906594443919,-0.0015963376513154957,0.005871928117826598,-0.0015496700459393647,-0.6909257582126106,-0.6748308882319036,3.6809545364239626e-28,0.8428434910693078,0.36600006578542643,0.0012898569309706897,1.0499693638786198e-26,1.210133413785705
7.695,-1.8385641315663173,-5.7601563057911545,1.8385641315663173,5.7601563057911545,-2.577178505398945,-3.892536268103566,0.005346680488544542,-0.0015549134274997728,0.005739616620186726,-0.0014189477529059993,-0.6909257582126106,-0.6748308882319036,3.203703332500502e-28,0.8428434910693078,0.36603128480286784,0.0012586379135291555,9.138344229618938e-27,1.210133413785705
7.701428571428571,-1.839160546577637,-5.766027939845596,1.839160546577637,5.766027939845596,-2.5803649379064324,-3.8962478924136343,0.005306475208394502,-0.0015171997518184826,0.005614150395902075,-0.0012948801190734978,-0.6909257582126106,-0.6748308882319036,2.789042638330762e-28,0.8428434910693078,0.36606058703615574,0.0012293356802412908,7.955537538850958e-27,1.2101334137857047
7.707857142857143,-1.8397569615889569,-5.771899573900038,1.8397569615889569,5.771899573900038,-2.5835514837773186,-3.8999599394818345,0.005270500378736893,-0.0014833451258195486,0.00549612431692383,-0.0011780177811879507,-0.6909257582126106,-0.6748308882319036,2.4287014997404507e-28,0.8428434910693078,0.36608782337802703,0.0012020993383697874,6.927679756757932e-27,1.2101334137857047
7.714285714285714,-1.8403533766002766,-5.77777120795448,1.8403533766002766,5.77777120795448,-2.586738129896503,-3.9036723820478048,0.005238942545783367,-0.001453483943845051,0.0053860965515167974,-0.001068880831392198,-0.6909257582126106,-0.6748308882319036,2.1155054832895685e-28,0.8428434910693078,0.36611285645017977,0.0011770662662172354,6.0343049786514e-27,1.210133413785705
7.720714285714285,-1.8409497916115964,-5.783642842008922,1.8409497916115964,5.783642842008922,-2.589924862568855,-3.9073851909468384,0.00521196382539795,-0.0014277363683798405,0.0052845856211057255,-0.0009679568109584297,-0.6909257582126106,-0.6748308882319036,1.8432313448436636e-28,0.8428434910693078,0.3661355615288682,0.0011543611875287382,5.2576606669620334e-27,1.210133413785705
7.727142857142857,-1.8415462066229162,-5.7895144760633634,1.8415462066229162,5.7895144760633634,-2.593111667609484,-3.911098335266447,0.005189700759726113,-0.0014062081749603864,0.005192067707292781,-0.0008756987855767665,-0.6909257582126106,-0.6748308882319036,1.6064809351161324e-28,0.8428434910693078,0.36615582735314883,0.0011340953632481823,4.5823479767606695e-27,1.2101334137857047
7.7335714285714285,-1.8421426216342363,-5.795386110117805,1.8421426216342363,5.795386110117805,-2.59629853043843,-3.91481178251261,0.005172263396975931,-0.0013889905579852159,0.0051089742288408764,-0.0007925235036813904,-0.6909257582126106,-0.6748308882319036,1.400571791092389e-28,0.8428434910693078,0.3661735568062961,0.0011163659101009833,3.9950096700685664e-27,1.210133413785705
7.74,-1.842739036645556,-5.801257744172247,1.842739036645556,5.801257744172247,-2.5994854361786377,-3.918525498784376,0.005159734605272414,-0.0013761598916156126,0.005035689705160937,-0.0007188096407742384,-0.6909257582126106,-0.6748308882319036,1.2214422037680985e-28,0.8428434910693078,0.36618866746319667,0.0011012552532002845,3.484059318173395e-27,1.2101334137857047
7.746428571428571,-1.8433354516568758,-5.807129378226689,1.8433354516568758,5.807129378226689,-2.60267236975605,-3.9222394489554078,0.00515216962798558,-0.0013677774426432364,0.004972549919783742,-0.0006548961341307243,-0.6909257582126106,-0.6748308882319036,1.065568847661318e-28,0.8428434910693078,0.3662010919986697,0.0010888307177274103,3.0394463324207202e-27,1.210133413785705
7.752857142857143,-1.8439318666681956,-5.813001012281131,1.8439318666681956,5.813001012281131,-2.6058593160006076,-3.9259535968610293,0.00514959588411128,-0.0013638890351216266,0.004919840393952119,-0.0006010806138187423,-0.6909257582126106,-0.6748308882319036,9.298953124392497e-29,0.8428434910693078,0.3662107784539835,0.0010791442624133465,2.6524520907006715e-27,1.2101334137857047
7.759285714285714,-1.8445282816795154,-5.818872646335572,1.8445282816795154,5.818872646335572,-2.6090462597469553,-3.929667905489293,0.00515201301322825,-0.0013645246696571852,0.00487779517687263,-0.0005576179375987042,-0.6909257582126106,-0.6748308882319036,8.117700973378975e-29,0.8428434910693078,0.36621769036131757,0.0010722323550793438,2.3155130550884135e-27,1.2101334137857047
7.765714285714286,-1.8451246966908355,-5.824744280390014,1.8451246966908355,5.824744280390014,-2.612233185933658,-3.9333823371746077,0.005159393161044386,-0.001369698102919621,0.004846595956007853,-0.0005247188386605025,-0.6909257582126106,-0.6748308882319036,7.088928197163368e-29,0.8428434910693078,0.3662218067280518,0.0010681159883451073,2.0220673197215086e-27,1.2101334137857045
7.772142857142857,-1.8457211117021552,-5.830615914444456,1.8457211117021552,5.830615914444456,-2.615420079699785,-3.937096853792457,0.005171681497366009,-0.001379406396069868,0.0048263714869687495,-0.0005025486967545059,-0.6909257582126106,-0.6748308882319036,6.192675540432944e-29,0.8428434910693078,0.366223121885324,0.0010668008310728934,1.7664214983182522e-27,1.210133413785705
7.7785714285714285,-1.846317526713475,-5.836487548498898,1.846317526713475,5.836487548498898,-2.6186069264777765,-3.9408114169538004,0.0051887969552546235,-0.001393629443054882,0.004817197339681266,-0.000491226444369408,-0.6909257582126106,-0.6748308882319036,5.411623605868319e-29,0.8428434910693078,0.3662216452071629,0.0010682775092341883,1.543635268390879e-27,1.2101334137857047
7.785,-1.8469139417247948,-5.84235918255334,1.8469139417247948,5.84235918255334,-2.6217937120815846,-3.944525988197786,0.005210633176471235,-0.0014123294923540299,0.004819095953989838,-0.0004908236208393525,-0.6909257582126106,-0.6748308882319036,4.7307418691466033e-29,0.8428434910693078,0.36621740070873443,0.0010725220076625316,1.3494212422973397e-27,1.2101334137857047
7.791428571428571,-1.8475103567361146,-5.8482308166077805,1.8475103567361146,5.8482308166077805,-2.6249804227891897,-3.9482405291815,0.005237059645586646,-0.0014354506776130167,0.004832036995122047,-0.0005013635880168153,-0.6909257582126106,-0.6748308882319036,4.136984327631356e-29,0.8428434910693078,0.3662104265338971,0.001079496182499901,1.1800581416538951e-27,1.2101334137857047
7.797857142857143,-1.8481067717474347,-5.854102450662223,1.8481067717474347,5.854102450662223,-2.628167045418709,-3.9519550018655547,0.005267922992527325,-0.0014629185742907557,0.004855937996717776,-0.0005228209217428652,-0.6909257582126106,-0.6748308882319036,3.619025620469204e-29,0.8428434910693078,0.36620077434382925,0.0010891483725675886,1.032315517423806e-27,1.2101334137857045
7.804285714285714,-1.8487031867587544,-5.859974084716665,1.8487031867587544,5.859974084716665,-2.631353567397439,-3.955669368694418,0.005303048441143201,-0.001494639800689923,0.004890665276659882,-0.0005551209935902126,-0.6909257582126106,-0.6748308882319036,3.167032267130406e-29,0.8428434910693078,0.3661885086198129,0.0011014140965841164,9.033884887782045e-28,1.210133413785705
7.810714285714286,-1.8492996017700742,-5.865845718771107,1.8492996017700742,5.865845718771107,-2.6345399768233104,-3.9593835927705197,0.005342241379900024,-0.001530501682423616,0.004936035109087558,-0.0005981397572705947,-0.6909257582126106,-0.6748308882319036,2.772464374443017e-29,0.8428434910693078,0.3661737058941277,0.001116216822269282,7.908411743023775e-28,1.210133413785705
7.817142857142857,-1.849896016781394,-5.871717352825549,1.849896016781394,5.871717352825549,-2.6377262625184006,-3.9630976380212752,0.005385289029517281,-0.0015703719996960808,0.0049918151340858355,-0.0006517037536256379,-0.6909257582126106,-0.6748308882319036,2.4279037729317897e-29,0.8428434910693078,0.36615645392376395,0.0011334687926330823,6.925576632992686e-28,1.210133413785705
7.823571428571428,-1.8504924317927138,-5.87758898687999,1.8504924317927138,5.87758898687999,-2.6409124140742715,-3.9668114693583063,0.005431962181944614,-0.0016140988364853738,0.005057725985486271,-0.0007155903473544677,-0.6909257582126106,-0.6748308882319036,2.1269050742168153e-29,0.8428434910693078,0.3661368508218787,0.0011530718945183377,6.0669952636672555e-28,1.2101334137857047
7.83,-1.8510888468040338,-5.883460620934432,1.8510888468040338,5.883460620934432,-2.6440984218890673,-3.970525052828258,0.00548201698491698,-0.0016615105499856054,0.005133443116165763,-0.0007895282074008417,-0.6909257582126106,-0.6748308882319036,1.8638666027454765e-29,0.8428434910693078,0.3661150041619727,0.0011749185544243299,5.316689960568393e-28,1.2101334137857047
7.836428571428571,-1.8516852618153536,-5.889332254988873,1.8516852618153536,5.889332254988873,-2.6472842771964618,-3.9742383557547662,0.005535196746881307,-0.001712415877405663,0.005218598799848025,-0.0008731980414115228,-0.6909257582126106,-0.6748308882319036,1.6339185564546285e-29,0.8428434910693078,0.366091030069377,0.0011988926470200192,4.660770628957408e-28,1.2101334137857047
7.8428571428571425,-1.8522816768266734,-5.895203889043316,1.8522816768266734,5.895203889043316,-2.650469972086666,-3.977951346871223,0.0055912337380285585,-0.001766604195551984,0.005312784288274196,-0.0009662335928316472,-0.6909257582126106,-0.6748308882319036,1.4328260999014158e-29,0.8428434910693078,0.36606505231401754,0.0012248704023792812,4.08715831576794e-28,1.2101334137857047
7.849285714285714,-1.8528780918379932,-5.901075523097758,1.8528780918379932,5.901075523097758,-2.6536554995198545,-3.9816639964441363,0.005649850964741581,-0.0018238459463403292,0.005415552102928429,-0.0010682229068903417,-0.6909257582126106,-0.6748308882319036,1.256905396850833e-29,0.8428434910693078,0.3660372014174099,0.0012527212989870379,3.5853456870321882e-28,1.2101334137857047
7.855714285714286,-1.8534745068493133,-5.906947157152199,1.8534745068493133,5.906947157152199,-2.656840853332488,-3.9853762763869858,0.005710763896527342,-0.0018838932390456567,0.005526418441085877,-0.0011787098694655365,-0.6909257582126106,-0.6748308882319036,1.1029508530872726e-29,0.8428434910693078,0.36600761378572,0.0012823089306769155,3.1461894870639923e-28,1.2101334137857047
7.862142857142857,-1.8540709218606328,-5.91281879120664,1.8540709218606328,5.91281879120664,-2.6600260282371035,-3.9890881603645734,0.005773682127060143,-0.001946480636883814,0.0056448656769930135,-0.0012971960197935368,-0.6909257582126106,-0.6748308882319036,9.681720696107206e-30,0.8428434910693078,0.36597643087911913,0.0013134918372778713,2.7617307001044415e-28,1.210133413785705
7.868571428571428,-1.8546673368719528,-5.918690425261083,1.8546673368719528,5.918690425261083,-2.6632110198162495,-3.9927996238879664,0.005838310953326969,-0.0020113261326943376,0.005770344940111368,-0.001423142635407828,-0.6909257582126106,-0.6748308882319036,8.501392056521451e-30,0.8428434910693078,0.36594379842618313,0.0013461242902139126,2.425038703671362e-28,1.210133413785705
7.875,-1.8552637518832726,-5.924562059315525,1.8552637518832726,5.924562059315525,-2.6663958245112944,-3.996510644400198,0.005904352860022922,-0.0020781323147941173,0.005902278753927086,-0.001555973084343457,-0.6909257582126106,-0.6748308882319036,7.467356241890004e-30,0.8428434910693078,0.3659098656901289,0.0013800570262680382,2.1300761971558432e-28,1.2101334137857047
7.881428571428572,-1.8558601668945924,-5.930433693369967,1.8558601668945924,5.930433693369967,-2.669580439606901,-4.000221201352966,0.005971508899306943,-0.0021465877207166684,0.006040063720423196,-0.0016950754366583303,-0.6909257582126106,-0.6748308882319036,6.561168430604371e-30,0.8428434910693078,0.36587478479185526,0.0014151379245418132,1.871582118391834e-28,1.2101334137857047
7.8878571428571425,-1.8564565819059122,-5.936305327424408,1.8564565819059122,5.936305327424408,-2.6727648632119805,-4.003931276274605,0.00603947995924228,-0.0022163683729567968,0.006183073237085909,-0.001839805324137179,-0.6909257582126106,-0.6748308882319036,5.76674945425657e-30,0.8428434910693078,0.3658387100927857,0.001451212623611156,1.6449701336970426e-28,1.2101334137857045
7.894285714285714,-1.8570529969172322,-5.94217696147885,1.8570529969172322,5.94217696147885,-2.6759490942379536,-4.007640852829631,0.006107967917654065,-0.002287139487108253,0.006330660235272028,-0.0019894890337575563,-0.6909257582126106,-0.6748308882319036,5.070077167099642e-30,0.8428434910693078,0.36580179763843734,0.001488125077959613,1.4462406104640475e-28,1.2101334137857045
7.900714285714286,-1.857649411928552,-5.948048595533292,1.857649411928552,5.948048595533292,-2.679133132375121,-4.011349916870201,0.006176676681070966,-0.0023585573396139796,0.006482159930487003,-0.0021434268177105455,-0.6909257582126106,-0.6748308882319036,4.458918735423935e-30,0.8428434910693078,0.3657642046618666,0.001525718054530358,1.271904262044096e-28,1.210133413785705
7.907142857142857,-1.8582458269398718,-5.953920229587733,1.8582458269398718,5.953920229587733,-2.6823169780679295,-4.015058456479783,0.006245313111886567,-0.00243027127865808,0.006636892577200428,-0.002300896399520345,-0.6909257582126106,-0.6748308882319036,3.9225983553670605e-30,0.8428434910693078,0.36572608914405913,0.0015638335723378019,1.118915898206748e-28,1.2101334137857047
7.913571428571428,-1.8588422419511916,-5.959791863642176,1.8588422419511916,5.959791863642176,-2.685500632489854,-4.01876646200936,0.006313587849385347,-0.0025019258591099966,0.006794166222360228,-0.002461156653488716,-0.6909257582126106,-0.6748308882319036,3.45179564700026e-30,0.8428434910693078,0.3656876094268513,0.0016023132895457508,9.846169254238795e-29,1.210133413785705
7.92,-1.8594386569625114,-5.965663497696617,1.8594386569625114,5.965663497696617,-2.688684097518545,-4.022473926106434,0.006381216033239263,-0.0025731630793768496,0.006953279453594963,-0.0026234514319702106,-0.6909257582126106,-0.6748308882319036,3.0383706135872898e-30,0.8428434910693078,0.3656489238722187,0.0016409988441783052,8.666854241516058e-29,1.210133413785705
7.926428571428572,-1.8600350719738314,-5.971535131751059,1.8600350719738314,5.971535131751059,-2.691867375711821,-4.026180843737062,0.006447917940211035,-0.002643624695888667,0.007113524139436294,-0.002787013513051794,-0.6909257582126106,-0.6748308882319036,2.6752116097813493e-30,0.8428434910693078,0.3656101905605518,0.0016797321558453264,7.63092788613188e-29,1.2101334137857052
7.932857142857142,-1.8606314869851512,-5.977406765805501,1.8606314869851512,5.977406765805501,-2.6950504702849636,-4.029887212201109,0.006513419546788945,-0.002712954588992574,0.007274188160156592,-0.0029510686394119672,-0.6909257582126106,-0.6748308882319036,2.3561032430181422e-30,0.8428434910693078,0.3655715670194069,0.0017183556969899412,6.720660516906544e-29,1.2101334137857047
7.939285714285714,-1.861227901996471,-5.983278399859943,1.861227901996471,5.983278399859943,-2.6982333850896842,-4.033593031140847,0.0065774530320398044,-0.0027808011525872174,0.007434558128829135,-0.003114839617738019,-0.6909257582126106,-0.6748308882319036,2.0756115480950738e-30,0.8428434910693078,0.36553320997337385,0.0017567127430230714,5.92055136155634e-29,1.2101334137857045
7.945714285714286,-1.8618243170077908,-5.989150033914385,1.8618243170077908,5.989150033914385,-2.701416124595,-4.037298302542949,0.006639757235930429,-0.002846819679018273,0.0075939221028550625,-0.0032775504472268243,-0.6909257582126106,-0.6748308882319036,1.8289841344693746e-30,0.8428434910693078,0.3654952751052203,0.0017946476111766632,5.217043760566134e-29,1.2101334137857047
7.952142857142857,-1.8624207320191108,-5.995021667968826,1.8624207320191108,5.995021667968826,-2.7045986938701434,-4.041003030733875,0.006700078089048496,-0.0029106747103256215,0.007751572286672699,-0.0034384304451104465,-0.6909257582126106,-0.6748308882319036,1.612063316733391e-30,0.8428434910693078,0.365457916818181,0.0018320058982159628,4.5982774079170716e-29,1.2101334137857047
7.958571428571428,-1.8630171470304306,-6.000893302023268,1.8630171470304306,6.000893302023268,-2.707781098569503,-4.044707222368592,0.00675816902965328,-0.002972042327190605,0.007906807726396892,-0.0035967183371773412,-0.6909257582126106,-0.6748308882319036,1.4212105074026094e-30,0.8428434910693078,0.36542128798938683,0.001868634727010167,4.053872710503038e-29,1.210133413785705
7.965,-1.8636135620417504,-6.00676493607771,1.8636135620417504,6.00676493607771,-2.7109633449194765,-4.048410886412469,0.006813791423634311,-0.0030306123476511347,0.008058936996955864,-0.003751666281625051,-0.6909257582126106,-0.6748308882319036,1.253240383342872e-30,0.8428434910693078,0.3653855397047717,0.0019043830116251901,3.574743020484691e-29,1.2101334137857047
7.9714285714285715,-1.8642099770530702,-6.012636570132152,1.8642099770530702,6.012636570132152,-2.7141454397069906,-4.052114034116164,0.00686671500203778,-0.003086090408953811,0.008207280881746206,-0.0039025437954632106,-0.6909257582126106,-0.6748308882319036,1.1053635377243594e-30,0.8428434910693078,0.3653508209664961,0.0019391017499009486,3.1529310669773686e-29,1.2101334137857047
7.977857142857142,-1.86480639206439,-6.018508204186593,1.86480639206439,6.018508204186593,-2.7173273902693498,-4.055816678983252,0.006916718329532251,-0.0031381999076472177,0.008351175044048668,-0.004048641553922921,-0.6909257582126106,-0.6748308882319036,9.751365026259174e-31,0.8428434910693078,0.3653172783648412,0.001972644351555631,2.7814664076377455e-29,1.2101334137857047
7.984285714285714,-1.8654028070757098,-6.024379838241035,1.8654028070757098,6.024379838241035,-2.7205092044849697,-4.059518836730313,0.006963589315324223,-0.0031866837754084797,0.00848997268830725,-0.004189275035112935,-0.6909257582126106,-0.6748308882319036,8.60418177001785e-31,0.8428434910693078,0.3652850557078049,0.002004867008592058,2.4542411473998092e-29,1.210133413785705
7.990714285714286,-1.8659992220870298,-6.030251472295477,1.8659992220870298,6.030251472295477,-2.7236908907644626,-4.063220525239136,0.007007125776087684,-0.0032313060705455106,0.008623047208177331,-0.004323787984041584,-0.6909257582126106,-0.6748308882319036,7.593318239484741e-31,0.8428434910693078,0.3652542936029387,0.002035629113458244,2.1659015401930397e-29,1.2101334137857047
7.997142857142857,-1.8665956370983496,-6.036123106349919,1.8665956370983496,6.036123106349919,-2.726872458041489,-4.066921764500722,0.0070471360577588375,-0.0032718533684955825,0.008749794816580414,-0.0044515556727641546,-0.6909257582126106,-0.6748308882319036,6.702319127519854e-31,0.8428434910693078,0.36522512898775783,0.002064793728639108,1.9117534075990855e-29,1.2101334137857047
8.003571428571428,-1.8671920521096694,-6.04199474040436,1.8671920521096694,6.04199474040436,-2.730053915762725,-4.070622576550738,0.007083439720643346,-0.0033081359376132395,0.008869637151527741,-0.004571987935788911,-0.6909257582126106,-0.6748308882319036,5.916751776143947e-31,0.8428434910693078,0.36519769460663193,0.0020922281097651026,1.6876795833801932e-29,1.2101334137857047
8.01,-1.8677884671209892,-6.047866374458803,1.8677884671209892,6.047866374458803,-2.733235273876276,-4.0743229853960825,0.007115868289134037,-0.0033399886904376497,0.008982023849552387,-0.0046845319630228624,-0.6909257582126106,-0.6748308882319036,5.223953481939567e-31,0.8428434910693078,0.365172118434101,0.002117804282295993,1.490067830174685e-29,1.2101334137857045
8.016428571428571,-1.868384882132309,-6.053738008513244,1.868384882132309,6.053738008513244,-2.736416542817837,-4.078023016932265,0.007144266064483116,-0.003367271904171485,0.009086435076864102,-0.004788674835461016,-0.6909257582126106,-0.6748308882319036,4.612810790715996e-31,0.8428434910693078,0.3651485230464035,0.0021413996699934795,1.3157478799079931e-29,1.2101334137857047
8.022857142857143,-1.8689812971436288,-6.059609642567686,1.8689812971436288,6.059609642567686,-2.739597733493937,-4.081722698851343,0.007168490996029968,-0.003389871707905171,0.009182384006521268,-0.004883945792000514,-0.6909257582126106,-0.6748308882319036,4.0735666746710215e-31,0.8428434910693078,0.3651270249449464,0.002162897771450408,1.1619364268567255e-29,1.2101334137857045
8.029285714285715,-1.8695777121549488,-6.065481276622129,1.8695777121549488,6.065481276622129,-2.7427788572616048,-4.085422060540213,0.0071884156031537996,-0.0034077003380812,0.00926941922807612,-0.004969918219141787,-0.6909257582126106,-0.6748308882319036,3.597652023316039e-31,0.8428434910693078,0.365107733837442,0.0021821888789550488,1.0261890557135296e-29,1.2101334137857047
8.035714285714285,-1.8701741271662684,-6.071352910676569,1.8701741271662684,6.071352910676569,-2.7459599259038616,-4.089121132969133,0.007203927937594483,-0.0034206961670696485,0.00934712707464553,-0.00504621135828089,-0.6909257582126106,-0.6748308882319036,3.177538345275503e-31,0.8428434910693078,0.36509075188409806,0.0021991708322988334,9.063582198240942e-30,1.2101334137857047
8.042142857142856,-1.8707705421775882,-6.077224544731011,1.8707705421775882,6.077224544731011,-2.749140951600513,-4.092819948570442,0.007214932572772725,-0.00342882351368225,0.009415133850688732,-0.005112491728823257,-0.6909257582126106,-0.6748308882319036,2.8066089811191374e-31,0.8428434910693078,0.36507617291815253,0.0022137497982444724,8.005564996819214e-30,1.210133413785705
8.048571428571428,-1.871366957188908,-6.083096178785453,1.871366957188908,6.083096178785453,-2.75232194689378,-4.0965185411075415,0.007221351604666367,-0.003432072247290077,0.009473107942695387,-0.00516847426797383,-0.6909257582126106,-0.6748308882319036,2.4790464769838222e-31,0.8428434910693078,0.36506408165133575,0.0022258410650612837,7.071244714418248e-30,1.2101334137857045
8.055,-1.8719633722002278,-6.088967812839895,1.8719633722002278,6.088967812839895,-2.7555029246484337,-4.100216945534318,0.007223125646435123,-0.0034304572005500553,0.009520761793827057,-0.005213923191227427,-0.6909257582126106,-0.6748308882319036,2.1897340715405274e-31,0.8428434910693078,0.36505455287633515,0.0022353698400618296,6.246026015431533e-30,1.2101334137857045
8.061428571428571,-1.8725597872115478,-6.094839446894337,1.8725597872115478,6.094839446894337,-2.758683898006204,-4.10391519784532,0.007220214797446275,-0.0034240174081370672,0.0095578537229376,-0.005248652580005008,-0.6909257582126106,-0.6748308882319036,1.9341695118216273e-31,0.8428434910693078,0.36504765067928324,0.002242272037113703,5.517066585066837e-30,1.210133413785705
8.067857142857143,-1.8731562022228676,-6.100711080948779,1.8731562022228676,6.100711080948779,-2.7618648803343437,-4.107613334917106,0.007212599566031734,-0.0034128151911156333,0.009584189567987022,-0.005272526705260572,-0.6909257582126106,-0.6748308882319036,1.7083896416563246e-31,0.8428434910693078,0.3650434276761132,0.002246495040283677,4.873061980411597e-30,1.2101334137857045
8.074285714285715,-1.8737526172341874,-6.1065827150032215,1.8737526172341874,6.1065827150032215,-2.765045885168388,-4.111311394341336,0.0072002817245007235,-0.0033969351083513637,0.00959962413387198,-0.005285460097986577,-0.6909257582126106,-0.6748308882319036,1.508904404823353e-31,0.8428434910693078,0.3650419242871151,0.0022479984292818425,4.3040573415217715e-30,1.2101334137857047
8.080714285714286,-1.8743490322455072,-6.112454349057663,1.8743490322455072,6.112454349057663,-2.7682269261492576,-4.115009414250303,0.0071832850746649905,-0.003376482797471008,0.009604062425038404,-0.005287417379088583,-0.6909257582126106,-0.6748308882319036,1.332639077561197e-31,0.8428434910693078,0.3650431680641808,0.002246754652216131,3.801282581396096e-30,1.2101334137857045
8.087142857142856,-1.8749454472568268,-6.118325983112103,1.8749454472568268,6.118325983112103,-2.7714080169550255,-4.118707433135735,0.007161656102341072,-0.0033515837286984744,0.009597460644066047,-0.005278412862614212,-0.6909257582126106,-0.6748308882319036,1.1768836952190151e-31,0.8428434910693078,0.36504717308507906,0.002242749631317879,3.3570081018126305e-30,1.2101334137857047
8.093571428571428,-1.8755418622681468,-6.124197617166546,1.8755418622681468,6.124197617166546,-2.7745891712277753,-4.122405489661836,0.007135464500018678,-0.0033223818949670338,0.009579826938488132,-0.0052585099471083386,-0.6909257582126106,-0.6748308882319036,1.039248768636061e-31,0.8428434910693078,0.3650539394286365,0.0022359832877605944,2.9644184549961777e-30,1.210133413785705
8.1,-1.8761382772794666,-6.130069251220988,1.8761382772794666,6.130069251220988,-2.77777040249612,-4.1261036224736225,0.007104803538162761,-0.0032890384614270023,0.009551221879738461,-0.005227820310590838,-0.6909257582126106,-0.6748308882319036,9.176264998546101e-32,0.8428434910693078,0.3650634527438841,0.002226469972512917,2.61750169622362e-30,1.210133413785705
8.106428571428571,-1.8767346922907864,-6.13594088527543,1.8767346922907864,6.13594088527543,-2.7809517240940997,-4.129801870001778,0.007069790267340463,-0.003251730396577666,0.009511758659988505,-0.005186502924801014,-0.6909257582126106,-0.6748308882319036,8.101568062443833e-32,0.8428434910693078,0.3650756839251418,0.0022142387912552743,2.3109524561543746e-30,1.210133413785705
8.112857142857143,-1.8773311073021062,-6.141812519329872,1.8773311073021062,6.141812519329872,-2.7841331490772436,-4.133500270265298,0.007030565535511966,-0.0032106491059796277,0.009461602994865455,-0.005134762904270444,-0.6909257582126106,-0.6748308882319036,7.151975489570774e-32,0.8428434910693078,0.3650905889036518,0.0021993338127451146,2.0400870093435407e-30,1.210133413785705
8.119285714285715,-1.877927522313426,-6.147684153384314,1.877927522313426,6.147684153384314,-2.7873146901367223,-4.137198860673308,0.0069872938075740635,-0.0031659990876360816,0.00940097272274972,-0.005072850205293068,-0.6909257582126106,-0.6748308882319036,6.312984375127728e-32,0.8428434910693078,0.36510810856464515,0.002181814151751809,1.8007688318307944e-30,1.2101334137857047
8.125714285714286,-1.8785239373247458,-6.153555787438756,1.8785239373247458,6.153555787438756,-2.7904963595125807,-4.140897677827499,0.006940162776958004,-0.0031179966261667075,0.009330137093951136,-0.005001058189175242,-0.6909257582126106,-0.6748308882319036,5.571781486243336e-32,0.8428434910693078,0.36512816879701293,0.002161753919383904,1.5893433298253856e-30,1.2101334137857047
8.132142857142856,-1.8791203523360656,-6.159427421493197,1.8791203523360656,6.159427421493197,-2.7936781689071037,-4.144596757326663,0.006889382762713501,-0.0030668685401492863,0.009249415746478263,-0.004919722063036095,-0.6909257582126106,-0.6748308882319036,4.91704255415599e-32,0.8428434910693078,0.36515068068047046,0.0021392420359265486,1.4025805871041522e-30,1.210133413785705
8.138571428571428,-1.8797167673473854,-6.165299055547639,1.8797167673473854,6.165299055547639,-2.796860129399434,-4.148296133574877,0.006835185888605833,-0.0030128509945620626,0.009159177367979774,-0.0048292172103202215,-0.6909257582126106,-0.6748308882319036,4.338756139279648e-32,0.8428434910693078,0.3651755408131506,0.0021143819032463903,1.2376251234900654e-30,1.2101334137857047
8.145,-1.8803131823587051,-6.17117068960208,1.8803131823587051,6.17117068960208,-2.8000422513625436,-4.151995839594821,0.006777825044751848,-0.002956188387056715,0.009059838047120239,-0.0047299574216756,-0.6909257582126106,-0.6748308882319036,3.8280689828820734e-32,0.8428434910693078,0.3652026317800456,0.002087290936351397,1.0919517836815373e-30,1.2101334137857047
8.151428571428571,-1.880909597370025,-6.177042323656523,1.880909597370025,6.177042323656523,-2.803224544383713,-4.155695906847795,0.006717572635854562,-0.002897132313882432,0.008951859320884414,-0.004622393035392327,-0.6909257582126106,-0.6748308882319036,3.3771501482049785e-32,0.8428434910693078,0.3652318227604766,0.0020580999559204017,9.633269867266717e-31,1.2101334137857047
8.157857142857143,-1.8815060123813447,-6.182913957710965,1.8815060123813447,6.182913957710965,-2.8064070171896085,-4.159396365061875,0.006654719123836988,-0.002835940618176047,0.008835745927727935,-0.004507008995016339,-0.6909257582126106,-0.6748308882319036,2.9790715947885804e-32,0.8428434910693078,0.36526297027041316,0.0020269524459837237,8.497746637251537e-31,1.2101334137857047
8.164285714285715,-1.8821024273926645,-6.188785591765407,1.8821024273926645,6.188785591765407,-2.809589677577027,-4.163097242069651,0.006589571376481165,-0.0027728765201281303,0.008712043279982193,-0.004384322830077861,-0.6909257582126106,-0.6748308882319036,2.627703128399718e-32,0.8428434910693078,0.3652959190330405,0.0019940036833565058,7.495462965662503e-31,1.2101334137857047
8.170714285714286,-1.8826988424039843,-6.1946572258198485,1.8826988424039843,6.1946572258198485,-2.812772532350302,-4.16679856365688,0.006522450836854586,-0.002708207825839057,0.008581334671853508,-0.004254882564452103,-0.6909257582126106,-0.6748308882319036,2.3176199302371904e-32,0.8428434910693078,0.3653305029689591,0.001959419747437824,6.6109454507945704e-31,1.2101334137857045
8.177142857142856,-1.8832952574153041,-6.200528859874289,1.8832952574153041,6.200528859874289,-2.81595558726629,-4.1705003534233045,0.006453691531943043,-0.002642206208573073,0.008444238242746272,-0.004119264555224202,-0.6909257582126106,-0.6748308882319036,2.0440210980557074e-32,0.8428434910693078,0.3653665462950699,0.0019233764213269565,5.830500153272677e-31,1.2101334137857047
8.183571428571428,-1.883891672426624,-6.206400493928731,1.883891672426624,6.206400493928731,-2.8191388469877428,-4.174202632656761,0.0063836379414213915,-0.002575146553959865,0.008301403718029612,-0.003978071263792847,-0.6909257582126106,-0.6748308882319036,1.8026578318336004e-32,0.8428434910693078,0.3654038647195882,0.0018860579968088156,5.142007788518496e-31,1.2101334137857047
8.19,-1.8844880874379437,-6.212272127983173,1.8844880874379437,6.212272127983173,-2.8223223150457417,-4.177905420221565,0.006312642750378378,-0.002507306358213661,0.008153508952156994,-0.0038319289596571,-0.6909257582126106,-0.6748308882319036,1.589770071686654e-32,0.8428434910693078,0.36544226671875935,0.0018476559976376482,4.534743026635394e-31,1.2101334137857047
8.196428571428571,-1.8850845024492635,-6.218143762037616,1.8850845024492635,6.218143762037616,-2.825505993811768,-4.181608732462025,0.006241064511734809,-0.0024389651667831138,0.008001256301001394,-0.0036814853565041144,-0.6909257582126106,-0.6748308882319036,1.4020305484486945e-32,0.8428434910693078,0.36548155487959655,0.0018083678368004282,3.999214933533523e-31,1.210133413785705
8.202857142857143,-1.8856809174605833,-6.2240153960920575,1.8856809174605833,6.2240153960920575,-2.828689884479797,-4.185312583121772,0.006169265245796697,-0.0023704040393860795,0.007845368852075468,-0.0035274071795274686,-0.6909257582126106,-0.6748308882319036,1.2364953406774252e-32,0.8428434910693078,0.3655215272918285,0.0017683954245683068,3.5270259677435368e-31,1.2101334137857047
8.209285714285715,-1.8862773324719033,-6.229887030146499,1.8862773324719033,6.229887030146499,-2.8318739870586667,-4.189016983279402,0.0060976080055327765,-0.0023019050264091742,0.007686586542687019,-0.003370377662527896,-0.6909257582126106,-0.6748308882319036,1.0905601480221479e-32,0.8428434910693078,0.36556197897146125,0.0017279437449357084,3.11074727900569e-31,1.2101334137857047
8.215714285714286,-1.8868737474832231,-6.235758664200942,1.8868737474832231,6.235758664200942,-2.835058300374822,-4.192721941300803,0.006026454436698033,-0.0022337506412164884,0.007525662196908126,-0.0032110939732819597,-0.6909257582126106,-0.6748308882319036,9.619215920194474e-33,0.8428434910693078,0.3656027032979723,0.0016872194184246326,2.7438083433921517e-31,1.2101334137857045
8.222142857142858,-1.887470162494543,-6.241630298255384,1.887470162494543,6.241630298255384,-2.8382428220853493,-4.196427462808288,0.005956162362002119,-0.0021662233128856806,0.007363357512785028,-0.0030502645659049154,-0.6909257582126106,-0.6748308882319036,8.485429433350667e-33,0.8428434910693078,0.36564349344703084,0.0016464292693661813,2.4203992207645826e-31,1.2101334137857047
8.228571428571428,-1.8880665775058625,-6.247501932309824,1.8880665775058625,6.247501932309824,-2.841427548701074,-4.200133550666549,0.005887083417983047,-0.002099604804397726,0.007200439031155666,-0.0028886064594597243,-0.6909257582126106,-0.6748308882319036,7.48623750853824e-33,0.8428434910693078,0.3656841438009317,0.0016057789154653678,2.1353839383759757e-31,1.2101334137857052
8.235,-1.8886629925171823,-6.2533735663642664,1.8886629925171823,6.2533735663642664,-2.8446124756193334,-4.2038402049852435,0.005819560772181609,-0.0020341755822867636,0.007037674117047005,-0.0027268424429437144,-0.6909257582126106,-0.6748308882319036,6.605729143100249e-33,0.8428434910693078,0.36572445131953346,0.0015654713968635205,1.884223693608219e-31,1.2101334137857045
8.241428571428571,-1.8892594075285023,-6.259245200418708,1.8892594075285023,6.259245200418708,-2.8477975971658798,-4.207547423137806,0.00575392694663427,-0.001970214125180342,0.006875826983729739,-0.0025656982079095723,-0.6909257582126106,-0.6748308882319036,5.829847996317053e-33,0.8428434910693078,0.3657642168554386,0.0015257058609584521,1.6629087328588703e-31,1.2101334137857047
8.247857142857143,-1.889855822539822,-6.26511683447315,1.889855822539822,6.26511683447315,-2.8509829066452523,-4.211255199796036,0.005690501771693608,-0.001907996160458926,0.006715654788273046,-0.0024058994113518315,-0.6909257582126106,-0.6748308882319036,5.146180459971703e-33,0.8428434910693078,0.3658032463983723,0.0014866763180245977,1.467897905748267e-31,1.2101334137857047
8.254285714285714,-1.890452237551142,-6.270988468527592,1.890452237551142,6.270988468527592,-2.854168396398817,-4.214963526979737,0.005629590491554258,-0.0018477938206026123,0.006557903825690851,-0.002248168673214606,-0.6909257582126106,-0.6748308882319036,4.54376756761462e-33,0.8428434910693078,0.36584135223532976,0.0014485704810671763,1.296065016938571e-31,1.2101334137857047
8.260714285714286,-1.8910486525624617,-6.2768601025820345,1.8910486525624617,6.2768601025820345,-2.857354057869572,-4.218672394120644,0.00557148204023632,-0.001789874713108954,0.006403305846945619,-0.0020932225145467607,-0.6909257582126106,-0.6748308882319036,4.012938038456605e-33,0.8428434910693078,0.3658783540146936,0.0014115687017032417,1.1446512046327417e-31,1.2101334137857045
8.267142857142858,-1.8916450675737815,-6.282731736636476,1.8916450675737815,6.282731736636476,-2.8605398816727416,-4.2223817881397006,0.005516447503237233,-0.0017345009009681052,0.006252574523538121,-0.0019417682445331964,-0.6909257582126106,-0.6748308882319036,3.545160076050953e-33,0.8428434910693078,0.3659140797047157,0.0013758430116812903,1.0112226672858964e-31,1.2101334137857047
8.273571428571428,-1.8922414825851013,-6.288603370690916,1.8922414825851013,6.288603370690916,-2.863725857671092,-4.226091693536696,0.005464738777021673,-0.0016819277933173078,0.0061064020791569565,-0.001794500806466794,-0.6909257582126106,-0.6748308882319036,3.132909823856711e-33,0.8428434910693078,0.3659483664386724,0.0013415562777246363,8.936331404519537e-32,1.2101334137857047
8.28,-1.892837897596421,-6.294475004745359,1.892837897596421,6.294475004745359,-2.866911975053892,-4.2298020924911555,0.005416587434578849,-0.0016324029492867259,0.005965456105895591,-0.001652099595064,-0.6909257582126106,-0.6748308882319036,2.769554624433801e-33,0.8428434910693078,0.3659810612414637,0.0013088614749333979,7.899905954390854e-32,1.2101334137857047
8.286428571428571,-1.8934343126077409,-6.300346638799801,1.8934343126077409,6.300346638799801,-2.8700982224183793,-4.233512964973339,0.0053722038017757585,-0.0015861648010133947,0.0058303765798290936,-0.0015152252595317711,-0.6909257582126106,-0.6748308882319036,2.4492494424160664e-33,0.8428434910693078,0.3660120216346314,0.0012779010817656079,6.986276922781982e-32,1.2101334137857047
8.292857142857143,-1.8940307276190607,-6.306218272854243,1.8940307276190607,6.306218272854243,-2.873284587852635,-4.237224288864174,0.00533177624552084,-0.00154344130490747,0.005701773087814621,-0.001384516508867179,-0.6909257582126106,-0.6748308882319036,2.1668449975493946e-33,0.8428434910693078,0.3660411161191178,0.001248806597279031,6.180755725637426e-32,1.2101334137857045
8.299285714285714,-1.8946271426303805,-6.312089906908685,1.8946271426303805,6.312089906908685,-2.8764710590187637,-4.240936040082916,0.005295470670959481,-0.0015044485333621934,0.005580222274310057,-0.001260586937898783,-0.6909257582126106,-0.6748308882319036,1.9178063169634892e-33,0.8428434910693078,0.3660682245374669,0.001221698178930039,5.470406241473549e-32,1.210133413785705
8.305714285714286,-1.8952235576417003,-6.317961540963127,1.8952235576417003,6.317961540963127,-2.879657623235333,-4.244648192721343,0.0052634302217446005,-0.0014693892216393353,0.005466265514367226,-0.0011440218941935454,-0.6909257582126106,-0.6748308882319036,1.6981405589230895e-33,0.8428434910693078,0.36609323831919316,0.0011966843972037377,4.843838904398686e-32,1.2101334137857047
8.312142857142858,-1.89581997265302,-6.323833175017569,1.89581997265302,6.323833175017569,-2.882844267558094,-4.248360719183321,0.005235775173770774,-0.0014384512874970029,0.005360406815840236,-0.001035375407697799,-0.6909257582126106,-0.6748308882319036,1.504333086045372e-33,0.8428434910693078,0.36611606061533297,0.0011738621010639427,4.2910283290972066e-32,1.2101334137857047
8.318571428571428,-1.8964163876643398,-6.32970480907201,1.8964163876643398,6.32970480907201,-2.886030978858082,-4.25207359032862,0.005212603010214386,-0.0014118063429919114,0.005263110951578855,-0.0009351672060536026,-0.6909257582126106,-0.6748308882319036,1.3332908771894278e-33,0.8428434910693078,0.3661366063298114,0.0011533163865857234,3.803151870607358e-32,1.210133413785705
8.325,-1.8970128026756596,-6.335576443126452,1.8970128026756596,6.335576443126452,-2.889217743896314,-4.255786775619909,0.0051939886627810645,-0.0013896082199484259,0.005174801819673884,-0.0008438798396489048,-0.6909257582126106,-0.6748308882319036,1.1822924655096826e-33,0.8428434910693078,0.3661548020570947,0.0011351206593022932,3.3724468018156695e-32,1.210133413785705
8.331428571428571,-1.8976092176869794,-6.341448077180893,1.8976092176869794,6.341448077180893,-2.892404549394378,-4.259500243271944,0.005179984902060452,-0.0013719915317994857,0.005095861027823396,-0.0007619559409758926,-0.6909257582126106,-0.6748308882319036,1.0489436775611733e-33,0.8428434910693078,0.36617058593685825,0.001119336779538705,2.9920840406675657e-32,1.210133413785705
8.337857142857143,-1.8982056326982992,-6.347319711235336,1.8982056326982992,6.347319711235336,-2.895591382100387,-4.263213960402048,0.005170622858084634,-0.0013590702954509352,0.00502662669596851,-0.000689795643145742,-0.6909257582126106,-0.6748308882319036,9.311385260667775e-34,0.8428434910693078,0.3661839074375075,0.001106015278889433,2.656056580614539e-32,1.2101334137857047
8.344285714285714,-1.898802047709619,-6.353191345289778,1.898802047709619,6.353191345289778,-2.898778228849862,-4.266927893181083,0.005165912650897036,-0.0013509366371942057,0.004967392469730672,-0.0006277541822107313,-0.6909257582126106,-0.6748308882319036,8.270246783135398e-34,0.8428434910693078,0.36619472708117773,0.0010951956352192676,2.359080975515804e-32,1.210133413785705
8.350714285714286,-1.899398462720939,-6.35906297934422,1.899398462720939,6.35906297934422,-2.9019650766212606,-4.2706420069842,0.005165844110253461,-0.0013476596065622832,0.004918406736060988,-0.0005761397074111034,-0.6909257582126106,-0.6748308882319036,7.349729841385631e-34,0.8428434910693078,0.3662030161232336,0.001086906593163384,2.0965104069391154e-32,1.2101334137857047
8.357142857142858,-1.8999948777322588,-6.3649346133986615,1.8999948777322588,6.3649346133986615,-2.9051519125860192,-4.274356266540783,0.005170387563275231,-0.0013492841213171346,0.0048798720315020045,-0.0005352113223809882,-0.6909257582126106,-0.6748308882319036,6.535506029446273e-34,0.8428434910693078,0.36620875619941995,0.0010811665169770514,1.8642580199813885e-32,1.2101334137857047
8.363571428571428,-1.9005912927435784,-6.370806247453102,1.9005912927435784,6.370806247453102,-2.9083387241530945,-4.278070636083084,0.005179494669193715,-0.0013558300656389825,0.004851944633050231,-0.0005051773790550248,-0.6909257582126106,-0.6748308882319036,5.814973189073098e-34,0.8428434910693078,0.3662119389535655,0.0010779837628315768,1.6587293555060717e-32,1.210133413785705
8.37,-1.9011877077548982,-6.376677881507544,1.9011877077548982,6.376677881507544,-2.9115254990081443,-4.281785079493178,0.005193099281082558,-0.0013672915618218448,0.004834734321333134,-0.0004861940441055045,-0.6909257582126106,-0.6748308882319036,5.177046781230194e-34,0.8428434910693078,0.36621256565818355,0.0010773570582134058,1.4767628338468912e-32,1.2101334137857047
8.376428571428571,-1.901784122766218,-6.382549515561986,1.901784122766218,6.382549515561986,-2.91471222514759,-4.285499560447949,0.005211118315731515,-0.0013836364336605761,0.0048283043060073656,-0.0004783641556251885,-0.6909257582126106,-0.6748308882319036,4.611976214445697e-34,0.8428434910693078,0.36621064683944854,0.001079275876948484,1.315577359102674e-32,1.210133413785705
8.382857142857143,-1.9023805377775378,-6.388421149616429,1.9023805377775378,6.388421149616429,-2.917898890907936,-4.289214042561907,0.005233452614447852,-0.0014048058771680776,0.004832671303697514,-0.00048173638528685014,-0.6909257582126106,-0.6748308882319036,4.111183226285733e-34,0.8428434910693078,0.36620620191690595,0.0010837207994909288,1.1727262154851458e-32,1.2101334137857047
8.389285714285714,-1.9029769527888578,-6.3942927836708705,1.9029769527888578,6.3942927836708705,-2.921085484990811,-4.292928489527748,0.005259987779751843,-0.0014307143511390192,0.0048478057595708465,-0.0004963047182498114,-0.6909257582126106,-0.6748308882319036,3.667119736095222e-34,0.8428434910693078,0.36619925886680876,0.0010906638495882487,1.0460565190117133e-32,1.2101334137857047
8.395714285714286,-1.9035733678001776,-6.400164417725312,1.9035733678001776,6.400164417725312,-2.924271996484277,-4.2966428652545865,0.0052905949751198954,-0.0014612496970773743,0.0048736322045275175,-0.0005220082602771753,-0.6909257582126106,-0.6748308882319036,3.27314287547508e-34,0.8428434910693078,0.36618985391649445,0.0011000687999025618,9.336735700915023e-33,1.2101334137857047
8.402142857142858,-1.9041697828114974,-6.406036051779755,1.9041697828114974,6.406036051779755,-2.9274584148810234,-4.3003571340039155,0.005325131677881204,-0.0014962734940766641,0.004910029741274801,-0.0005587313778821578,-0.6909257582126106,-0.6748308882319036,2.923405161518824e-34,0.8428434910693078,0.36617803127525533,0.0011118914411416088,8.339095263241227e-33,1.2101334137857047
8.40857142857143,-1.9047661978228172,-6.411907685834197,1.9047661978228172,6.411907685834197,-2.930644730094108,-4.30407126052331,0.005363442377899528,-0.001535621650973381,0.004956832653729633,-0.0006063041743056066,-0.6909257582126106,-0.6748308882319036,2.612758008865582e-34,0.8428434910693078,0.36616384290546483,0.0011260798109322368,7.452958807533285e-33,1.210133413785705
8.415,-1.9053626128341368,-6.417779319888637,1.9053626128341368,6.417779319888637,-2.9338309324709226,-4.307785210178,0.005405359217926363,-0.0015791052339200972,0.005013831135736494,-0.0006645033002726545,-0.6909257582126106,-0.6748308882319036,2.336666983449857e-34,0.8428434910693078,0.3661473483355667,0.0011425743808302657,6.665392898371428e-33,1.2101334137857047
8.42142857142857,-1.9059590278454568,-6.4236509539430795,1.9059590278454568,6.4236509539430795,-2.937017012806089,-4.311498949080374,0.00545070257436758,-0.0016265115239187673,0.005080772136482251,-0.0007330530951369844,-0.6909257582126106,-0.6748308882319036,2.091137385256108e-34,0.8428434910693078,0.36612861451464906,0.0011613082017480313,5.965003480263507e-33,1.2101334137857047
8.427857142857142,-1.9065554428567766,-6.429522587997521,1.9065554428567766,6.429522587997521,-2.9402029623539336,-4.315212444217499,0.005499281580200829,-0.001677605295080827,0.005157360321454317,-0.0008116270505053629,-0.6909257582126106,-0.6748308882319036,1.8726489119391703e-34,0.8428434910693078,0.3661077157063408,0.001182207010056025,5.341749528041193e-33,1.2101334137857045
8.434285714285714,-1.9071518578680964,-6.435394222051963,1.9071518578680964,6.435394222051963,-2.9433887728412085,-4.31892566357675,0.005550894594778599,-0.0017321303006155911,0.0052432591492535255,-0.0008998495848870153,-0.6909257582126106,-0.6748308882319036,1.6780983016963933e-34,0.8428434910693078,0.36608473341780967,0.0012051892985872428,4.786779458566867e-33,1.2101334137857047
8.440714285714286,-1.9077482728794162,-6.441265856106405,1.9077482728794162,6.441265856106405,-2.946574436480613,-4.322638576269517,0.005605329627702969,-0.001789810950457118,0.005338092065752004,-0.0009972981149544693,-0.6909257582126106,-0.6748308882319036,1.5047489839745357e-34,0.8428434910693078,0.3660597563580228,0.0012301663583741231,4.292287532026691e-33,1.2101334137857045
8.447142857142858,-1.908344687890736,-6.447137490160848,1.908344687890736,6.447137490160848,-2.949759945985644,-4.326351152653004,0.00566236472669433,-0.0018503541609639139,0.005441443818365709,-0.0011035054056102202,-0.6909257582126106,-0.6748308882319036,1.3501868823420488e-34,0.8428434910693078,0.36603288041765725,0.0012570422987397542,3.851387801431237e-33,1.2101334137857047
8.45357142857143,-1.9089411029020558,-6.453009124215289,1.9089411029020558,6.453009124215289,-2.9529452945871792,-4.33006336444999,0.005721768341176956,-0.0019134513547917357,0.005552861893994834,-0.001217962178687072,-0.6909257582126106,-0.6748308882319036,1.2122816163333474e-34,0.8428434910693078,0.3660042086618732,0.0012857140545238757,3.4580034614063156e-33,1.2101334137857047
8.459999999999999,-1.9095375179133756,-6.458880758269729,1.9095375179133756,6.458880758269729,-2.9561304760521234,-4.333775184866395,0.0057832996752949705,-0.0019787805864095996,0.005671858084990398,-0.0013401199573633172,-0.6909257582126106,-0.6748308882319036,1.0891524399427484e-34,0.8428434910693078,0.3659738513258826,0.0013160713905144,3.106769706700304e-33,1.2101334137857047
8.46642857142857,-1.9101339329246954,-6.464752392324172,1.9101339329246954,6.464752392324172,-2.959315484704316,-4.337486588706385,0.005846709045248515,-0.0020460087670682034,0.005797910187851387,-0.001469394121475974,-0.6909257582126106,-0.6748308882319036,9.791383347083222e-35,0.8428434910693078,0.36594192580250096,0.0013479969138960562,2.7929484398929183e-33,1.210133413785705
8.472857142857142,-1.9107303479360151,-6.470624026378614,1.9107303479360151,6.470624026378614,-2.9625003154477785,-4.341197552484671,0.0059117382567642094,-0.0021147939616233597,0.005930463839506598,-0.0016051671471729858,-0.6909257582126106,-0.6748308882319036,8.807717462530301e-35,0.8428434910693078,0.3659085566102964,0.0013813661061004257,2.512353370202623e-33,1.2101334137857047
8.479285714285714,-1.911326762947335,-6.476495660433056,1.911326762947335,6.476495660433056,-2.9656849637922744,-4.344908054535562,0.005978121018896324,-0.0021847877287988642,0.006068934495809923,-0.0017467920030364618,-0.6909257582126106,-0.6748308882319036,7.927555156888021e-35,0.8428434910693078,0.3658738753307367,0.0014160473856603478,2.2612842237546214e-33,1.210133413785705
8.485714285714286,-1.9119231779586547,-6.482367294487498,1.9119231779586547,6.482367294487498,-2.968869425881007,-4.348618075118251,0.006045583410258959,-0.002255637476233124,0.006212709556393897,-0.0018935956740378963,-0.6909257582126106,-0.6748308882319036,7.13942612392537e-35,0.8428434910693078,0.36583802050284053,0.0014519022135563585,2.0364689429119764e-33,1.2101334137857047
8.492142857142857,-1.9125195929699745,-6.48823892854194,1.9125195929699745,6.48823892854194,-2.9720536985201598,-4.352327596517703,0.006113844413160848,-0.0023269888019319756,0.006361150639097994,-0.0020448827841997156,-0.6909257582126106,-0.6748308882319036,6.433183231441781e-35,0.8428434910693078,0.36580113746429693,0.0014887852521000811,1.8350128906090964e-33,1.2101334137857047
8.498571428571429,-1.9131160079812946,-6.494110562596382,1.9131160079812946,6.494110562596382,-2.975237779209878,-4.356036603140452,0.0061826165300988625,-0.0023984877945522386,0.0065135960061146825,-0.0021999392889264498,-0.6909257582126106,-0.6748308882319036,5.799845952513762e-35,0.8428434910693078,0.365763378128728,0.0015265445876690182,1.654354197273361e-33,1.210133413785705
8.504999999999999,-1.9137124229926141,-6.499982196650823,1.9137124229926141,6.499982196650823,-2.978421666176161,-4.35974508160454,0.006251606495460833,-0.002469783266319693,0.006669363142430148,-0.002358036208382906,-0.6909257582126106,-0.6748308882319036,5.231462687158944e-35,0.8428434910693078,0.3657249006898785,0.0015650220265184989,1.4922244947127006e-33,1.2101334137857047
8.51142857142857,-1.914308838003934,-6.505853830705265,1.914308838003934,6.505853830705265,-2.9816053584030553,-4.363453020822761,0.006320516093363475,-0.002540528894193266,0.006827751485438144,-0.002518433374173046,-0.6909257582126106,-0.6748308882319036,4.72098965359304e-35,0.8428434910693078,0.36568586924482177,0.0016040534715752836,1.3466143750996756e-33,1.210133413785705
8.517857142857142,-1.9149052530152537,-6.5117254647597065,1.9149052530152537,6.5117254647597065,-2.984788855664427,-4.36716041207831,0.006389043090246138,-0.00261038524710905,0.006988045302632661,-0.0026803831627593543,-0.6909257582126106,-0.6748308882319036,4.262184316404151e-35,0.8428434910693078,0.36564645332984247,0.0016434693865543515,1.2157429953825781e-33,1.2101334137857045
8.524285714285714,-1.9155016680265735,-6.517597098814148,1.9155016680265735,6.517597098814148,-2.9879721585545522,-4.370867249091957,0.006456882288032559,-0.00267902167993664,0.007149516711976268,-0.002843134190722237,-0.6909257582126106,-0.6748308882319036,3.849511571441115e-35,0.8428434910693078,0.36560682736454186,0.00168309535185514,1.0980313194713404e-33,1.2101334137857047
8.530714285714286,-1.9160980830378935,-6.523468732868591,1.9160980830378935,6.523468732868591,-2.9911552685166907,-4.3745735280797815,0.006523726700992239,-0.002746118077502909,0.007311428837385142,-0.0030059349486608695,-0.6909257582126106,-0.6748308882319036,3.478061128601567e-35,0.8428434910693078,0.3655671700015263,0.0017227527148706808,9.920785536933513e-34,1.2101334137857047
8.537142857142857,-1.9166944980492133,-6.529340366923033,1.9166944980492133,6.529340366923033,-2.9943381878687845,-4.378279247800565,0.006589268855950627,-0.002811366435638681,0.007473039089024457,-0.003168037352881792,-0.6909257582126106,-0.6748308882319036,3.1434747272219316e-35,0.8428434910693078,0.3655276633813672,0.0017622593350297162,8.966413862065447e-34,1.2101334137857047
8.543571428571429,-1.9172909130605331,-6.535212000977475,1.9172909130605331,6.535212000977475,-2.9975209198254156,-4.381984409591921,0.006653202212635083,-0.0028744722692233054,0.007633602555893271,-0.0033287001960713675,-0.6909257582126106,-0.6748308882319036,2.841881988584969e-35,0.8428434910693078,0.36548849229445135,0.0018014304219457601,8.10615689487537e-34,1.210133413785705
8.55,-1.917887328071853,-6.541083635031917,1.917887328071853,6.541083635031917,-3.000703468515161,-4.38568901739432,0.006715222697320123,-0.0029351558410682407,0.007792375495401801,-0.0034871924808228018,-0.6909257582126106,-0.6748308882319036,2.569843858306752e-35,0.8428434910693078,0.3654498432537556,0.0018400794626413598,7.330203872882102e-34,1.2101334137857047
8.55642857142857,-1.9184837430831725,-6.546955269086357,1.9184837430831725,6.546955269086357,-3.003885838992525,-4.38939307776219,0.006775030339864488,-0.0029931532088354556,0.00794861890233461,-0.003642796622294452,-0.6909257582126106,-0.6748308882319036,2.3243027213370334e-35,0.8428434910693078,0.3654119034846511,0.0018780192317459032,6.629832245174979e-34,1.210133413785705
8.562857142857142,-1.9190801580944925,-6.552826903140799,1.9190801580944925,6.552826903140799,-3.0070680372436716,-4.393096599861401,0.006832331001062898,-0.0030482170906997873,0.008101602137233386,-0.0037948115088408695,-0.6909257582126106,-0.6748308882319036,2.1025383859287395e-35,0.8428434910693078,0.3653748598399542,0.001915062876442691,5.997282109040141e-34,1.210133413785705
8.569285714285714,-1.9196765731058123,-6.558698537195242,1.9196765731058123,6.558698537195242,-3.010250070185261,-4.396799595452499,0.00688683817415327,-0.003100117553973683,0.008250606591979253,-0.003942555412098418,-0.6909257582126106,-0.6748308882319036,1.902129232302849e-35,0.8428434910693078,0.3653388976505181,0.0019510250658789352,5.425645376291349e-34,1.210133413785705
8.575714285714286,-1.920272988117132,-6.564570171249684,1.920272988117132,6.564570171249684,-3.013431945655784,-4.400502078859203,0.0069382748418624724,-0.0031486425337939597,0.008394929368591209,-0.0040853687402360225,-0.6909257582126106,-0.6748308882319036,1.7209179087847457e-35,0.8428434910693078,0.36530419952331405,0.0019857231930828782,4.908767909406613e-34,1.2101334137857047
8.582142857142857,-1.920869403128452,-6.570441805304125,1.920869403128452,6.570441805304125,-3.0166136723989054,-4.404204066921795,0.0069863753677079365,-0.0031935981922074546,0.00853388694538728,-0.004222616630660681,-0.6909257582126106,-0.6748308882319036,1.5569810341590217e-35,0.8428434910693078,0.3652709441007498,0.0020189786156471585,4.441163084175336e-34,1.2101334137857045
8.588571428571429,-1.9214658181397717,-6.576313439358568,1.9214658181397717,6.576313439358568,-3.019795260038429,-4.407905578935199,0.007030887398606281,-0.0032348091301639017,0.008666818803541686,-0.004353691380287965,-0.6909257582126106,-0.6748308882319036,1.4086024316215958e-35,0.8428434910693078,0.3652393047961192,0.0020506179202779092,4.0179354255403896e-34,1.210133413785705
8.595,-1.9220622331510915,-6.58218507341301,1.9220622331510915,6.58218507341301,-3.0229767190446633,-4.411606636571663,0.007071573754067498,-0.00327211846736841,0.008793090985936608,-0.004478014713609084,-0.6909257582126106,-0.6748308882319036,1.2742494778022192e-35,0.8428434910693078,0.36520944852129833,0.0020804741950986214,3.6347131289476493e-34,1.2101334137857047
8.60142857142857,-1.9226586481624113,-6.58805670746745,1.9226586481624113,6.58805670746745,-3.0261580606920937,-4.415307263788173,0.007108214276347277,-0.003305387806485644,0.008912099559734118,-0.004595039890268557,-0.6909257582126106,-0.6748308882319036,1.1525522012356982e-35,0.8428434910693078,0.3651815344234639,0.002108388292933092,3.2875884246499046e-34,1.2101334137857045
8.607857142857142,-1.923255063173731,-6.5939283415218926,1.923255063173731,6.5939283415218926,-3.029339297008415,-4.419007486718863,0.00714060761533349,-0.003334497099490322,0.009023273953889443,-0.004704253655234923,-0.6909257582126106,-0.6748308882319036,1.0422848090840501e-35,0.8428434910693078,0.36515571264806557,0.002134210068331245,2.9730648690638123e-34,1.2101334137857045
8.614285714285714,-1.9238514781850509,-6.599799975576334,1.9238514781850509,6.599799975576334,-3.032520440715146,-4.422707333552849,0.007168572921969301,-0.0033593444347160594,0.009126080143138128,-0.004805178035692381,-0.6909257582126106,-0.6748308882319036,9.423493597453685e-36,0.8428434910693078,0.3651321231453569,0.0021577995710400488,2.6880107579914812e-34,1.2101334137857047
8.620714285714286,-1.9244478931963707,-6.605671609630776,1.9244478931963707,6.605671609630776,-3.035701505160196,-4.4264068343981355,0.007191951424509315,-0.003379845763379281,0.009220023650644574,-0.004897371989415022,-0.6909257582126106,-0.6748308882319036,8.517613328898492e-36,0.8428434910693078,0.3651108945375393,0.002179028178857548,2.4296179531774435e-34,1.2101334137857045
8.627142857142857,-1.9250443082076905,-6.611543243685218,1.9250443082076905,6.611543243685218,-3.038882504242893,-4.430106021132351,0.007210607863064035,-0.0033959345841077736,0.009304652342748982,-0.004980432909818394,-0.6909257582126106,-0.6748308882319036,7.696368780743183e-36,0.8428434910693078,0.36509214306292403,0.002197779653473026,2.1953654980881936e-34,1.210133413785705
8.633571428571429,-1.9256407232190103,-6.617414877739661,1.9256407232190103,6.617414877739661,-3.042063452332146,-4.433804927241265,0.007224431759357149,-0.00340756160328177,0.0093795589906868,-0.005053997992876606,-0.6909257582126106,-0.6748308882319036,6.951815489118476e-36,0.8428434910693078,0.3650759716126402,0.0022139511037568027,1.982987472423369e-34,1.2101334137857047
8.64,-1.9262371382303303,-6.623286511794102,1.9262371382303303,6.623286511794102,-3.0452443641785196,-4.43750358764617,0.0072333385008170594,-0.0034146943877584037,0.00944438357624923,-0.005117745470866907,-0.6909257582126106,-0.6748308882319036,6.27680352340236e-36,0.8428434910693078,0.36506246887410393,0.0022274538422930694,1.7904445992004167e-34,1.2101334137857047
8.64642857142857,-1.9268335532416498,-6.6291581458485425,1.9268335532416498,6.6291581458485425,-3.048425254821144,-4.441202038521361,0.007237270220584606,-0.0034173170249379476,0.009498815320623412,-0.005171395717339736,-0.6909257582126106,-0.6748308882319036,5.66488962213833e-36,0.8428434910693078,0.36505170859394964,0.002238214122447362,1.615899174356634e-34,1.2101334137857047
8.652857142857142,-1.9274299682529696,-6.635029779902985,1.9274299682529696,6.635029779902985,-3.0516061394904685,-4.444900317103046,0.007236196457904388,-0.0034154298031602577,0.009542594418292341,-0.005214712226942541,-0.6909257582126106,-0.6748308882319036,5.110259636460488e-36,0.8428434910693078,0.36504374897136327,0.0022461737450335914,1.4576929378499983e-34,1.2101334137857047
8.659285714285714,-1.9280263832642894,-6.640901413957427,1.9280263832642894,6.640901413957427,-3.0547870335079534,-4.4485984614911525,0.00723011458679497,-0.003409048922960558,0.009575513460982715,-0.005247502472648079,-0.6909257582126106,-0.6748308882319036,4.6076600959415635e-36,0.8428434910693078,0.3650386321906268,0.0022512905257701106,1.3143275481812327e-34,1.2101334137857047
8.665714285714285,-1.9286227982756092,-6.646773048011869,1.9286227982756092,6.646773048011869,-3.057967952183871,-4.452296510445543,0.007219050004118339,-0.0033982062473426715,0.009597418539567895,-0.005269618641847249,-0.6909257582126106,-0.6748308882319036,4.1523378434268924e-36,0.8428434910693078,0.36503638409968403,0.0022535386167128668,1.184447359784463e-34,1.210133413785705
8.672142857142857,-1.9292192132869292,-6.652644682066311,1.9292192132869292,6.652644682066311,-3.061148910714417,-4.455994503178239,0.007203056072319379,-0.003382949096125033,0.009608210015589704,-0.005280958251293139,-0.6909257582126106,-0.6748308882319036,3.739986801665118e-36,0.8428434910693078,0.36503701403894284,0.0022529086774541337,1.0668242358716026e-34,1.2101334137857047
8.678571428571429,-1.929815628298249,-6.658516316120753,1.929815628298249,6.658516316120753,-3.0643299240793547,-4.45969247914329,0.007182213815487562,-0.0033633400868536474,0.009607842957138844,-0.005281464639641171,-0.6909257582126106,-0.6748308882319036,3.366701036393499e-36,0.8428434910693078,0.36504051482240857,0.0022494078939884767,9.603441583476622e-35,1.210133413785705
8.685,-1.9304120433095688,-6.664387950175195,1.9304120433095688,6.664387950175195,-3.0675110069414235,-4.463390477825919,0.0071566313716659785,-0.0033394570215325866,0.009596327237740206,-0.005271127334754867,-0.6909257582126106,-0.6748308882319036,3.028933371252709e-36,0.8428434910693078,0.3650468628705509,0.0022430598458460863,8.639954222775623e-35,1.2101334137857047
8.69142857142857,-1.9310084583208884,-6.670259584229636,1.9310084583208884,6.670259584229636,-3.0706921735487027,-4.467088538532607,0.007126443207946464,-0.0033113928156761384,0.009573727300235877,-0.005249982291618317,-0.6909257582126106,-0.6748308882319036,2.723458890180719e-36,0.8428434910693078,0.3650560184920177,0.0022339042243793364,7.768582252728721e-35,1.2101334137857047
8.697857142857142,-1.9316048733322082,-6.676131218284078,1.9316048733322082,6.676131218284078,-3.0738734376410846,-4.470786700183712,0.007091809108629156,-0.0032792554633604243,0.009540161591159928,-0.005218111995351538,-0.6909257582126106,-0.6748308882319036,2.4473427348089047e-36,0.8428434910693078,0.3650679263089285,0.002221996407468417,6.980954826634648e-35,1.2101334137857047
8.704285714285714,-1.932201288343528,-6.6820028523385195,1.932201288343528,6.6820028523385195,-3.0770548123619292,-4.4744850011101835,0.007052912950383502,-0.003243168029221523,0.009495801674596861,-0.0051756454225709205,-0.6909257582126106,-0.6748308882319036,2.1979116689360723e-36,0.8428434910693078,0.3650825158181372,0.002207406898259818,6.269447177317864e-35,1.2101334137857047
8.710714285714285,-1.932797703354848,-6.687874486392961,1.932797703354848,6.687874486392961,-3.080236310175906,-4.478183478855876,0.007009961281297708,-0.0032032686561872022,0.009440871037405298,-0.005122757853399274,-0.6909257582126106,-0.6748308882319036,1.972728940195437e-36,0.8428434910693078,0.36509970207894626,0.0021902206374507017,5.627108928458989e-35,1.2101334137857047
8.717142857142857,-1.9333941183661678,-6.693746120447404,1.9333941183661678,6.693746120447404,-3.0834179427938873,-4.481882169986847,0.006963181723955587,-0.003159710575415538,0.009375643600972603,-0.00505967052551003,-0.6909257582126106,-0.6748308882319036,1.7695720218142308e-36,0.8428434910693078,0.36511938651563886,0.002170536200758103,5.047600623915269e-35,1.2101334137857047
8.723571428571429,-1.9339905333774876,-6.699617754501846,1.9339905333774876,6.699617754501846,-3.086599721105668,-4.485581109908927,0.006912821224790606,-0.003112662103503145,0.009300441956926296,-0.004986650121149337,-0.6909257582126106,-0.6748308882319036,1.586412865009535e-36,0.8428434910693078,0.36514145782179563,0.0021484648946014434,4.525137420033687e-35,1.210133413785705
8.73,-1.9345869483888074,-6.705489388556288,1.9345869483888074,6.705489388556288,-3.0897816551211257,-4.48928033269473,0.0068591441742911095,-0.0030623066105587523,0.009215635346830302,-0.004904008077740205,-0.6909257582126106,-0.6748308882319036,1.4214003361240986e-36,0.8428434910693078,0.36516579295180684,0.002124129764590203,4.0544390103431424e-35,1.210133413785705
8.736428571428572,-1.9351833634001272,-6.71136102261073,1.9351833634001272,6.71136102261073,-3.092963753920297,-4.492979870921137,0.006802430423992243,-0.003008842442058711,0.009121637407655475,-0.004812099712780979,-0.6909257582126106,-0.6748308882319036,1.2728445520638364e-36,0.8428434910693078,0.3651922581840431,0.0020976645323539226,3.6306849647075334e-35,1.210133413785705
8.742857142857142,-1.935779778411447,-6.71723265666517,1.935779778411447,6.71723265666517,-3.0961460256126965,-4.49667975551812,0.006742973227266558,-0.002952482777021637,0.009018903706409108,-0.0047113231541048815,-0.6909257582126106,-0.6748308882319036,1.139202863527009e-36,0.8428434910693078,0.3652207102393651,0.0020692124770317786,3.2494747676616095e-35,1.2101334137857047
8.749285714285714,-1.9363761934227668,-6.723104290719612,1.9363761934227668,6.723104290719612,-3.0993284773060448,-4.50038001562965,0.006681077131387244,-0.0028934554052467793,0.008907929088467942,-0.004602118067352427,-0.6909257582126106,-0.6748308882319036,1.019067268038053e-36,0.8428434910693078,0.36525099743825207,0.0020389252781449277,2.906791933580153e-35,1.2101334137857047
8.755714285714285,-1.9369726084340866,-6.728975924774055,1.9369726084340866,6.728975924774055,-3.1025111150843996,-4.50408067848724,0.006617055848267372,-0.002832002406974636,0.00878924486480834,-0.004484964173493909,-0.6909257582126106,-0.6748308882319036,9.11153064151223e-37,0.8428434910693078,0.3652829608797728,0.0020069618366240715,2.598971660211814e-35,1.2101334137857047
8.762142857142857,-1.9375690234454064,-6.734847558828497,1.9375690234454064,6.734847558828497,-3.1056939439955586,-4.50778176929655,0.006551230130631307,-0.002768379719584578,0.008663415863681917,-0.004360379550789992,-0.6909257582126106,-0.6748308882319036,8.142885845227925e-37,0.8428434910693078,0.36531643562591065,0.0019734870904863245,2.3226715573694437e-35,1.2101334137857047
8.768571428571429,-1.9381654384567262,-6.740719192882938,1.9381654384567262,6.740719192882938,-3.1088769680474266,-4.511483311137292,0.006483925679305622,-0.0027028565774335836,0.008531037372119398,-0.004228918717139602,-0.6909257582126106,-0.6748308882319036,7.274058690345344e-37,0.8428434910693078,0.3653512518753328,0.0019386708410642547,2.0748450546874686e-35,1.210133413785705
8.775,-1.938761853468046,-6.74659082693738,1.938761853468046,6.74659082693738,-3.112060190212916,-4.515185324876553,0.006415471105624312,-0.0026357148131206276,0.00839273199215624,-0.004091170490935957,-0.6909257582126106,-0.6748308882319036,6.495321599042935e-37,0.8428434910693078,0.3653872361116557,0.0019026866047413536,1.852717151667447e-35,1.2101334137857047
8.781428571428572,-1.9393582684793658,-6.752462460991823,1.9393582684793658,6.752462460991823,-3.1152436124428147,-4.5188878290954655,0.006346195970915074,-0.0025672480108325877,0.008249146435778931,-0.003947755630747775,-0.6909257582126106,-0.6748308882319036,5.797821189207035e-37,0.8428434910693078,0.36542421221244736,0.0018657105039496537,1.653762225245617e-35,1.210133413785705
8.787857142857142,-1.9399546834906856,-6.758334095046263,1.9399546834906856,6.758334095046263,-3.118427235685951,-4.522590840029082,0.006276428922611791,-0.0024977605051733844,0.008100948281414671,-0.0037993242566255305,-0.6909257582126106,-0.6748308882319036,5.173506827360202e-37,0.8428434910693078,0.36546200250665806,0.0018279202097388292,1.4756836552500245e-35,1.2101334137857047
8.794285714285714,-1.9405510985020054,-6.764205729100705,1.9405510985020054,6.764205729100705,-3.1216110599158924,-4.526294371519121,0.0062064959435968615,-0.0024275662220825393,0.007948822713195702,-0.003646553058637573,-0.6909257582126106,-0.6748308882319036,4.615064856984168e-37,0.8428434910693078,0.3655004287699498,0.0017894939464471215,1.3163950668112273e-35,1.2101334137857047
8.800714285714285,-1.9411475135133252,-6.770077363155147,1.9411475135133252,6.770077363155147,-3.1247950841633214,-4.529998434979204,0.0061367187285810455,-0.0023569873614225725,0.007793469262629209,-0.0034901423007955928,-0.6909257582126106,-0.6748308882319036,4.115857912392099e-37,0.8428434910693078,0.36553931314912014,0.0017506095672768028,1.1740030217264725e-35,1.2101334137857047
8.807142857142857,-1.941743928524645,-6.775948997209589,1.941743928524645,6.775948997209589,-3.1279793065532058,-4.533703039372057,0.0060674131977050535,-0.002286352924588246,0.007635598570138948,-0.00333081263172206,-0.6909257582126106,-0.6748308882319036,3.669868824528855e-37,0.8428434910693078,0.3655784790090455,0.0017114437073514454,1.0467910182412209e-35,1.2101334137857047
8.813571428571429,-1.9423403435359647,-6.781820631264031,1.9423403435359647,6.781820631264031,-3.1311637243458246,-4.537408191198142,0.005998888154582145,-0.002215997093507649,0.0074759291820955896,-0.003169301715927331,-0.6909257582126106,-0.6748308882319036,3.2716487052834936e-37,0.8428434910693078,0.3656177516974384,0.001672171018958656,9.332046815940814e-36,1.2101334137857047
8.82,-1.9429367585472848,-6.787692265318474,1.9429367585472848,6.787692265318474,-3.1343483339807117,-4.541113894495052,0.005931444092252374,-0.0021462574711723307,0.00731518439657024,-0.0030063607026839354,-0.6909257582126106,-0.6748308882319036,2.916268861909922e-37,0.8428434910693078,0.3656569592250546,0.0016329634913423868,8.318380462055501e-36,1.2101334137857047
8.826428571428572,-1.9435331735586046,-6.7935638993729155,1.9435331735586046,6.7935638993729155,-3.1375331311225847,-4.544820150847032,0.005865372147351868,-0.0020774731969376444,0.0071540891689587565,-0.0028427505520255032,-0.6909257582126106,-0.6748308882319036,2.5992762458319397e-37,0.8428434910693078,0.3656959328610081,0.0015939898553889121,7.414208453999583e-36,1.2101334137857047
8.832857142857142,-1.9441295885699241,-6.7994355334273555,1.9441295885699241,6.7994355334273555,-3.1407181107083626,-4.548526959403923,0.005800953199532847,-0.002009982952991653,0.00699336708643687,-0.0026792382399698908,-0.6909257582126106,-0.6748308882319036,2.316652181801099e-37,0.8428434910693078,0.36573450764493143,0.001555415071465434,6.608067364175693e-36,1.2101334137857047
8.839285714285714,-1.944726003581244,-6.805307167481798,1.944726003581244,6.805307167481798,-3.1439032669944256,-4.552234316908868,0.005738457109993053,-0.0019441228813780614,0.006833737418017873,-0.002516592867479808,-0.6909257582126106,-0.6748308882319036,2.0647741559837056e-37,0.8428434910693078,0.3657725228197611,0.0015173998966358797,5.889623977459418e-36,1.2101334137857047
8.845714285714285,-1.9453224185925637,-6.81117880153624,1.9453224185925637,6.81117880153624,-3.147088593603334,-4.55594221773408,0.005678142090433367,-0.0018802244332814634,0.00667591224519278,-0.002355581699540773,-0.6909257582126106,-0.6748308882319036,1.840380466861911e-37,0.8428434910693078,0.3658098221905844,0.0014801005258125272,5.2495744298830906e-36,1.2101334137857047
8.852142857142857,-1.9459188336038837,-6.817050435590682,1.9459188336038837,6.817050435590682,-3.150274083569337,-4.559650653924055,0.005620254190993989,-0.0018186121747234545,0.006520593676125195,-0.002196966162682608,-0.6909257582126106,-0.6748308882319036,1.6405375619687724e-37,0.8428434910693078,0.3658462544167783,0.001443668299618624,4.6795510091351134e-36,1.2101334137857047
8.858571428571429,-1.9465152486152035,-6.8229220696451245,1.9465152486152035,6.8229220696451245,-3.1534597293820594,-4.563359615245646,0.005565026893964539,-0.0017596015742564646,0.0063684711450400595,-0.002041497830405664,-0.6909257582126106,-0.6748308882319036,1.4626098981589057e-37,0.8428434910693078,0.36588167324585075,0.0014082494705462457,4.172036154905847e-36,1.210133413785705
8.865,-1.9471116636265233,-6.828793703699566,1.9471116636265233,6.828793703699566,-3.15664552302792,-4.567069089244425,0.005512680798166486,-0.0017034967996982188,0.006220218796954194,-0.0018899144271088528,-0.6909257582126106,-0.6748308882319036,1.3042321740518182e-37,0.8428434910693078,0.36591593769864794,0.0013739850177490502,3.720283228027764e-36,1.210133413785705
8.871428571428572,-1.9477080786378431,-6.834665337754008,1.9477080786378431,6.834665337754008,-3.1598314560289045,-4.570779061306913,0.005463423377869214,-0.0016505885515425986,0.006076492956978313,-0.0017429358815535781,-0.6909257582126106,-0.6748308882319036,1.163283791741359e-37,0.8428434910693078,0.3659489122163163,0.0013410105000807545,3.318243641237252e-36,1.210133413785705
8.877857142857144,-1.948304493649163,-6.84053697180845,1.948304493649163,6.84053697180845,-3.1630175194784913,-4.574489514728238,0.005417448799341892,-0.0016011519609328612,0.005937929682658707,-0.0016012604610505913,-0.6909257582126106,-0.6748308882319036,1.0378654114184143e-37,0.8428434910693078,0.3659804667799458,0.0013094559364510022,2.9604999628701933e-36,1.2101334137857043
8.884285714285713,-1.9489009086604827,-6.846408605862891,1.9489009086604827,6.846408605862891,-3.1662037040746154,-4.578200430784933,0.00537493777795867,-0.0015554445796785597,0.005805142397415722,-0.0014655610171705308,-0.6909257582126106,-0.6748308882319036,9.262774679241181e-38,0.8428434910693078,0.3660104770139916,0.0012794457024054105,2.642204619948998e-36,1.2101334137857047
8.890714285714285,-1.9494973236718025,-6.852280239917333,1.9494973236718025,6.852280239917333,-3.169390000149723,-4.58191178881263,0.005336057459044349,-0.0015137044889726595,0.005678719603050665,-0.0013364813730528512,-0.6909257582126106,-0.6748308882319036,8.270005228838978e-38,0.8428434910693078,0.3660388242844487,0.0012510984319481376,2.3590238401966125e-36,1.2101334137857047
8.897142857142857,-1.9500937386831223,-6.858151873971774,1.9500937386831223,6.858151873971774,-3.172576397698053,-4.585623566288476,0.005300961306481222,-0.0014761485519088574,0.005559222669512871,-0.0012146328810475001,-0.6909257582126106,-0.6748308882319036,7.386773303496895e-38,0.8428434910693078,0.3660653958022627,0.0012245269141342831,2.107086484609285e-36,1.2101334137857047
8.903571428571428,-1.950690153694442,-6.864023508026217,1.950690153694442,6.864023508026217,-3.1757628864004377,-4.589335738918199,0.005269788984248347,-0.0014429708331371986,0.005447183700608605,-0.0011005911779194701,-0.6909257582126106,-0.6748308882319036,6.600964980255846e-38,0.8428434910693078,0.3660900847417503,0.0011998379746467108,1.882937433977102e-36,1.2101334137857047
8.91,-1.951286568705762,-6.869895142080659,1.951286568705762,6.869895142080659,-3.17894945564699,-4.593048280727815,0.0052426662178133195,-0.0014143412064517899,0.0053431034751461,-0.0009948931626783141,-0.6909257582126106,-0.6748308882319036,5.90177630384116e-38,0.8428434910693078,0.36611279038271116,0.0011771323336858084,1.683495204765553e-36,1.210133413785705
8.916428571428572,-1.9518829837170817,-6.875766776135101,1.9518829837170817,6.875766776135101,-3.1821360945581487,-4.596761164159989,0.005219704624286855,-0.001390404168389531,0.005247449464022082,-0.0008980342197788656,-0.6909257582126106,-0.6748308882319036,5.279578443540289e-38,0.8428434910693078,0.3661334182836368,0.0011565044327602136,1.506013482221361e-36,1.2101334137857047
8.922857142857143,-1.9524793987284015,-6.881638410189543,1.9524793987284015,6.881638410189543,-3.185322792004635,-4.600474360175173,0.005201001502581783,-0.0013712778727945655,0.005160653924966712,-0.0008104657077670156,-0.6909257582126106,-0.6748308882319036,4.725795528490758e-38,0.8428434910693078,0.3661518804919286,0.0011380422244682982,1.3480462716475346e-36,1.2101334137857045
8.929285714285713,-1.9530758137397213,-6.887510044243983,1.9530758137397213,6.887510044243983,-3.1885095366269227,-4.604187838357628,0.00518663957757701,-0.0013570533976851795,0.005083112078133719,-0.000732592730332871,-0.6909257582126106,-0.6748308882319036,4.232794162184519e-38,0.8428434910693078,0.36616809579524123,0.0011218269211558474,1.2074163825234066e-36,1.2101334137857047
8.935714285714285,-1.953672228751041,-6.893381678298425,1.953672228751041,6.893381678298425,-3.191696316854875,-4.6079015670264765,0.005176686694859211,-0.0013477942524160365,0.005015180367103742,-0.0006647722038379982,-0.6909257582126106,-0.6748308882319036,3.7937836667671405e-38,0.8428434910693078,0.3661819900163852,0.0011079327000117747,1.0821869743595213e-36,1.210133413785705
8.942142857142857,-1.9542686437623609,-6.899253312352868,1.9542686437623609,6.899253312352868,-3.1948831209282047,-4.611615513351941,0.00517119546588694,-0.0013435361288924705,0.004957174811628694,-0.0006073112316859293,-0.6909257582126106,-0.6748308882319036,3.4027261593713306e-38,0.8428434910693078,0.3661934963520679,0.0010964263643291046,9.706359079392053e-37,1.2101334137857047
8.948571428571428,-1.9548650587736807,-6.90512494640731,1.9548650587736807,6.90512494640731,-3.1980699369184378,-4.615329643476922,0.005170202866032294,-0.001344286897209479,0.004909369459837311,-0.0005604657929103172,-0.6909257582126106,-0.6748308882319036,3.054255614895883e-38,0.8428434910693078,0.3662025557540108,0.0010873669623862232,8.712326605088667e-37,1.210133413785705
8.955,-1.9554614737850005,-6.9109965804617515,1.9554614737850005,6.9109965804617515,-3.2012567527530176,-4.619043922644006,0.005173729791204445,-0.0013500268418550274,0.0048719949493367595,-0.00052443974857457,-0.6909257582126106,-0.6748308882319036,2.743605122638719e-38,0.8428434910693078,0.36620911734881395,0.0010808053675830816,7.826175786289752e-37,1.2101334137857047
8.961428571428572,-1.9560578887963203,-6.916868214516193,1.9560578887963203,6.916868214516193,-3.2044435562421554,-4.622758315327999,0.005181780581410552,-0.001360709131113614,0.004845237188000907,-0.0004993841663772664,-0.6909257582126106,-0.6748308882319036,2.466541596735248e-38,0.8428434910693078,0.36621313889113993,0.0010767838252571324,7.035832574170209e-37,1.210133413785705
8.967857142857143,-1.9566543038076403,-6.922739848570636,1.9566543038076403,6.922739848570636,-3.2076303351089708,-4.626472785373984,0.005194342522281764,-0.0013762605087222716,0.0048292361665613895,-0.00048539696053319674,-0.6909257582126106,-0.6748308882319036,2.2193072523080874e-38,0.8428434910693078,0.3662145872429706,0.001075335473426201,6.330578497650456e-37,1.2101334137857045
8.974285714285713,-1.9572507188189598,-6.928611482625076,1.9572507188189598,6.928611482625076,-3.210817077023379,-4.630187296140843,0.00521138533807308,-0.0013965821933997252,0.00482408491626656,-0.000482522840718002,-0.6909257582126106,-0.6748308882319036,1.9985672100227847e-38,0.8428434910693078,0.36621343886997587,0.0010764838464211134,5.700901236310369e-37,1.2101334137857047
8.980714285714285,-1.9578471338302796,-6.934483116679519,1.9578471338302796,6.934483116679519,-3.214003769640105,-4.633901810650115,0.005232860691529167,-0.001421550969157986,0.004829828625662925,-0.0004907535611821286,-0.6909257582126106,-0.6748308882319036,1.8013626408244942e-38,0.8428434910693078,0.366209680344705,0.0010802423716918966,5.138360995298061e-37,1.2101334137857047
8.987142857142857,-1.9584435488415994,-6.9403547507339605,1.9584435488415994,6.9403547507339605,-3.2171904006410648,-4.637616291739913,0.005258701707920384,-0.0014510204463876269,0.004846463931227686,-0.0005100284581262343,-0.6909257582126106,-0.6748308882319036,1.625068909914128e-38,0.8428434910693078,0.36620330884495245,0.001086613871444557,4.635471138603002e-37,1.2101334137857047
8.993571428571428,-1.9590399638529192,-6.946226384788402,1.9590399638529192,6.946226384788402,-3.2203769577822707,-4.641330702223588,0.005288822541591422,-0.0014848224718940434,0.004873938396768953,-0.0005402352613943235,-0.6909257582126106,-0.6748308882319036,1.4673582239604903e-38,0.8428434910693078,0.3661943326348519,0.001095590081545137,4.185591665446507e-37,1.210133413785705
9.0,-1.9596363788642392,-6.952098018842844,1.9596363788642392,6.952098018842844,-3.223563428945253,-4.645045005052649,0.005323118004331944,-0.001522768664126746,0.004912150196495069,-0.0005812111642223186,-0.6909257582126106,-0.6748308882319036,1.3261663282062243e-38,0.8428434910693078,0.3661827715155023,0.001107151200894687,3.7828342364046534e-37,1.2101334137857047
